path,sha256,bytes
EVIDENCE_FILE_MAP.csv,24046312677787d39d98e6ede427938ff1f047359ded99389df76f05e6c19c99,1299176
figures/figure_1_aurigami_stages.pdf,a5f9de83fc30153275df14c1134b2367736590ab412406b20cf4c80cd8b8affa,19784
figures/figure_1_aurigami_stages.png,c7426c269ae16f6aeb510eb62b817e9b541a0389ca615ce62937ce22bf29435e,110903
figures/figure_1_aurigami_stages.svg,8c604d55cc2ee04e551826432890be5fc1e310bec4bc2f82c0f4c024a8680244,7655
figures/figure_2_fathom_records.pdf,f0df5de367d250b619bccf6a99ee9242c29bd0c42739ce6af0b99e1657b96452,21583
figures/figure_2_fathom_records.png,767f9c04b1498fd89f090be422c440779fca5d515eca47597f7b3d50bdc85a44,152589
figures/figure_2_fathom_records.svg,9d5939ac3c2691c728694ebab9f0f6d72e0237d75084d4dbdbc295128ac4f2bc,6313
figures/figure_3_field_to_semantics.pdf,14f8a408415ec665f5b2562c75574eb0db7403312336f91e34d1b74c3b3e9126,20399
figures/figure_3_field_to_semantics.png,4965e5843a0685698aa844dc90a6749cfc3420f7371ce2b2d8cc95917ae1a243,170861
figures/figure_3_field_to_semantics.svg,b821122980cf06038246c981bd3540b5fd6ce2f19fb3128ea46bc288c86e95d8,4925
figures/figure_4_temporal_coverage.pdf,769c5f8bdddf75fdc0eb2cce56c9c2280cecf1d8ccc7bbc8dc144ec07b0734f6,22545
figures/figure_4_temporal_coverage.png,652d7230a914383396dca669934d649929bda1439673d82267b75bc3a4a3c78f,91564
figures/figure_4_temporal_coverage.svg,73b8c8772ace1645f23209de3d2cdb2f3d49ce63fbd8bbbd40262c0f028e92fc,21945
LICENSE-DATA.md,0da4e3cac801eec4774f55a2455146a5d98250888329c1e2afd3bdba4ecdfc62,1070
LICENSE-MIT.txt,ba2119fa1cbfbb5dea38a7a7978a4baf722c62aae5182804ec21dfcbdd11461a,1104
LICENSES.md,cd80a9f0cc9be3a698db8351feedb6bf6ec48353a10203016ef31195a5403d6a,1847
project/dsn_cohort_c_20260908/03_qualification/sources/felix-contracts/LICENSE,9d56c6bc7277daf3c72b92e8351f375d41a7b54a3efb7769c67b612d961b1a3e,4415
project/dsn_cohort_c_20260908/03_qualification/sources/felix-contracts/LICENSE-FELIX,da56955aa45b615c8ea2bdfa0b053a9b3433276f1e675712a9b7c02025046450,4623
project/dsn_cohort_c_20260908/03_qualification/sources/felix-contracts/src/PriceFeeds/RedStonePriceFeedBase.sol,1beaba7939254a611dd92582628eaeb4cde3613a6353ad1bd8bce170509f1944,5170
project/dsn_cohort_c_20260908/03_qualification/sources/felix-contracts/src/PriceFeeds/WHYPERedStonePriceFeed.sol,de9ede6a22c7686fa6aa2d30757f886035555427fcb2730bf0692acb1f696042,2080
project/journal_manuscript_phase/JOURNAL_V0.4_REVIEWER_SUPPLEMENT/corrections/compound_T2.md,1c8ad5e52577895e3dacdf1dbc5d13db885744889ade1a0730d3fa43eee273ae,4879
project/journal_manuscript_phase/JOURNAL_V0.4_REVIEWER_SUPPLEMENT/corrections/numeric_recovery.md,b0dcea2be5b5ebbdffabafd2f99234dc80464344652a8b1db74dc37b93d0529a,2090
project/journal_manuscript_phase/JOURNAL_V0.4_REVIEWER_SUPPLEMENT/corrections/vesta_review.json,5c6e7d63eada4ff805343bfca74c420f499286f1ce74290c9899db68eb3be43c,2711
project/journal_manuscript_phase/JOURNAL_V0.4_REVIEWER_SUPPLEMENT/corrections/vesta_review.md,d058c6eea995801899ec8765c87947ef6c2b8eb8ebe3c05648940a0f131737e0,2483
project/journal_manuscript_phase/JOURNAL_V0.4_REVIEWER_SUPPLEMENT/coverage_summary.json,ac00b817e6e5e8150691975bb11b06e6624c6b439ef9f1e401103f5b16f22739,18311
project/journal_manuscript_phase/JOURNAL_V0.4_REVIEWER_SUPPLEMENT/deployment_binding_summary/numeric_selection.json,8a9a21c4ca9338a6d3b6c904edad48d95dca62b557da79fa6fe164aa013319af,2858
project/journal_manuscript_phase/JOURNAL_V0.4_REVIEWER_SUPPLEMENT/deployment_binding_summary/README.md,c08b3cfbf4c25c023c136d7242d2c2d79a00fe8efa638c3a61971b27f3eeec83,487
project/journal_manuscript_phase/JOURNAL_V0.4_REVIEWER_SUPPLEMENT/deployment_binding_summary/stateful_identity_matrix.csv,cb5379031c70cd49cfbaa5807169a491918d1e67546c089e3350322fdf696cc7,1476
project/journal_manuscript_phase/JOURNAL_V0.4_REVIEWER_SUPPLEMENT/deployment_binding_summary/stateful_selection.json,39233585934f6a7b789cdda0a5f13d8ade35d1c1a0dc24ef84f14e3faf505e92,2327
project/journal_manuscript_phase/JOURNAL_V0.4_REVIEWER_SUPPLEMENT/deployment_binding_summary/vesta_implementation.json,e7c9eaef8b21245adbbe55aaa415729134b632b469bf3220d5d4f2e41cc64b41,812
project/journal_manuscript_phase/JOURNAL_V0.4_REVIEWER_SUPPLEMENT/evidence_manifest.csv,d1155a0c9f4532e46ba39c21c7b8bb41e763a45c7f965b8a18407499f0c23ddf,34179
project/journal_manuscript_phase/JOURNAL_V0.4_REVIEWER_SUPPLEMENT/excluded_evidence.md,e3f040d7891aa9364166e016a6b3cdb91f25b602f24d32ce69ff83541974b9cc,292
project/journal_manuscript_phase/JOURNAL_V0.4_REVIEWER_SUPPLEMENT/execution_records/AA0.json,2bc23229c3f7bbc8f94bbf589170ced9bd566a8276e4a281953686db1c2378a1,3349
project/journal_manuscript_phase/JOURNAL_V0.4_REVIEWER_SUPPLEMENT/execution_records/AA1.json,200f4de42b1aa45e73b5c9a329de19e24ce9b757734b26ff3e853b12fa3edbcc,1927
project/journal_manuscript_phase/JOURNAL_V0.4_REVIEWER_SUPPLEMENT/execution_records/AA2.json,31c97174949df02c196b4c32e3f5e06152016fd5f737bdf3cd0548721903dc83,1929
project/journal_manuscript_phase/JOURNAL_V0.4_REVIEWER_SUPPLEMENT/execution_records/AA3.json,8915176dd1167b08b0787fef2d6bf24412f962d20d555bc7a3d731976227baa9,2602
project/journal_manuscript_phase/JOURNAL_V0.4_REVIEWER_SUPPLEMENT/execution_records/AA4.json,8aa2eeaea1edc4685fd008ae7490f79ef94af3bcc240dd682c06930a527d68e4,2679
project/journal_manuscript_phase/JOURNAL_V0.4_REVIEWER_SUPPLEMENT/execution_records/AB0.json,fd0f2c31874a33261a1e17ecbe3e10d60448a2c10f0508ec827ad4275e7b08a9,3349
project/journal_manuscript_phase/JOURNAL_V0.4_REVIEWER_SUPPLEMENT/execution_records/AB1.json,c99de53431af940a6ef0360bb2c410630047e3e9240643508df906e5b6923929,1929
project/journal_manuscript_phase/JOURNAL_V0.4_REVIEWER_SUPPLEMENT/execution_records/AB2.json,8e58a7a45937b2f486649e69821368f2d9f5e78e03a03d75c19dc5d88d5f7a1c,3349
project/journal_manuscript_phase/JOURNAL_V0.4_REVIEWER_SUPPLEMENT/execution_records/FA0.json,57d4693268ae1c90ac4bc041fc9b018fa0da06b4c5d5ae2afe028ec7a017451d,4204
project/journal_manuscript_phase/JOURNAL_V0.4_REVIEWER_SUPPLEMENT/execution_records/FA1.json,00ebfad68ccd75fbf932379b71d8c4733da35485a2846f383ce25d0574023fef,378
project/journal_manuscript_phase/JOURNAL_V0.4_REVIEWER_SUPPLEMENT/execution_records/FA2.json,cbc2c393bb742087e4c525a2f714a2e54a9da53593a454fb1a2883d1cb641619,4204
project/journal_manuscript_phase/JOURNAL_V0.4_REVIEWER_SUPPLEMENT/execution_records/FA3.json,db8457b21977a1a241e415d4f82eecd39a644d5d7000c0aed71750b9b958380f,378
project/journal_manuscript_phase/JOURNAL_V0.4_REVIEWER_SUPPLEMENT/execution_records/FB0.json,3b4f7bcde1243f01a0ccdab58b8a28f5af1474eb7ca79027232e83473408a364,4203
project/journal_manuscript_phase/JOURNAL_V0.4_REVIEWER_SUPPLEMENT/execution_records/FB1.json,a863ed21fb64f26a85edcb570fc02fb44983521e6fcc0380dd590042209499f7,4203
project/journal_manuscript_phase/JOURNAL_V0.4_REVIEWER_SUPPLEMENT/execution_records/FB2.json,4ca47c436cc968e2de57dacc9b6e1bd7008d7ccbc0369c9ba1dd4402d22bdd31,378
project/journal_manuscript_phase/JOURNAL_V0.4_REVIEWER_SUPPLEMENT/execution_records/FC0.json,1a497a6ddf772f19f5e30c167c9907ccca7654147961bc1981861c186bad39b1,1763
project/journal_manuscript_phase/JOURNAL_V0.4_REVIEWER_SUPPLEMENT/execution_records/FC1.json,a5b65af102e8c6e01a7480c8bdc9f38e0363dc27da137e65e5521b5884b5fe5c,1763
project/journal_manuscript_phase/JOURNAL_V0.4_REVIEWER_SUPPLEMENT/execution_records/FC2.json,1d2965cb1a2a2121733e31503a23d3e5538a5dedcbafd7dfd77f5435a0b6873a,1947
project/journal_manuscript_phase/JOURNAL_V0.4_REVIEWER_SUPPLEMENT/execution_records/FC3.json,c74f896574dcfaf2c37c47589209f6eb42a98704d3ee653dcee2be74cad50ec2,1951
project/journal_manuscript_phase/JOURNAL_V0.4_REVIEWER_SUPPLEMENT/execution_records/VA0.json,330ed2c83874db03262b4da9c1e0b80d3017c08bd3430a95b5925d72b8688faf,2286
project/journal_manuscript_phase/JOURNAL_V0.4_REVIEWER_SUPPLEMENT/execution_records/VA1.json,39be7cc02e842ddbfc98b0965d5e308bde4aad8624010f6d3db4344d7a4315d3,2283
project/journal_manuscript_phase/JOURNAL_V0.4_REVIEWER_SUPPLEMENT/execution_records/VA2.json,cec1038c09baa224b23f1794550ab98a5ab435fa948e8182c66ff172f22ff43a,2204
project/journal_manuscript_phase/JOURNAL_V0.4_REVIEWER_SUPPLEMENT/execution_records/VA3.json,546f1e4c9ace4fb768d3ba71dbe71b0547075afc231d95ba843566398189dd7a,1627
project/journal_manuscript_phase/JOURNAL_V0.4_REVIEWER_SUPPLEMENT/execution_records/VA4.json,01abb4a61463739d9d268c8a9136f14355593dd4ad264e75c01ffe526cb7c9ae,2860
project/journal_manuscript_phase/JOURNAL_V0.4_REVIEWER_SUPPLEMENT/execution_records/VB0.json,90f127e37ed727110581b455f9b2d86dc649de6af6e4224cd9b220f0f254f487,2286
project/journal_manuscript_phase/JOURNAL_V0.4_REVIEWER_SUPPLEMENT/execution_records/VB1.json,99021f7419bb7729fde1598dd0882047ba9de54ad63c2de13817e580a16e6944,2204
project/journal_manuscript_phase/JOURNAL_V0.4_REVIEWER_SUPPLEMENT/execution_records/VB2.json,4ce3e285feaf9fe9ae912f2e1de0cdd5240171739db13660c56e8b96a40e607b,2860
project/journal_manuscript_phase/JOURNAL_V0.4_REVIEWER_SUPPLEMENT/figure_source_data/counts.json,b15759ec03a6a1f229e5b9536ced180ad85d7767a329576daf4de9768422cc1d,363
project/journal_manuscript_phase/JOURNAL_V0.4_REVIEWER_SUPPLEMENT/figure_source_data/field_contrasts.json,02be89de3f58ba0ffadd7bfc4d95c2b7cfacc331dd5f4e1e200e7c7f1c1ae103,16319
project/journal_manuscript_phase/JOURNAL_V0.4_REVIEWER_SUPPLEMENT/figure_source_data/numeric_observations.csv,03e9067ef1196751c776e360376ed44e890901bfda33573b40ee090e192380ae,7136
project/journal_manuscript_phase/JOURNAL_V0.4_REVIEWER_SUPPLEMENT/figure_source_data/observations.json,6a847164d150c3e3dee878dc4e32b4477b063b34c4802d6e5a58e8e088d3ba0e,36678
project/journal_manuscript_phase/JOURNAL_V0.4_REVIEWER_SUPPLEMENT/figures/figure_1_temporal_coverage.pdf,9ddee046019c5c85d995c226f46f8a16e50026129669e5c0258fadc0d7f73b17,27033
project/journal_manuscript_phase/JOURNAL_V0.4_REVIEWER_SUPPLEMENT/figures/figure_1_temporal_coverage.png,c997730be0d738e9e802790d458ff7302b13d2ca90d3e0989d3a128cd4a5809d,254551
project/journal_manuscript_phase/JOURNAL_V0.4_REVIEWER_SUPPLEMENT/figures/figure_1_temporal_coverage.svg,a75168b11d100f60ad96caaa8d66ef0c287060708e853b76cd5e3296ea6f5a1d,33539
project/journal_manuscript_phase/JOURNAL_V0.4_REVIEWER_SUPPLEMENT/figures/figure_2_observation_contract.pdf,1a3580c71bfce02ab4cacf55f7de1299aa5b8bc0679ec957ca57be134522acb3,23716
project/journal_manuscript_phase/JOURNAL_V0.4_REVIEWER_SUPPLEMENT/figures/figure_2_observation_contract.png,b62afe3ce17437a4aad300385a612c2c1d3eae7bffcfc69e54e2640c08e2429c,319387
project/journal_manuscript_phase/JOURNAL_V0.4_REVIEWER_SUPPLEMENT/figures/figure_2_observation_contract.svg,a2764384170926015cf703a2a97146c40b717b532aa2d6631b1a9d44f623a2d6,8144
project/journal_manuscript_phase/JOURNAL_V0.4_REVIEWER_SUPPLEMENT/figures/figure_3_equal_return_contrasts.pdf,0c18d59104febddecab6a15047c3892c5a3a6667ce79873098705c58f8ad4a7a,24349
project/journal_manuscript_phase/JOURNAL_V0.4_REVIEWER_SUPPLEMENT/figures/figure_3_equal_return_contrasts.png,b992a13f355d0a4facc4c8510ef1ce690ba1f06d5682f12adebe149f2c14e402,276670
project/journal_manuscript_phase/JOURNAL_V0.4_REVIEWER_SUPPLEMENT/figures/figure_3_equal_return_contrasts.svg,2f5e9e81a139898fa9aa516ebb6ed2fa160109ee4a2e8b75c69a5b5f820a9642,11286
project/journal_manuscript_phase/JOURNAL_V0.4_REVIEWER_SUPPLEMENT/figures/figure_4_aurigami_stages.pdf,cf4fc6c24dc2d4a21a4d460628b25a357ed509bc6722d0fd0184246e3efee98b,23096
project/journal_manuscript_phase/JOURNAL_V0.4_REVIEWER_SUPPLEMENT/figures/figure_4_aurigami_stages.png,b762257d5cd940db35ca19d24735390bd9427ad2748ae09f5976aa8808341b99,220406
project/journal_manuscript_phase/JOURNAL_V0.4_REVIEWER_SUPPLEMENT/figures/figure_4_aurigami_stages.svg,4eca24417153473cb0335b6165bfe2e2ce06d4dde2147c444443c9fb4b4a6a1b,9106
project/journal_manuscript_phase/JOURNAL_V0.4_REVIEWER_SUPPLEMENT/g7_condition_results.csv,938c5418b333319597c8b5b89e4c79d1946bd71dba375baa2151990523a713d7,12295
project/journal_manuscript_phase/JOURNAL_V0.4_REVIEWER_SUPPLEMENT/g7_field_to_contrast_table.csv,c92f6dcea9f5dd22052f78b6c17465ba5dc49d198314e3812e10c24a0eb7802f,11292
project/journal_manuscript_phase/JOURNAL_V0.4_REVIEWER_SUPPLEMENT/g7_predeclared_pair_results.csv,25f225bda119d76370a5bcca2d3c72c0e6d38ff10208f7d929e758415763da13,6167
project/journal_manuscript_phase/JOURNAL_V0.4_REVIEWER_SUPPLEMENT/generate_figures.py,a5fabb58ddfc90763719e53593b4035b71d31038fa3a60d646563ca2aac24df4,9032
project/journal_manuscript_phase/JOURNAL_V0.4_REVIEWER_SUPPLEMENT/missingness.md,585de410d15bc46809510cd7ae81e2e0f408d8b3d5fbcc3c34609bd3f9445d22,801
project/journal_manuscript_phase/JOURNAL_V0.4_REVIEWER_SUPPLEMENT/normalized_observations.json,6a847164d150c3e3dee878dc4e32b4477b063b34c4802d6e5a58e8e088d3ba0e,36678
project/journal_manuscript_phase/JOURNAL_V0.4_REVIEWER_SUPPLEMENT/nuisance_controls.md,e58114d2401ec3a6c278adeb56fa425457c4ebfc5cf1dd0d3bb157836b36da6f,581
project/journal_manuscript_phase/JOURNAL_V0.4_REVIEWER_SUPPLEMENT/numeric_observation_table.csv,03e9067ef1196751c776e360376ed44e890901bfda33573b40ee090e192380ae,7136
project/journal_manuscript_phase/JOURNAL_V0.4_REVIEWER_SUPPLEMENT/numeric_records/N01.json,de94bec031ecc7c58bc51635e98779e6e10812287c389e540c92dd71c1d33653,7602
project/journal_manuscript_phase/JOURNAL_V0.4_REVIEWER_SUPPLEMENT/numeric_records/N02.json,680e78cae69a76737fbcaaa16699e7db8f3b74f54d056835b6a91c8861ff9bb6,834
project/journal_manuscript_phase/JOURNAL_V0.4_REVIEWER_SUPPLEMENT/numeric_records/N03.json,34f9562b02166432cc222dc6917fbab7f272b6af229f235e3d353160e99b5c3a,841
project/journal_manuscript_phase/JOURNAL_V0.4_REVIEWER_SUPPLEMENT/numeric_records/N04.json,0645932849560e1b9151f50e165eb3c3715f8330ea0a359c7493ca689bb35cb0,839
project/journal_manuscript_phase/JOURNAL_V0.4_REVIEWER_SUPPLEMENT/numeric_records/N05.json,40a69bc7c7078854c4e3a20ddc6ad530d2e4bcb45701f670213efb4c463431a6,64808
project/journal_manuscript_phase/JOURNAL_V0.4_REVIEWER_SUPPLEMENT/numeric_records/N06.json,a9c3dbc1bc18e21fc6341103f3badb69c3adfcd1370275994b9a72f75b9edc1f,62845
project/journal_manuscript_phase/JOURNAL_V0.4_REVIEWER_SUPPLEMENT/numeric_records/N07.json,a76baac01054117939a0799c9ae25daf6442995daa8a2186b100aed0519c0f48,7602
project/journal_manuscript_phase/JOURNAL_V0.4_REVIEWER_SUPPLEMENT/numeric_records/N08.json,148bb2e7c81746569c550eca5b817ab49fd41bb5beb4078a761d3ab8f6886bd4,834
project/journal_manuscript_phase/JOURNAL_V0.4_REVIEWER_SUPPLEMENT/numeric_records/N09.json,b373eaa18c9bee996cb9a3f2ae7aa94bbf024a002ed71a090aecc048dee7bf18,9489
project/journal_manuscript_phase/JOURNAL_V0.4_REVIEWER_SUPPLEMENT/numeric_records/N10.json,c1ded3f1bfc1963c26c93a5ac9e769c68147847590a4f422571b3549f82667e2,839
project/journal_manuscript_phase/JOURNAL_V0.4_REVIEWER_SUPPLEMENT/numeric_records/N11.json,e6f6eec09f0252a15a090949505b1cab95568ec7370a76f6cc548904de529dc9,56234
project/journal_manuscript_phase/JOURNAL_V0.4_REVIEWER_SUPPLEMENT/numeric_records/N12.json,df4b9a32fae8d18d6131096aa428aba3476ed1785fc8ffb71457e09a008beb7b,54272
project/journal_manuscript_phase/JOURNAL_V0.4_REVIEWER_SUPPLEMENT/numeric_records/N13.json,1d23bc167fe6f67fb0c69ba2280f15466dc21de4c1f65b93a1fe17af731932a4,395541
project/journal_manuscript_phase/JOURNAL_V0.4_REVIEWER_SUPPLEMENT/numeric_records/N14.json,c69dd698e8c51df2db49d50f592634d3e95abbf1995a7d7ce6a67c2db79d14c4,66025
project/journal_manuscript_phase/JOURNAL_V0.4_REVIEWER_SUPPLEMENT/numeric_records/N15.json,1562d54013ed4cc6de166d602e209a3068cd048a29b8109d25c53e2d5ed6880c,85219
project/journal_manuscript_phase/JOURNAL_V0.4_REVIEWER_SUPPLEMENT/numeric_records/N16.json,e98bdc32f07bfc2a915ba5ce0dc09b1e346a636a0bd2c2ff067cbf696931a83c,86384
project/journal_manuscript_phase/JOURNAL_V0.4_REVIEWER_SUPPLEMENT/numeric_records/N17.json,000a00800a7579712e6068e729d81286eab0f79b060c71c86cf9d00eaec4757f,656011
project/journal_manuscript_phase/JOURNAL_V0.4_REVIEWER_SUPPLEMENT/numeric_records/N18.json,aff12365e2dfce3ec46f308710765fd5c68f4a770fed45a2a8a4ddd37c77caf4,653955
project/journal_manuscript_phase/JOURNAL_V0.4_REVIEWER_SUPPLEMENT/partitions/O1_partitions.csv,71e4a03efe13a3f19279927aa6e51b5035223436d569d6737ca90575252639ca,3253
project/journal_manuscript_phase/JOURNAL_V0.4_REVIEWER_SUPPLEMENT/partitions/O2_partitions.csv,2364e5f5cfe024a8769d740ee84e565cd200ed07e62dcc68b5504079fc0e3794,6248
project/journal_manuscript_phase/JOURNAL_V0.4_REVIEWER_SUPPLEMENT/partitions/O3_partitions.csv,092a89452c11c64311add67532e65ad5031ef4c7b5efb7c1f63efbddb3a8bd22,6248
project/journal_manuscript_phase/JOURNAL_V0.4_REVIEWER_SUPPLEMENT/policy_original_results.csv,e41f84d75a076c1101dc1bf4d46241f38b02008a19b5ad97f2336631130db015,8006
project/journal_manuscript_phase/JOURNAL_V0.4_REVIEWER_SUPPLEMENT/policy_records/NE00.json,0f8e41bb28c64471e9a85db8dd9404fbc003e856b6e6d39e2c26946a0691f241,2362
project/journal_manuscript_phase/JOURNAL_V0.4_REVIEWER_SUPPLEMENT/policy_records/NE01.json,17ab038c5f69eb1699ab7e46c0f422b311380ad76bf1be8f4afd34d65b628b79,2370
project/journal_manuscript_phase/JOURNAL_V0.4_REVIEWER_SUPPLEMENT/policy_records/NE02.json,0dce30273056e5d477025a2b375f51506448fade0f5bfa1ecc5f31faec2b70b7,2376
project/journal_manuscript_phase/JOURNAL_V0.4_REVIEWER_SUPPLEMENT/policy_records/NE03.json,488adde2378227c0dba51b1b0f17869a0960ff7a1179493ba086ecddb1ecb1ac,2376
project/journal_manuscript_phase/JOURNAL_V0.4_REVIEWER_SUPPLEMENT/policy_records/NE04.json,5d6b614d49116b65f66abfcdcbee6a5e35a70e10c1a1130dcdb4a1b3e6288043,2370
project/journal_manuscript_phase/JOURNAL_V0.4_REVIEWER_SUPPLEMENT/policy_records/NE05.json,b47442af9aa0e34f5ff228f2ae644d2ae400f42873a5d3da4bfbad1e59f2116e,2376
project/journal_manuscript_phase/JOURNAL_V0.4_REVIEWER_SUPPLEMENT/policy_records/NE06.json,6844aca20d071b9fdb8cdb98a979a9c071552c160b2b9360b8165f65bf96e35b,2376
project/journal_manuscript_phase/JOURNAL_V0.4_REVIEWER_SUPPLEMENT/policy_records/NE07.json,f993420ccdcff690372bf652fbf599b9ec6bf7d0a067b9ab25e09e5707d05dee,2385
project/journal_manuscript_phase/JOURNAL_V0.4_REVIEWER_SUPPLEMENT/policy_records/SF00.json,c5c6580a170d6dc595fc529e6fab5d6fab343d365a61d463da916d1bda745b1e,1696
project/journal_manuscript_phase/JOURNAL_V0.4_REVIEWER_SUPPLEMENT/policy_records/SF01.json,d1906f8ed81934dda5b81a12a472986a9e84c05b1b2eb90ed76ccb6d7c4d866a,1704
project/journal_manuscript_phase/JOURNAL_V0.4_REVIEWER_SUPPLEMENT/policy_records/SF02.json,50858d8913c19987daf3d0a7b3f2cd21c9c9a166caa927e782a52f60a964d178,1704
project/journal_manuscript_phase/JOURNAL_V0.4_REVIEWER_SUPPLEMENT/policy_records/SF03.json,dcf1019814c191264d5413f63ed6fc04d188f4b3791141f49c48532ff1d077e0,2001
project/journal_manuscript_phase/JOURNAL_V0.4_REVIEWER_SUPPLEMENT/policy_records/SF04.json,81790a5e6bbab7c629eb0e9f38bfd66ca7f8cc1d451a503e1966f40be2c91e18,1702
project/journal_manuscript_phase/JOURNAL_V0.4_REVIEWER_SUPPLEMENT/policy_records/SF05.json,0ccd8a290a541b92f2e6eac9986797829c833f1aadf0c2cf091ec0f9f919894b,1702
project/journal_manuscript_phase/JOURNAL_V0.4_REVIEWER_SUPPLEMENT/policy_records/SF06.json,c227c3940c71a61458aabe12bdd2ad153265f3043d3eb5c9f615677969d464f1,1999
project/journal_manuscript_phase/JOURNAL_V0.4_REVIEWER_SUPPLEMENT/policy_records/SF07.json,a8c99b7a1292169f90fd6483a204177b50e2baf6c8e08e002d99806f84704a3d,2008
project/journal_manuscript_phase/JOURNAL_V0.4_REVIEWER_SUPPLEMENT/policy_records/VE00.json,7fa23bd211d9c3ae61df110460988a022a3842dc7731710559bfef4a9ef330f8,2382
project/journal_manuscript_phase/JOURNAL_V0.4_REVIEWER_SUPPLEMENT/policy_records/VE01.json,176e484d0e485429445fe9c12fa857a955caffcc2d546609a397a3831bb0819f,2390
project/journal_manuscript_phase/JOURNAL_V0.4_REVIEWER_SUPPLEMENT/policy_records/VE02.json,4279a5c3383eabb7b0c7bdbbbcfefb67f391b83ef284ce92dee27771ad710fbf,2390
project/journal_manuscript_phase/JOURNAL_V0.4_REVIEWER_SUPPLEMENT/policy_records/VE03.json,2966bb099dced3601c77858486212baac50b7e9b85ccbda6835ee4f166867c44,2420
project/journal_manuscript_phase/JOURNAL_V0.4_REVIEWER_SUPPLEMENT/policy_records/VE04.json,ac452f7e3db536a30f59a684e2af0b72cf884436eec89638fa1d68f54df854f6,2390
project/journal_manuscript_phase/JOURNAL_V0.4_REVIEWER_SUPPLEMENT/policy_records/VE05.json,8c2fa80d55c1a25ef9b8f121b9a4f45c4a50ae935e4c1b96cb5ed43bfedeb0f7,2390
project/journal_manuscript_phase/JOURNAL_V0.4_REVIEWER_SUPPLEMENT/policy_records/VE06.json,f3c6ce1ef800b89d860adb4dd436dd0aaac93fe4e0a7d818b3e3510fd02f5740,2412
project/journal_manuscript_phase/JOURNAL_V0.4_REVIEWER_SUPPLEMENT/policy_records/VE07.json,872614a392cf3f5b688be7c7012857bc5981891edf83ab8bb9fa42251669b6e9,2422
project/journal_manuscript_phase/JOURNAL_V0.4_REVIEWER_SUPPLEMENT/policy_records/VE08.json,7da2bb35b42ee5792c7913a2d115de9284071fb75f7e2e020735a38af1a2f49b,2415
project/journal_manuscript_phase/JOURNAL_V0.4_REVIEWER_SUPPLEMENT/policy_records/VE09.json,5579fa8d6afd51b860188ae2b00713572e384c7e0f1579898150f2914a6ac935,2417
project/journal_manuscript_phase/JOURNAL_V0.4_REVIEWER_SUPPLEMENT/policy_records/VE10.json,cda804265c2bdef9334d94b95abda40b826816fda8d58ed8d6555b475ea42813,7608
project/journal_manuscript_phase/JOURNAL_V0.4_REVIEWER_SUPPLEMENT/policy_records/VE11.json,7c3ea9d7859754acf771efb191b1f7e7e9f87d971d38ef0a8e81d1d2b6a4690d,2423
project/journal_manuscript_phase/JOURNAL_V0.4_REVIEWER_SUPPLEMENT/protocol_and_reference_summary/condition_matrix.csv,b9761a9f9673db8f19ad32ad848938acc1956e69da753c5136ef5fe14fe6ad54,8214
project/journal_manuscript_phase/JOURNAL_V0.4_REVIEWER_SUPPLEMENT/protocol_and_reference_summary/earlier_policy_matrix.json,35e131017d493deb3e20a2272edd2e31ec99d42cd1ea71556795c1aa7bf11e62,10260
project/journal_manuscript_phase/JOURNAL_V0.4_REVIEWER_SUPPLEMENT/protocol_and_reference_summary/earlier_policy_protocol.json,7da533ae83df747b9c614494390a83d0aa07372f58d57e580b5abce570e155e4,12870
project/journal_manuscript_phase/JOURNAL_V0.4_REVIEWER_SUPPLEMENT/protocol_and_reference_summary/earlier_policy_reference.json,539fe8059bc48fbb8ff0f5eaf82cc8798667fc538f4fa2b13826b8749f883884,2946
project/journal_manuscript_phase/JOURNAL_V0.4_REVIEWER_SUPPLEMENT/protocol_and_reference_summary/legal_history_graph.csv,956e2a750f88b7fc5e16429bf15255ed1f2e2cbe8f31a2258d82929b676221ce,2525
project/journal_manuscript_phase/JOURNAL_V0.4_REVIEWER_SUPPLEMENT/protocol_and_reference_summary/metric_definition.json,1e998ba712d9321efeecbe9d13495abd897efc97586157e75b891ed141c700b5,998
project/journal_manuscript_phase/JOURNAL_V0.4_REVIEWER_SUPPLEMENT/protocol_and_reference_summary/observation_contract.json,6bb734fef4187d6ef629d5416c5cfbc697f95019f7ec46d84443dd0c01efb516,2772
project/journal_manuscript_phase/JOURNAL_V0.4_REVIEWER_SUPPLEMENT/protocol_and_reference_summary/pair_definitions.csv,ad0a7c07124a9f3f63cdde7b45e820b98a31e727752471313c678575fe7119c8,3428
project/journal_manuscript_phase/JOURNAL_V0.4_REVIEWER_SUPPLEMENT/protocol_and_reference_summary/README.md,606886488d035b1728093ca0390e3d8fdd29d6e14dfd62e5262834aa57b4a298,1056
project/journal_manuscript_phase/JOURNAL_V0.4_REVIEWER_SUPPLEMENT/protocol_and_reference_summary/reference.json,3ca5f02b1db50003f3a442f88992e363f0ba1c5b1c6817f2037a75cdcca7e270,2453
project/journal_manuscript_phase/JOURNAL_V0.4_REVIEWER_SUPPLEMENT/README_REVIEWER.md,0c31ae130b13f0cf19c9add9875efa0ef2b20c665a77527bf7bde0d6f749d0b3,4766
project/journal_manuscript_phase/JOURNAL_V0.4_REVIEWER_SUPPLEMENT/return_decoding_affected_records.csv,a79ae36a2ed245de369412619ffd46cc29acdcc44916b1ecc507032125a2b666,13017
project/journal_manuscript_phase/JOURNAL_V0.4_REVIEWER_SUPPLEMENT/return_decoding_correction.md,b9674be7f2472779567e02197349c2c88cc849d8fc160a3176ab9c449ab1cc9e,1094
project/journal_manuscript_phase/JOURNAL_V0.4_REVIEWER_SUPPLEMENT/screening_summary.md,3fa14169abfbf00db9ddb3742820de4e0134ae6e89dbefce4c4f5f499df5d633,793
project/journal_manuscript_phase/JOURNAL_V0.4_REVIEWER_SUPPLEMENT/sha256_manifest.csv,1adae8df6e350e0908f19c2ef16e8e6418723e5b98a0a1a53190950328a8cf78,15695
project/journal_manuscript_phase/JOURNAL_V0.4_REVIEWER_SUPPLEMENT/source_binding_summary/fathom_correspondence.json,effbf7583fccb160e17bf5adffe37ab390abd88298fc0d576996f1ea1be53907,2722
project/journal_manuscript_phase/JOURNAL_V0.4_REVIEWER_SUPPLEMENT/source_binding_summary/fathom_correspondence.md,dff583f886faa49a01c1d036eedfce0373d961e331e570f00d0c0f8a7f9d9017,1560
project/journal_manuscript_phase/JOURNAL_V0.4_REVIEWER_SUPPLEMENT/source_binding_summary/fathom_dependency.json,f856cf23b1586084c2f26cf611de23a3071de09cf9e7f5eeb9a495e98f33a9ea,994
project/journal_manuscript_phase/JOURNAL_V0.4_REVIEWER_SUPPLEMENT/source_binding_summary/public_lineage.csv,187cdd430ad071cd131dd510098b517da5ccaddc5aae721918c9656c7aca5429,1762
project/journal_manuscript_phase/JOURNAL_V0.4_REVIEWER_SUPPLEMENT/source_binding_summary/public_lineage_scope.md,38b376f03ab4094256e748294da4146416d31aab5a4f27ef5d7941a122717398,1613
project/journal_manuscript_phase/JOURNAL_V0.4_REVIEWER_SUPPLEMENT/source_binding_summary/README.md,38dfbc694776dae786f5f5c687c985d6e682c95f820103fc441073a630b37f15,980
project/journal_manuscript_phase/JOURNAL_V0.4_REVIEWER_SUPPLEMENT/trace_archive/AA0.json.gz,1d7604f01a8449908474f7de36db7ef0284a1972b46f54018645f0b944543f91,3270
project/journal_manuscript_phase/JOURNAL_V0.4_REVIEWER_SUPPLEMENT/trace_archive/AA1.json.gz,1d7604f01a8449908474f7de36db7ef0284a1972b46f54018645f0b944543f91,3270
project/journal_manuscript_phase/JOURNAL_V0.4_REVIEWER_SUPPLEMENT/trace_archive/AA2.json.gz,c1781e41e84de07fb25d23caa66d9a2a60219be06782c788548d1cc860336d42,5337
project/journal_manuscript_phase/JOURNAL_V0.4_REVIEWER_SUPPLEMENT/trace_archive/AA3.json.gz,c1781e41e84de07fb25d23caa66d9a2a60219be06782c788548d1cc860336d42,5337
project/journal_manuscript_phase/JOURNAL_V0.4_REVIEWER_SUPPLEMENT/trace_archive/AA4.json.gz,1d7604f01a8449908474f7de36db7ef0284a1972b46f54018645f0b944543f91,3270
project/journal_manuscript_phase/JOURNAL_V0.4_REVIEWER_SUPPLEMENT/trace_archive/AB0.json.gz,1f39e65724076cd2a8ce676f2c9108afa63e4fcf924b41ff77669b0bea90eabe,3269
project/journal_manuscript_phase/JOURNAL_V0.4_REVIEWER_SUPPLEMENT/trace_archive/AB1.json.gz,c1781e41e84de07fb25d23caa66d9a2a60219be06782c788548d1cc860336d42,5337
project/journal_manuscript_phase/JOURNAL_V0.4_REVIEWER_SUPPLEMENT/trace_archive/AB2.json.gz,1d7604f01a8449908474f7de36db7ef0284a1972b46f54018645f0b944543f91,3270
project/journal_manuscript_phase/JOURNAL_V0.4_REVIEWER_SUPPLEMENT/trace_archive/FC0.json.gz,438a92bd2f05b8d8cf2f7bfd09c716f2426d37390ce6d157d3e5b4de454bcd40,8631
project/journal_manuscript_phase/JOURNAL_V0.4_REVIEWER_SUPPLEMENT/trace_archive/FC1.json.gz,ee2e7a932910fbe3e33bdecd9d9f71d9d1b53840e6f8ff7b64174a78472252b3,27559
project/journal_manuscript_phase/JOURNAL_V0.4_REVIEWER_SUPPLEMENT/trace_archive/FC2.json.gz,5e15e20bbc7431746af19fae4d925e61e7984f13b6890ce0f8fc5ed834be8974,1737
project/journal_manuscript_phase/JOURNAL_V0.4_REVIEWER_SUPPLEMENT/trace_archive/FC3.json.gz,5e15e20bbc7431746af19fae4d925e61e7984f13b6890ce0f8fc5ed834be8974,1737
project/journal_manuscript_phase/JOURNAL_V0.4_REVIEWER_SUPPLEMENT/trace_archive/VA0.json.gz,c798e2116137859450a199350595eaec1560d598b80b1846d33043f298a08858,29207
project/journal_manuscript_phase/JOURNAL_V0.4_REVIEWER_SUPPLEMENT/trace_archive/VA1.json.gz,dfa7b5c8c1ea6c12d64e3b1375e7f40cd3463caae7855199591d4b4ce8d3d989,29215
project/journal_manuscript_phase/JOURNAL_V0.4_REVIEWER_SUPPLEMENT/trace_archive/VA2.json.gz,2e3aeb374eb993c7069c631c7f4e0a04c5efe22e611e9d516b2a602e5fcda8d7,26049
project/journal_manuscript_phase/JOURNAL_V0.4_REVIEWER_SUPPLEMENT/trace_archive/VA3.json.gz,7ff53db7129e6525f71891beef5afef80119ac3fa4e358c98af7be5898406f20,21116
project/journal_manuscript_phase/JOURNAL_V0.4_REVIEWER_SUPPLEMENT/trace_archive/VA4.json.gz,e435cd4161ec5cb442a16fbb0496a79b29c925545cbb5e30b5215135ee1c71ec,27352
project/journal_manuscript_phase/JOURNAL_V0.4_REVIEWER_SUPPLEMENT/trace_archive/VB0.json.gz,a76b72af4c08341672220bf183814731f49a4a5d601f20b041c1398d91ea61cb,29204
project/journal_manuscript_phase/JOURNAL_V0.4_REVIEWER_SUPPLEMENT/trace_archive/VB1.json.gz,eccfce506fe81e5cc47efe0ed98d30f3a4f12673a615918a4b680c71175ec843,26047
project/journal_manuscript_phase/JOURNAL_V0.4_REVIEWER_SUPPLEMENT/trace_archive/VB2.json.gz,a6eca4c4d95a4bcfb27d0929a8cc6e2abfaf786fa26d255b2defbe124560d584,27376
project/journal_manuscript_phase/JOURNAL_V0.4_REVIEWER_SUPPLEMENT/verify_supplement.py,f9c07d8d48af405b5e37a544734cd6656930370d47b5b17c3ddf6416bf63051c,2780
project/journal_policy_differential_preparation_20260913/08_formal_execution/VESTA_POST_EXECUTION_BINDING_AND_CLASSIFIER_REVIEW_001.json,6921d7c142371c6cbd298f44261c49f8c4b33610f0c5e4730cccce4c2433d49a,2658
project/post_review_generalization_expansion_v1/02_g2_deployment_binding/source_identity/raw/AURIGAMI_ROOT_VERIFIED_SOURCE.json,c82c06a16c7233c2efe7952abefc663523d083bf7089d51b685b7e525a72e2e7,113550
project/post_review_generalization_expansion_v1/03_g3_reachability_lineage_qualification/fathom_source_correspondence/variant_4313db2/contracts/main/price-feeders/DelayPriceFeedBase.sol,841bb39ffc41ddc6ed72f0f7637a4d0f94521ee86b940ba2f81506d77ee11132,3786
project/post_review_generalization_expansion_v1/03_g3_reachability_lineage_qualification/fathom_source_correspondence/variant_4313db2/LICENSE,36feaed6e6d42e6f84db2eaadbea503caf2cd81ce43a5b4b69594f290ded91cb,35182
project/post_review_generalization_expansion_v1/03_g3_reachability_lineage_qualification/lineage_evidence/MENTO_BOUND_SORTED_ORACLES.sol,ef6ea06520de3effb4937fa183e1eaf582638e299cf14be74fc82ea473c0412d,21197
project/post_review_generalization_expansion_v1/07_g7_derived_analysis/build_g7_derived_analysis.py,08542f7669d2119d1fc47c1576e13d442ee0dca63e9487fd02378c8a13593f14,14630
project/post_review_generalization_expansion_v1/07_g7_derived_analysis/G7_CONDITION_LEVEL_ADJUDICATION.csv,9b9faf1a1e834f358abf0efa7d813b8fb650f101c25b89e8423b8bbcb7cc2517,14320
project/post_review_generalization_expansion_v1/07_g7_derived_analysis/G7_DERIVATION_VERIFICATION.json,9e5a086bb7adcb88eeb083b4c7658db3babf0897d556af3174f41a219867bf1b,740
project/post_review_generalization_expansion_v1/07_g7_derived_analysis/G7_FINAL_DERIVED_ANALYSIS_LOCK.json,044977025a0abc8716b38c1fc036f1735676d4ed35fbf2e63d7899373a4c44d4,3186
project/post_review_generalization_expansion_v1/07_g7_derived_analysis/G7_INPUT_PROTECTION_BASELINE.csv,880b20fbb6bad4f558275daa4c9163afc2526b333f9a43a4f49295012e93d0e8,174298
project/post_review_generalization_expansion_v1/07_g7_derived_analysis/G7_MISSINGNESS_AND_NONCOMPARABILITY.md,585de410d15bc46809510cd7ae81e2e0f408d8b3d5fbcc3c34609bd3f9445d22,801
project/post_review_generalization_expansion_v1/07_g7_derived_analysis/G7_NORMALIZED_OBSERVATIONS.json,6a847164d150c3e3dee878dc4e32b4477b063b34c4802d6e5a58e8e088d3ba0e,36678
project/post_review_generalization_expansion_v1/07_g7_derived_analysis/G7_NUISANCE_CONTROL_RESULTS.md,e58114d2401ec3a6c278adeb56fa425457c4ebfc5cf1dd0d3bb157836b36da6f,581
project/post_review_generalization_expansion_v1/07_g7_derived_analysis/G7_O1_PARTITIONS.csv,71e4a03efe13a3f19279927aa6e51b5035223436d569d6737ca90575252639ca,3253
project/post_review_generalization_expansion_v1/07_g7_derived_analysis/G7_O2_PARTITIONS.csv,2364e5f5cfe024a8769d740ee84e565cd200ed07e62dcc68b5504079fc0e3794,6248
project/post_review_generalization_expansion_v1/07_g7_derived_analysis/G7_O3_PARTITIONS.csv,092a89452c11c64311add67532e65ad5031ef4c7b5efb7c1f63efbddb3a8bd22,6248
project/post_review_generalization_expansion_v1/07_g7_derived_analysis/G7_PREDECLARED_PAIR_RESULTS.csv,25f225bda119d76370a5bcca2d3c72c0e6d38ff10208f7d929e758415763da13,6167
project/post_review_generalization_expansion_v1/07_g7_derived_analysis/G7_RETURN_DECODING_CORRECTED_DERIVED.csv,e81cb69cd5798af87aa48174e168dd9439eebbe190e8f6766e5304a64c683c82,18587
project/post_review_generalization_expansion_v1/07_g7_derived_analysis/G7_RETURN_DECODING_CORRECTION.md,b9674be7f2472779567e02197349c2c88cc849d8fc160a3176ab9c449ab1cc9e,1094
project/post_review_generalization_expansion_v1/07_g7_derived_analysis/G7_Y_ANNOTATED_PARTITIONS.md,9b8ae1689a1ab03b7b239fb76e808e19e786c5b5d9b83323ec70e7abd5f99d86,8744
project/post_review_generalization_expansion_v1/07_g7_derived_analysis/PHASE_A_INTERNAL_CONSISTENCY_CHECK.json,c50c7db817b522a60323073a61a82f7fc84434709cfc917786d8fd7fbe5fdb5a,850
project/semantic_explanation_validation_v1/01_protocol/conditions.json,ed460f382f60f59ea45da284921e069878df0cd15d695188d68c93ca4ad422b3,10338
project/semantic_explanation_validation_v1/01_protocol/deployments.json,4369374d66641ceeb93c079b5d55ed19f28beb122ad6645fbe4be636a3ba2088,1884
project/semantic_explanation_validation_v1/01_protocol/natural_history_windows.json,9518af74a0c57678431a739df231464514f4e95841087449cc54256bd8b801a1,3802
project/semantic_explanation_validation_v1/01_protocol/protocol.json,ad40ca20a8c987ad17767823f51007faca5590e6c369c136de661b7ded53d27e,2461
project/semantic_explanation_validation_v1/01_protocol/reference.json,4b11c1d14e46e49adf17bbed00a6ca004c54d32000a4d98f1c8961518d1df4ba,758
project/semantic_explanation_validation_v1/01_protocol/rules_v1.json,1d6310018d6ac77b404fae1b07953e650ea4e84522c012bb8264a689187677b6,1859
project/semantic_explanation_validation_v1/03_execution/CALL_LEDGER.jsonl,f4b59fc86c08ab4114ca1e88e0f696db136988d062735852b03daaa1923b0c93,196277
project/semantic_explanation_validation_v1/03_execution/EXECUTION_SUMMARY.json,f9580e115e8ed53560fbe8744f49ffd4f5ad02dcc322b6dc5822f44ae83ed3e8,328
project/semantic_explanation_validation_v1/03_execution/EXPOSURE_LOG.jsonl,c95fe994116de906b83d1dde4292a974c44a1d3c77ab476298e1195ac4a797d5,7097
project/semantic_explanation_validation_v1/03_execution/observations/AH1A.json,90b44bb7807b8857c8825e9d514bd788a6fda5a7238cd7d10868106d52bfdec9,4948
project/semantic_explanation_validation_v1/03_execution/observations/AH1B.json,228ac43770b01cf45c4bf1f396bb9cc4ad362419d4dfdb808019bf6ca43765d7,4938
project/semantic_explanation_validation_v1/03_execution/observations/AH2A.json,ac38e9411f5e0606ed8403e6bf8253ad8d7fd3b634f8f0a07e5ed6b6b8a9e052,4962
project/semantic_explanation_validation_v1/03_execution/observations/AH2B.json,868115e04582b69a086cfb4c72875bc12128190977693fda6ba597c941463d7c,4976
project/semantic_explanation_validation_v1/03_execution/observations/AH3A.json,af3465cfacde81d91dee03749df00661bb6b2bb639855e5aca6933fef49c367b,4961
project/semantic_explanation_validation_v1/03_execution/observations/AH3B.json,0f61fc25c64fb89072771140942dc68082186dd89e55387cb87085faaa2648ef,4970
project/semantic_explanation_validation_v1/03_execution/observations/AH4A.json,8dff7f59fb8f837f1bf248678286a1c516e29c65a7ac0f692cc4c073ef40bb4a,4940
project/semantic_explanation_validation_v1/03_execution/observations/AH4B.json,71701c9c4c5c734f6f1e8ab411edd2d123dbd4bfa22083f1478664281dd66c1e,4956
project/semantic_explanation_validation_v1/03_execution/observations/AH5A.json,b84756b5a4e146cd47350fa74d8bd4a71a9fb8d4cf8498689c5b5080cd60a80c,4975
project/semantic_explanation_validation_v1/03_execution/observations/AH5B.json,ec70060752291e6ba4e397d74ab0c476a4e9c313489554d1c6b31a9cb338dd79,4975
project/semantic_explanation_validation_v1/03_execution/observations/FH1A.json,0fdb14a5d5dad218e03eb1404e7ca1fe39b0e0ab4baed2f465ee8bace2518558,4995
project/semantic_explanation_validation_v1/03_execution/observations/FH1B.json,3051853cab4799c5a785a429ac0fac952e46b8208c63b62f9e97b7c7a59f4528,7481
project/semantic_explanation_validation_v1/03_execution/observations/FH2A.json,a9e20f38fe99efab4a1b313e968779e2e1705d0073e7728a73387328a1685507,7510
project/semantic_explanation_validation_v1/03_execution/observations/FH2B.json,6503c8ca079d1b7d376eb1de131927fe570a92790857f492f4766abb549fc896,7495
project/semantic_explanation_validation_v1/03_execution/observations/FH3A.json,0c8d1eff88d7e09700c0b6cabc0d20160befa104851325f1cbd3c77371ad1046,5017
project/semantic_explanation_validation_v1/03_execution/observations/FH3B.json,59dd46abcf485d22394b0de61c5bfdd12b6b56ade9cd475c6a59bcf5d36ba8d6,7683
project/semantic_explanation_validation_v1/03_execution/observations/FH4A.json,e47a824d83260a80dfeea74ee07e2b9bceaad11401e9b80dcc4c9004ab128d64,7495
project/semantic_explanation_validation_v1/03_execution/observations/FH4B.json,f50b6b95f32382b1b2d1b55fcb4c4dadf04c318cf3e7799adf9ca9849519058a,7495
project/semantic_explanation_validation_v1/03_execution/observations/FH5A.json,14d636bdd40cab19ffb5a776e38f8930342acf34647b07a0b96c8fcd57adeb6c,4818
project/semantic_explanation_validation_v1/03_execution/observations/FH5B.json,d57925d2dd7083e828359c63784c41b6349376c45f494c45a2189ff9db8699d4,4832
project/semantic_explanation_validation_v1/03_execution/observations/MH1A.json,4eb0421dd60cf0bc0a228635c950bf5351cce6403b7e6c22f1d0745a927ecb3a,30611
project/semantic_explanation_validation_v1/03_execution/observations/MH1B.json,2e0a32e86600233665c90b615f98f9e12d4baf0c073a6dcbcb0799f153fdfd85,30611
project/semantic_explanation_validation_v1/03_execution/observations/MH2A.json,90326508fead38de2c8bdbb78eff55e93a6a991cd7be4e42b82e5045e13293a7,30627
project/semantic_explanation_validation_v1/03_execution/observations/MH2B.json,c68e1a9b42ca8e578d19b6353a61853ff795804e00c3fa324d14dc9c2c995737,30634
project/semantic_explanation_validation_v1/03_execution/observations/MH3A.json,c9bc6dbd2bbe5c78adf412fc3394b811929db47c3fd268ffe8f3a5a898b282cb,30641
project/semantic_explanation_validation_v1/03_execution/observations/MH3B.json,bd54fe02c15084c7d3214373cc9fe418e5eb4da8316ca7ba1a61fd35f5f0a6cf,30641
project/semantic_explanation_validation_v1/03_execution/observations/MH4A.json,b01c178c3422308b32bd114c52e4574530be7dacf85ebe931495a74725517c29,32678
project/semantic_explanation_validation_v1/03_execution/observations/MH4B.json,e4e3c9617f2a2bae097532f51d156552d237ba20cd8042001c50b9a7d1a3d146,32680
project/semantic_explanation_validation_v1/03_execution/observations/MH5A.json,0747240347a41a8db4c1e682e8449746366a51fc33293ea92f3ab9991d51614b,30627
project/semantic_explanation_validation_v1/03_execution/observations/MH5B.json,817efd7972513be11a4962f8f5d00853c9dc2218704f645910806e643b3cddd8,30627
project/semantic_explanation_validation_v1/03_execution/observations/VH1A.json,f607770fd47876f52aaee312969778e947c1467736b7820b8d5f554f20b74058,7899
project/semantic_explanation_validation_v1/03_execution/observations/VH1B.json,e81a9450fe172b24926225bd2855a3d11575718a7bb90cfca994fcdfa66d4b89,7898
project/semantic_explanation_validation_v1/03_execution/observations/VH2A.json,3af97f725b9ad04891cb3a8c6db7cffcacba6229adbf5b7c1af5ba51fe8b7323,7682
project/semantic_explanation_validation_v1/03_execution/observations/VH2B.json,03e0f9940cb1c95432e2662645dbf6f8ce5e9590d23c4f85af7bc7a0d58a9018,7681
project/semantic_explanation_validation_v1/03_execution/observations/VH3A.json,9d9e69cadac961271f255a5d9c0bc294bd15045d38771269ffe5894df845cab5,7902
project/semantic_explanation_validation_v1/03_execution/observations/VH3B.json,a2718754c9f26a49d63d9fc0479024c1d8d6248359a88e66b79b9f6d6b30e7bd,7891
project/semantic_explanation_validation_v1/03_execution/observations/VH4A.json,85bb0b9b13e59a950f36d7f93401ab1adc37b7f11e653181fba81189e0bbc5c3,7669
project/semantic_explanation_validation_v1/03_execution/observations/VH4B.json,29b239371c23e3ddbb737d3c3f88ba863f22d0528d152c6b6af6bbd5d84fc33a,7915
project/semantic_explanation_validation_v1/03_execution/observations/VH5A.json,92f14ab1b69e1f44c96a09319a4ca35475bd10aee2f8d5170361ce82ba12bbce,7897
project/semantic_explanation_validation_v1/03_execution/observations/VH5B.json,2d212023e96cb1396f7b03558d23a7a89b246497d2a07db9d2f67649254fe539,7897
project/semantic_explanation_validation_v1/03_execution/observations/XH1A.json,cf09de966d1fefd9ec4599dc412eca3a00e5acf48a2d8fdd3fee5ccaacfd7bd8,4133
project/semantic_explanation_validation_v1/03_execution/observations/XH1B.json,a37b4c4b1c6972896125a25094b9ca12c85923d10c353d20ea8b02cc2a3767e4,8334
project/semantic_explanation_validation_v1/03_execution/observations/XH2A.json,7ac0386380dbb66b8d15c027af34ca5579fe0588f70691de90c8997297a67fae,4162
project/semantic_explanation_validation_v1/03_execution/observations/XH2B.json,79f02f69c6e1fdb32f81dd93a036b67676659d670166caa79910832cbf2cd5e1,8364
project/semantic_explanation_validation_v1/03_execution/observations/XH3A.json,23304b1bdae57c28b15ea337fb114a332f61fe793393d8e80dea5f66efbafbe8,3652
project/semantic_explanation_validation_v1/03_execution/observations/XH3B.json,673c1e9540c96423760f4a94565e8ff5c4cab5c6034d77ab076b8d2d500aa019,3653
project/semantic_explanation_validation_v1/03_execution/observations/XH4A.json,e224804f3fb1c19a3bc2f73110bcd6b673084718dc46d1cf69a86b98ee2fff87,4159
project/semantic_explanation_validation_v1/03_execution/observations/XH4B.json,bbbb1939500664d1d7e17ccbf64d580320bd2f3696689d891b36b8b7e7a489a5,8340
project/semantic_explanation_validation_v1/03_execution/observations/XH5A.json,cd225527f0d6a2a3afb1a9be15d09bf53b2a3948dbd3f83b3a1b7f2ba8bdd985,4141
project/semantic_explanation_validation_v1/03_execution/observations/XH5B.json,f4687c3b410e08cf4611225e5ae3e91ed68af78c5bd4ddfab023e41f014c8f64,4141
project/semantic_explanation_validation_v1/03_execution/raw_rpc/000001_VESTA_VH1_VH1A_hardhat_reset.json,cc69b5347f28f5f71529eba6658ac9ceb24d0be52ea8ac9f547d6232c12e05d3,318
project/semantic_explanation_validation_v1/03_execution/raw_rpc/000002_VESTA_VH1_VH1A_eth_getBlockByNumber.json,6ef5d76deed12a04b7f1c35f7b0bb4b803dd8505088c8c2cc81dc58aed4fc8ca,2203
project/semantic_explanation_validation_v1/03_execution/raw_rpc/000003_VESTA_VH1_VH1A_hardhat_impersonateAccount.json,9fe63a78cc61f6083b57dca8417bf241031d523997743ff569eb150719fb6f4b,250
project/semantic_explanation_validation_v1/03_execution/raw_rpc/000004_VESTA_VH1_VH1A_hardhat_setBalance.json,00b7e7e88e1863bf3d08261dec27f6ce0437f3b61a5af8b6914465e0994e7f20,273
project/semantic_explanation_validation_v1/03_execution/raw_rpc/000005_VESTA_VH1_VH1A_hardhat_setCode.json,36432772c24c5267e4c3ca625d4cb25e52fb5856a6a4f86bfecd2fd5430e4957,835
project/semantic_explanation_validation_v1/03_execution/raw_rpc/000006_VESTA_VH1_VH1A_hardhat_setCode.json,fa44b4afa6944109632a6dbd5d189c8a7cf0e77152a0a4aeb0f322d214148f8d,835
project/semantic_explanation_validation_v1/03_execution/raw_rpc/000007_VESTA_VH1_VH1A_evm_setNextBlockTimestamp.json,4777ba76c57fe674c1f2ff10ff1cd07ff75e6764b0cee8e6b01007e69d001c7b,223
project/semantic_explanation_validation_v1/03_execution/raw_rpc/000008_VESTA_VH1_VH1A_eth_sendTransaction.json,40f7c9c851e06f306bd4cfee5f6377c41077577ccd92cb18469b11cdd6760498,515
project/semantic_explanation_validation_v1/03_execution/raw_rpc/000009_VESTA_VH1_VH1A_eth_getTransactionReceipt.json,5eefd5c8dbf005dddced828bdac84a1430a667f62e3b338a5d99e1fab5c57827,2784
project/semantic_explanation_validation_v1/03_execution/raw_rpc/000010_VESTA_VH1_VH1A_hardhat_setCode.json,51959ef604f0a5b67865d10a7d6eaa97a3743ea212402c7d6f11dcb1271bb0e0,837
project/semantic_explanation_validation_v1/03_execution/raw_rpc/000011_VESTA_VH1_VH1A_hardhat_setCode.json,089be27d954ed8b3fb947ea53f4396a97ae5d55bbbe6a94adafdcb71056e796b,837
project/semantic_explanation_validation_v1/03_execution/raw_rpc/000012_VESTA_VH1_VH1A_evm_setNextBlockTimestamp.json,08f67e6d758af7ed0d3156d7497ffd74153911c5b2366286bfe120f79bf89f20,225
project/semantic_explanation_validation_v1/03_execution/raw_rpc/000013_VESTA_VH1_VH1A_eth_call.json,a57147e659da7ada01fc9c7c220c190a98b971a2a15473400bc543b01ae9dfa6,368
project/semantic_explanation_validation_v1/03_execution/raw_rpc/000014_VESTA_VH1_VH1A_eth_call.json,27109531d417c7cd59ccff4e53fcadb326bf339973723f344c353690af8f0265,432
project/semantic_explanation_validation_v1/03_execution/raw_rpc/000015_VESTA_VH1_VH1A_eth_call.json,36e6ca4351832e24af76a152f581806ffabc9e42651d327086097830b38d48c4,432
project/semantic_explanation_validation_v1/03_execution/raw_rpc/000016_VESTA_VH1_VH1A_eth_sendTransaction.json,51a0bac4448d989f037bf56885a49067f5eb7c8ea760f6e9ab35db503b3b4757,517
project/semantic_explanation_validation_v1/03_execution/raw_rpc/000017_VESTA_VH1_VH1A_eth_getTransactionReceipt.json,8e15bad0b072beed6e9e71e71b367c8683b368c3e5d13baa590f80c96f0c0660,2786
project/semantic_explanation_validation_v1/03_execution/raw_rpc/000018_VESTA_VH1_VH1A_debug_traceTransaction.json.gz,6c0d83508e5868fc2ee80b0678ef9d73bff7c0534e58e8a28cb64f825f96414e,148947
project/semantic_explanation_validation_v1/03_execution/raw_rpc/000019_VESTA_VH1_VH1A_eth_call.json,4c6a702b591a91b23b2dec3a6f88e029f193b0aaaba5dd02919fb5d40d7b6b22,368
project/semantic_explanation_validation_v1/03_execution/raw_rpc/000020_VESTA_VH1_VH1A_eth_call.json,2dee4cd13be8555612ece68e136ab7b7ce3359a4bb93357cb44220055d09d235,432
project/semantic_explanation_validation_v1/03_execution/raw_rpc/000021_VESTA_VH1_VH1A_eth_call.json,61db3db5629988fe94f2fa4a988b0d9c08513968b74e9e96e90eb48bdabdb86d,432
project/semantic_explanation_validation_v1/03_execution/raw_rpc/000022_VESTA_VH1_VH1B_hardhat_reset.json,745cc075d9f52eb84f1f8b0aa1dea1d51f91048bcb54d8612f4fa7bc79f7d726,320
project/semantic_explanation_validation_v1/03_execution/raw_rpc/000023_VESTA_VH1_VH1B_eth_getBlockByNumber.json,3d8131675371a827ab4252b3ef652a054fff877e6b1e2046ee653a7eccbda90c,2205
project/semantic_explanation_validation_v1/03_execution/raw_rpc/000024_VESTA_VH1_VH1B_hardhat_impersonateAccount.json,012876dcbef4b8533beee18e7a805f36f64548ffaeca893260f3bb490668339c,252
project/semantic_explanation_validation_v1/03_execution/raw_rpc/000025_VESTA_VH1_VH1B_hardhat_setBalance.json,36e2ea060bd871a397ef95a993eeb2cdb447e83f85e57f413ee70d8384e20377,275
project/semantic_explanation_validation_v1/03_execution/raw_rpc/000026_VESTA_VH1_VH1B_hardhat_setCode.json,c694c830035a167b9c83e999f45d332899c088901e998a0e3a865cb12b88b444,837
project/semantic_explanation_validation_v1/03_execution/raw_rpc/000027_VESTA_VH1_VH1B_hardhat_setCode.json,e32732ddbcb85ef97a4c796ef2787589947f299a2c54f2dfe4d0d05b837254ee,837
project/semantic_explanation_validation_v1/03_execution/raw_rpc/000028_VESTA_VH1_VH1B_evm_setNextBlockTimestamp.json,a1586d30cc53787d3d2ab2b68e9baafc249d2baac21d1dd907a1b1655267787a,225
project/semantic_explanation_validation_v1/03_execution/raw_rpc/000029_VESTA_VH1_VH1B_eth_sendTransaction.json,e7364b59ec3ab6dfe660d3a598a3858760e7bb301a68c2c70fa066d9e9b821b4,517
project/semantic_explanation_validation_v1/03_execution/raw_rpc/000030_VESTA_VH1_VH1B_eth_getTransactionReceipt.json,2c959f769a91d3cdcbda65f0b5f58b30b24588c15f99417cf2ffd28cbca5f4f8,2786
project/semantic_explanation_validation_v1/03_execution/raw_rpc/000031_VESTA_VH1_VH1B_hardhat_setCode.json,2420793f847c494aee7e48f0c725590b3c9022fa3538e749845d975a5bf87ca0,837
project/semantic_explanation_validation_v1/03_execution/raw_rpc/000032_VESTA_VH1_VH1B_hardhat_setCode.json,f604d7111f04b5ecbdb99e59fbb30f7894ed18ec37053c4e29a698b52731b71b,837
project/semantic_explanation_validation_v1/03_execution/raw_rpc/000033_VESTA_VH1_VH1B_evm_setNextBlockTimestamp.json,f72524870e840c79c91ebcd25c978e699f99eeb5d554f94f7363d4970e5b3f2c,225
project/semantic_explanation_validation_v1/03_execution/raw_rpc/000034_VESTA_VH1_VH1B_eth_call.json,8704d9a981fb1a9bd3f5f2eacf4c68e73f088e159affaf16e3bff8d0bf4f5720,368
project/semantic_explanation_validation_v1/03_execution/raw_rpc/000035_VESTA_VH1_VH1B_eth_call.json,aeef6e905242ef715b1d3b081e09ab1f764bae41b914b4fad081e9b5cf85dfb9,432
project/semantic_explanation_validation_v1/03_execution/raw_rpc/000036_VESTA_VH1_VH1B_eth_call.json,feb271cbc6d46c0d564fa64088a370c0b78d16ba827dd3eb9908930dff63d395,432
project/semantic_explanation_validation_v1/03_execution/raw_rpc/000037_VESTA_VH1_VH1B_eth_sendTransaction.json,bac4569e2f3e82606cb8ad3d8278ff82cc0945a2ef73ebaced4131f7507ffd16,517
project/semantic_explanation_validation_v1/03_execution/raw_rpc/000038_VESTA_VH1_VH1B_eth_getTransactionReceipt.json,886655d98239fd0a9d8410c53f7f8f1b8ebcdb58d1493f14bf62c997e26e8966,2786
project/semantic_explanation_validation_v1/03_execution/raw_rpc/000039_VESTA_VH1_VH1B_debug_traceTransaction.json.gz,68d0c1e6c3b4a265aa8076983cff3c14e430a07c2e07e0d87cad53e49b2270ee,149191
project/semantic_explanation_validation_v1/03_execution/raw_rpc/000040_VESTA_VH1_VH1B_eth_call.json,3e6daaf33786572444298cdc1f268c4e7a423534fd1a9f960f7c4023972be714,368
project/semantic_explanation_validation_v1/03_execution/raw_rpc/000041_VESTA_VH1_VH1B_eth_call.json,9c2bdeb8aa0751283cbfd4d51f196463f756f25786508bb6e9eb273ae45764de,432
project/semantic_explanation_validation_v1/03_execution/raw_rpc/000042_VESTA_VH1_VH1B_eth_call.json,6819a0f5380170849d7b11588f3ef847a78a84b3d5ed0ca5a65aaf5198a94535,432
project/semantic_explanation_validation_v1/03_execution/raw_rpc/000043_VESTA_VH2_VH2A_hardhat_reset.json,60b9730438276c47410e6ef78b909b2fdf79cfcda9902ac796fd5575979d78c6,320
project/semantic_explanation_validation_v1/03_execution/raw_rpc/000044_VESTA_VH2_VH2A_eth_getBlockByNumber.json,5ff1929378ebcb4a06843ea08b68f94d3c2c59ad982b6a55733e8ce84ef1b28b,2205
project/semantic_explanation_validation_v1/03_execution/raw_rpc/000045_VESTA_VH2_VH2A_hardhat_impersonateAccount.json,27a3a92ff8f81dfe714f8d584293cb486c33cd57d2fb9186a34c50ec000186c4,252
project/semantic_explanation_validation_v1/03_execution/raw_rpc/000046_VESTA_VH2_VH2A_hardhat_setBalance.json,25349fb043124b77e3536aa70c39bb03ebea6d18fdace6fcd1e37d30e7f76eeb,275
project/semantic_explanation_validation_v1/03_execution/raw_rpc/000047_VESTA_VH2_VH2A_hardhat_setCode.json,d9b8bf727f9c9a28b1001747c626c9e548b9e2ac26c794448f6f95f4ff1e26a8,837
project/semantic_explanation_validation_v1/03_execution/raw_rpc/000048_VESTA_VH2_VH2A_hardhat_setCode.json,e08e384d10173226606e3f5e11afaf91f084e43175c1c517a9711ba5de6dda7b,837
project/semantic_explanation_validation_v1/03_execution/raw_rpc/000049_VESTA_VH2_VH2A_evm_setNextBlockTimestamp.json,1974951bc9b8208d87a628c6f00d9abe9d09093580bc0be15f452c8e8add6fd5,225
project/semantic_explanation_validation_v1/03_execution/raw_rpc/000050_VESTA_VH2_VH2A_eth_sendTransaction.json,76ff5a2e560083fb19701bfae9e9503d26ff14fdf34059f6e5c32de62a362b67,517
project/semantic_explanation_validation_v1/03_execution/raw_rpc/000051_VESTA_VH2_VH2A_eth_getTransactionReceipt.json,f307830ae2fe6e0088f6324698b61a347796386bbfd981e2606dadeac21e9e2d,2786
project/semantic_explanation_validation_v1/03_execution/raw_rpc/000052_VESTA_VH2_VH2A_hardhat_setCode.json,17edd4507ac286897903cff766472afd77195b0024f5eca527b7ef72b70adff6,837
project/semantic_explanation_validation_v1/03_execution/raw_rpc/000053_VESTA_VH2_VH2A_hardhat_setCode.json,cc5e0316ca7baba7eb67859452d4390af973773b7ba8fde07fab39c0cbb7b5fa,837
project/semantic_explanation_validation_v1/03_execution/raw_rpc/000054_VESTA_VH2_VH2A_evm_setNextBlockTimestamp.json,baa7fd3e3e6b3368f581acb82aa89bd9355404cc6dd1a3c1f685f7df44ff83cf,225
project/semantic_explanation_validation_v1/03_execution/raw_rpc/000055_VESTA_VH2_VH2A_eth_call.json,77dcfbd8d08673fbb62d13d54fcda9143b94b2473184f016f63c0b1ec0cd8e7e,368
project/semantic_explanation_validation_v1/03_execution/raw_rpc/000056_VESTA_VH2_VH2A_eth_call.json,022a1cecd05bb97457886f59ada51ff4494cc57d29b6680a378fc4153b9a0c14,432
project/semantic_explanation_validation_v1/03_execution/raw_rpc/000057_VESTA_VH2_VH2A_eth_call.json,ce0c722cfc56eb80c1b23bbe14572498d8785da4d4e21ba3fae18f0c4ef97f02,432
project/semantic_explanation_validation_v1/03_execution/raw_rpc/000058_VESTA_VH2_VH2A_eth_sendTransaction.json,e3ed1f258e9968117414a973a0e0584e62cd418970b617d0d8ba1819861c6270,517
project/semantic_explanation_validation_v1/03_execution/raw_rpc/000059_VESTA_VH2_VH2A_eth_getTransactionReceipt.json,286feeec1dd75272339a22cb39da89cc001513a69faed339a38121d2e6f77197,2704
project/semantic_explanation_validation_v1/03_execution/raw_rpc/000060_VESTA_VH2_VH2A_debug_traceTransaction.json.gz,b0a81fcbed5fddf3c5a7e47b11eb001a84c7a3ad557a8b725d9b1f9fa0f04403,122892
project/semantic_explanation_validation_v1/03_execution/raw_rpc/000061_VESTA_VH2_VH2A_eth_call.json,d8d6891b80f3898bbad690addfe4d28efc81d516730ecb8389f41f5b37cb679c,368
project/semantic_explanation_validation_v1/03_execution/raw_rpc/000062_VESTA_VH2_VH2A_eth_call.json,32585ae30ce1f692540c118013d97f3e9d8c02494608ad8f0043a18829fe29b5,432
project/semantic_explanation_validation_v1/03_execution/raw_rpc/000063_VESTA_VH2_VH2A_eth_call.json,837f8fc5aae96977bbbe4b5c3813f53b13b1012deef7d107c4b25a8271d0b40e,432
project/semantic_explanation_validation_v1/03_execution/raw_rpc/000064_VESTA_VH2_VH2B_hardhat_reset.json,46282dd2cb8ef6645bc64328d0de762ff8cfc7a0272f226ef1c3c697f5dc1226,320
project/semantic_explanation_validation_v1/03_execution/raw_rpc/000065_VESTA_VH2_VH2B_eth_getBlockByNumber.json,9cd0a2abb3645d321a9ed0dabf0d2b5384cc892c88dc79f24b1f9ac4a54478dc,2205
project/semantic_explanation_validation_v1/03_execution/raw_rpc/000066_VESTA_VH2_VH2B_hardhat_impersonateAccount.json,24d7208a1a41bfc42677d7c3acc4103c9cd0d717df0ac2c88889a644317ca465,252
project/semantic_explanation_validation_v1/03_execution/raw_rpc/000067_VESTA_VH2_VH2B_hardhat_setBalance.json,18fcb3874768f786728fd0ce3fc48c56268420139fa005aa4d70f6d6c38fcd14,275
project/semantic_explanation_validation_v1/03_execution/raw_rpc/000068_VESTA_VH2_VH2B_hardhat_setCode.json,f04686cf8e65cd2cd1295dab5bc380867f006b99aacea2d0220a3d02233ef475,837
project/semantic_explanation_validation_v1/03_execution/raw_rpc/000069_VESTA_VH2_VH2B_hardhat_setCode.json,1ea075151e7430c4f203c8944820e36574cc0552133cb1de40a44969c615d7b7,837
project/semantic_explanation_validation_v1/03_execution/raw_rpc/000070_VESTA_VH2_VH2B_evm_setNextBlockTimestamp.json,07af562950076bd23a6e78c42e36cfb06e6049e925e59f4ab9052ea9aad638db,225
project/semantic_explanation_validation_v1/03_execution/raw_rpc/000071_VESTA_VH2_VH2B_eth_sendTransaction.json,c8fe24b38223fcad0f451ad29f8ab11410ab305339e0f0f0db8181c802911468,517
project/semantic_explanation_validation_v1/03_execution/raw_rpc/000072_VESTA_VH2_VH2B_eth_getTransactionReceipt.json,11b361c93bff30d2ffde9e25a225f3d530ea8303bde0ffef95cce181134fc6ba,2786
project/semantic_explanation_validation_v1/03_execution/raw_rpc/000073_VESTA_VH2_VH2B_hardhat_setCode.json,6e3db2b715ee68b001d2b0dec3228843206c3747cbeb236e512b4e7e1e6bfc45,759
project/semantic_explanation_validation_v1/03_execution/raw_rpc/000074_VESTA_VH2_VH2B_hardhat_setCode.json,55cf9286659c13066fa04d344ee3dc628ecc5777014b0ff5d817bef5384d96da,837
project/semantic_explanation_validation_v1/03_execution/raw_rpc/000075_VESTA_VH2_VH2B_evm_setNextBlockTimestamp.json,a71ee80502f4a5feb59ec61f490e754e77cb1bb95d25ce05522b0a343783b720,225
project/semantic_explanation_validation_v1/03_execution/raw_rpc/000076_VESTA_VH2_VH2B_eth_call.json,4917f66229f6b727acd6a456c3cd91d0d16572ebad50958f89a73c79812b3d59,368
project/semantic_explanation_validation_v1/03_execution/raw_rpc/000077_VESTA_VH2_VH2B_eth_call.json,4ec015eef87f5c6a1c052becdba3c5c6e944ae9ed56a7ac84e91b58c7fcf5219,432
project/semantic_explanation_validation_v1/03_execution/raw_rpc/000078_VESTA_VH2_VH2B_eth_call.json,5a1943031ba9c585f32ed077c52b0aecb9a3fff680c8216a77c0413f28ae7663,432
project/semantic_explanation_validation_v1/03_execution/raw_rpc/000079_VESTA_VH2_VH2B_eth_sendTransaction.json,4068b0604d182dfef13ae23df001628324d7c9683d920f29ed7e5cec2fdba4ad,517
project/semantic_explanation_validation_v1/03_execution/raw_rpc/000080_VESTA_VH2_VH2B_eth_getTransactionReceipt.json,3dfb59a01796c1e2cacd15502668d5cf84b1742379f1dfda3f584be770c1ebf0,2704
project/semantic_explanation_validation_v1/03_execution/raw_rpc/000081_VESTA_VH2_VH2B_debug_traceTransaction.json.gz,0ef66ee7ce98b7a5869621c2d42c12eb049c08ae716a7ee93fd6a8e7d5840209,99272
project/semantic_explanation_validation_v1/03_execution/raw_rpc/000082_VESTA_VH2_VH2B_eth_call.json,dd8d7fd3ffc9b3b1acad0f71db3424d3454c06c2af9dc8fca0af92d02c65e5d6,368
project/semantic_explanation_validation_v1/03_execution/raw_rpc/000083_VESTA_VH2_VH2B_eth_call.json,6899f599caae981419b984f7e18fae9aa00fbf73631cc5c9b22bb9e9d43d66b4,432
project/semantic_explanation_validation_v1/03_execution/raw_rpc/000084_VESTA_VH2_VH2B_eth_call.json,bca0340cf98e942000fe09bdd2bbaf8f1709d80f001dd32f68b27d7ffe806a44,432
project/semantic_explanation_validation_v1/03_execution/raw_rpc/000085_VESTA_VH3_VH3A_hardhat_reset.json,a24530bca6f54980838755e132684d63481290c871f1c4276bae24ba12c99238,320
project/semantic_explanation_validation_v1/03_execution/raw_rpc/000086_VESTA_VH3_VH3A_eth_getBlockByNumber.json,442088649759520ed9728ffdc2a11e45a75da182d0bc979be48e764da207dd19,2205
project/semantic_explanation_validation_v1/03_execution/raw_rpc/000087_VESTA_VH3_VH3A_hardhat_impersonateAccount.json,013e0d52ec5d36c5b5156e0106094c3da322583b4e8cc3d14874f8f738aadd09,252
project/semantic_explanation_validation_v1/03_execution/raw_rpc/000088_VESTA_VH3_VH3A_hardhat_setBalance.json,57ddb9f0ab667330d72a6a5837b9dfb6da742c54047f870c246be83fbda834b0,275
project/semantic_explanation_validation_v1/03_execution/raw_rpc/000089_VESTA_VH3_VH3A_hardhat_setCode.json,a17e8086fdf36bfce11b06ee4f36b4c900d5cdc5ac1f47ddd0edec766bf36050,837
project/semantic_explanation_validation_v1/03_execution/raw_rpc/000090_VESTA_VH3_VH3A_hardhat_setCode.json,31e53110b54e1eb556a3f947b277adf7117a779e0052fa076c284f27d61d363a,837
project/semantic_explanation_validation_v1/03_execution/raw_rpc/000091_VESTA_VH3_VH3A_evm_setNextBlockTimestamp.json,9822a7fa32bfa715b3fb85deaf41f83b71e43ae6869f1b9b8d574293e7b5c11c,225
project/semantic_explanation_validation_v1/03_execution/raw_rpc/000092_VESTA_VH3_VH3A_eth_sendTransaction.json,4b35e23c14ce9f7a03ae7392d387cd184fb449df21f9768337d0f9820129b6d1,517
project/semantic_explanation_validation_v1/03_execution/raw_rpc/000093_VESTA_VH3_VH3A_eth_getTransactionReceipt.json,4b5fde94744ff3b940a09e09035476b66378ace191bf4b0a1e4b9c101cdcd62e,2786
project/semantic_explanation_validation_v1/03_execution/raw_rpc/000094_VESTA_VH3_VH3A_hardhat_setCode.json,f8f36954e8f9ac31b5c27e5c1a370f1ce2e95a5bce5d1bea265b5af04690abec,837
project/semantic_explanation_validation_v1/03_execution/raw_rpc/000095_VESTA_VH3_VH3A_hardhat_setCode.json,c05bba18bffc43ae37313d36bb756d720350b4c6251e3e9d4a4c30715f61c62e,837
project/semantic_explanation_validation_v1/03_execution/raw_rpc/000096_VESTA_VH3_VH3A_evm_setNextBlockTimestamp.json,3c1900695efc49485d25227f93d3a6bbf697704cae9ece4e81c22aea8caecc43,225
project/semantic_explanation_validation_v1/03_execution/raw_rpc/000097_VESTA_VH3_VH3A_eth_call.json,8e9de0f365a1092da7df502972b56828d5887733690a391ae2437ce436579ecb,368
project/semantic_explanation_validation_v1/03_execution/raw_rpc/000098_VESTA_VH3_VH3A_eth_call.json,c05e67a1f0f4946db019523e98de12d234a894155a2d5a2b62c470b4ee4ca87f,432
project/semantic_explanation_validation_v1/03_execution/raw_rpc/000099_VESTA_VH3_VH3A_eth_call.json,d138f36822a12d24bc5345570979a37c36bfd96a618e736a258e07dd3f4c7d85,432
project/semantic_explanation_validation_v1/03_execution/raw_rpc/000100_VESTA_VH3_VH3A_eth_sendTransaction.json,abd40b2c1ccdfee8715c2d92d27efa116823d85d4d90936ff9518023495ef1d4,519
project/semantic_explanation_validation_v1/03_execution/raw_rpc/000101_VESTA_VH3_VH3A_eth_getTransactionReceipt.json,992287e48c876ec1afaaa7e60ea99f70c51ced0eec3e3d303a8a3f748f59415d,2788
project/semantic_explanation_validation_v1/03_execution/raw_rpc/000102_VESTA_VH3_VH3A_debug_traceTransaction.json.gz,6b75ab5e888990067f82cb5269b66078de764337d02441b80850986bea8a6c4f,150662
project/semantic_explanation_validation_v1/03_execution/raw_rpc/000103_VESTA_VH3_VH3A_eth_call.json,f6d68ea9933f133867d1a7afb3ba1e58d983f8ec4276966d219d88cd83d9c326,370
project/semantic_explanation_validation_v1/03_execution/raw_rpc/000104_VESTA_VH3_VH3A_eth_call.json,bea987a0882b534ef595e4fa56e3a90c012916def0b866560e48bb576b798198,434
project/semantic_explanation_validation_v1/03_execution/raw_rpc/000105_VESTA_VH3_VH3A_eth_call.json,f0ad4b457c023d59f82cb77811fb190bbc8ac7e13edbba58289cedb1f3cef8a5,434
project/semantic_explanation_validation_v1/03_execution/raw_rpc/000106_VESTA_VH3_VH3B_hardhat_reset.json,88831afd98d97c4c00ca03d28df3b361f2f9783435c2535b3fcd1775c8f5a42a,322
project/semantic_explanation_validation_v1/03_execution/raw_rpc/000107_VESTA_VH3_VH3B_eth_getBlockByNumber.json,50fe67f50bd808deab7fea685a16ca9407cb9f38429d2d054f9a76ffe12aaaed,2207
project/semantic_explanation_validation_v1/03_execution/raw_rpc/000108_VESTA_VH3_VH3B_hardhat_impersonateAccount.json,8561c80e34207bb2a2c64ebcf048c31bc187544da0d51c573e3db08fe0ebf851,254
project/semantic_explanation_validation_v1/03_execution/raw_rpc/000109_VESTA_VH3_VH3B_hardhat_setBalance.json,6618e65dbbf7fddabf285792b21ab689d8e2ab36866700a95371613177dfe876,277
project/semantic_explanation_validation_v1/03_execution/raw_rpc/000110_VESTA_VH3_VH3B_hardhat_setCode.json,0a098e6ba6bdcb40ded3ffcecb80952f2609a15fc1ba2c2afc399f0598299057,839
project/semantic_explanation_validation_v1/03_execution/raw_rpc/000111_VESTA_VH3_VH3B_hardhat_setCode.json,874689efef627d342a9b8d49a43b98d17fd435d456070b12aff3f6cba45a1b3b,839
project/semantic_explanation_validation_v1/03_execution/raw_rpc/000112_VESTA_VH3_VH3B_evm_setNextBlockTimestamp.json,3c3253343f7277d42f5c5c90cdbfce611b337af96e86c31a2c448173cb253e42,227
project/semantic_explanation_validation_v1/03_execution/raw_rpc/000113_VESTA_VH3_VH3B_eth_sendTransaction.json,d0d3c91d432f9e6457503f7bc2bf0bfd3b55bdde6a1780d599b92ae7f3388c14,519
project/semantic_explanation_validation_v1/03_execution/raw_rpc/000114_VESTA_VH3_VH3B_eth_getTransactionReceipt.json,fdaeaa7afa8794f86d33638568906eb472e37ffc6cf788a371a4a4008b3294ae,2788
project/semantic_explanation_validation_v1/03_execution/raw_rpc/000115_VESTA_VH3_VH3B_hardhat_setCode.json,99bcd7c8ef3e26db9899cd9100e60df1f7154c868074c450dac60467cd0af705,839
project/semantic_explanation_validation_v1/03_execution/raw_rpc/000116_VESTA_VH3_VH3B_hardhat_setCode.json,9d40a685b2486db0cd537a19aba74d8242740c584fca461b3f3b4cf9b5c9701e,839
project/semantic_explanation_validation_v1/03_execution/raw_rpc/000117_VESTA_VH3_VH3B_evm_setNextBlockTimestamp.json,32a027c422219906757b2f15cb9d994e3adc0583c20c618b601cf31c73e1252e,227
project/semantic_explanation_validation_v1/03_execution/raw_rpc/000118_VESTA_VH3_VH3B_eth_call.json,df77ab4b30de7ca93c8fa78a984f07a52635bfb7a608ba3c1932f98fc6d5ee03,370
project/semantic_explanation_validation_v1/03_execution/raw_rpc/000119_VESTA_VH3_VH3B_eth_call.json,c668c2d69009a7e8f9bda654d43e80ef934ed625dea167e5fa3aba46e6213779,434
project/semantic_explanation_validation_v1/03_execution/raw_rpc/000120_VESTA_VH3_VH3B_eth_call.json,06f01f2c698dbc671cae23ad7224cd9c4cd77fe5c0a8c714ce9b5ad846b153dc,434
project/semantic_explanation_validation_v1/03_execution/raw_rpc/000121_VESTA_VH3_VH3B_eth_sendTransaction.json,8199f3e8409222067baca24c78796965e7c89d521659134241c2d2e380b08bd0,519
project/semantic_explanation_validation_v1/03_execution/raw_rpc/000122_VESTA_VH3_VH3B_eth_getTransactionReceipt.json,b4ccc4d34336453624db8fbeac111c90bcabc6e9c99295264c04cc5ac5334224,2788
project/semantic_explanation_validation_v1/03_execution/raw_rpc/000123_VESTA_VH3_VH3B_debug_traceTransaction.json.gz,ca9d800269221de0957dbcaa09e8bd2cf0a7e591d7c5d2306202eda0b21bc649,152358
project/semantic_explanation_validation_v1/03_execution/raw_rpc/000124_VESTA_VH3_VH3B_eth_call.json,d147c550b727a2fe56ebb6672b60e672a1bd63863096407ead723c141609011c,370
project/semantic_explanation_validation_v1/03_execution/raw_rpc/000125_VESTA_VH3_VH3B_eth_call.json,7765bfab0c237c9a4de86b06b6eb0f965f0ff01f7c64093e90d05c1fd694f715,434
project/semantic_explanation_validation_v1/03_execution/raw_rpc/000126_VESTA_VH3_VH3B_eth_call.json,59229285a0cd6ce283cfcbd357867c7f688b19f85bbc0167b44bf60c539d04ce,434
project/semantic_explanation_validation_v1/03_execution/raw_rpc/000127_VESTA_VH4_VH4A_hardhat_reset.json,4a9ba11666bbc030d590df91c05eae57896d6d67549a20dbf5a09a9cdceb1d70,322
project/semantic_explanation_validation_v1/03_execution/raw_rpc/000128_VESTA_VH4_VH4A_eth_getBlockByNumber.json,ac43358e0d91d2228195b0d7cf5d1ab559201d1f05c1f3c9af2bc7288cde577f,2207
project/semantic_explanation_validation_v1/03_execution/raw_rpc/000129_VESTA_VH4_VH4A_hardhat_impersonateAccount.json,9af0d0fce2a82508fff0351a61baa45a20a7356efa3f9a060f987c7f650617f4,254
project/semantic_explanation_validation_v1/03_execution/raw_rpc/000130_VESTA_VH4_VH4A_hardhat_setBalance.json,a786d7dbb0c6db3eb4e9b98b7548936170e04555495fcdaacd037d6c2f5e1b4e,277
project/semantic_explanation_validation_v1/03_execution/raw_rpc/000131_VESTA_VH4_VH4A_hardhat_setCode.json,20ab7f0e951873d9a9fd77ca97ec5964336221aa77fef9fb62ee79024e8f2425,839
project/semantic_explanation_validation_v1/03_execution/raw_rpc/000132_VESTA_VH4_VH4A_hardhat_setCode.json,08c24378ccff5f96a4983754bd0cdd7bbe099a75354eb26ab49d045c50905e9c,839
project/semantic_explanation_validation_v1/03_execution/raw_rpc/000133_VESTA_VH4_VH4A_evm_setNextBlockTimestamp.json,c19f6c5e07126d2eae3a7901e6b89f81811d38dc23404ac80ede5888dc829496,227
project/semantic_explanation_validation_v1/03_execution/raw_rpc/000134_VESTA_VH4_VH4A_eth_sendTransaction.json,ba5de4db8b30ac3d1cbe51703f85dac05224081f8e5ea27abcb228ddcf2c5286,519
project/semantic_explanation_validation_v1/03_execution/raw_rpc/000135_VESTA_VH4_VH4A_eth_getTransactionReceipt.json,7d5f5da4d7c0e43802d17aca252020d1f88a2b031616b4cccfffb53f32f1aeb2,2788
project/semantic_explanation_validation_v1/03_execution/raw_rpc/000136_VESTA_VH4_VH4A_hardhat_setCode.json,6d897c7b912fb4750c8297c4d52188de533378224e259a753afc56ea239cb48a,839
project/semantic_explanation_validation_v1/03_execution/raw_rpc/000137_VESTA_VH4_VH4A_hardhat_setCode.json,5c1d13411f4f2474c9031d78d5853f931257a8a5d4cf80ec2c4edc88edc8282e,839
project/semantic_explanation_validation_v1/03_execution/raw_rpc/000138_VESTA_VH4_VH4A_evm_setNextBlockTimestamp.json,93334e62701f78c003da5bac3c376ea83ff312f1e679d8f1920274e2fe6c39ea,227
project/semantic_explanation_validation_v1/03_execution/raw_rpc/000139_VESTA_VH4_VH4A_eth_call.json,c155c5b52901a5924a4bdd7a9a7fa2a617dcfc714d9ba13402ecb63a5355fa4a,370
project/semantic_explanation_validation_v1/03_execution/raw_rpc/000140_VESTA_VH4_VH4A_eth_call.json,d6a7270d9a2335cd22803d94a89d52311c87c472721e21620899210884bedc78,434
project/semantic_explanation_validation_v1/03_execution/raw_rpc/000141_VESTA_VH4_VH4A_eth_call.json,e0528ca9706effe0ead267d8b90f2ff060ce0bdc6a17f0b11a959c30ce5e9f1c,434
project/semantic_explanation_validation_v1/03_execution/raw_rpc/000142_VESTA_VH4_VH4A_eth_sendTransaction.json,c0c582819a05abc373149bd50ed83fa600a34b87ceba18cae6693247f0eeab9a,519
project/semantic_explanation_validation_v1/03_execution/raw_rpc/000143_VESTA_VH4_VH4A_eth_getTransactionReceipt.json,b4aa6bfb95d78af8552193e84f52e921d8ef40417d478f614f7cd8db42682af1,2706
project/semantic_explanation_validation_v1/03_execution/raw_rpc/000144_VESTA_VH4_VH4A_debug_traceTransaction.json.gz,8af3f96c1368f40c1f5e34a7f3499c023114411b03c4ae83681a42866d7dd5b0,123127
project/semantic_explanation_validation_v1/03_execution/raw_rpc/000145_VESTA_VH4_VH4A_eth_call.json,aa5b8cb48537022c925936419bed7b565ae7ca836516c3451f909dc536ab13fa,370
project/semantic_explanation_validation_v1/03_execution/raw_rpc/000146_VESTA_VH4_VH4A_eth_call.json,37395437fdaf65100e427070b7bdf453e0048de8e348ab59666372b7e51e5a69,434
project/semantic_explanation_validation_v1/03_execution/raw_rpc/000147_VESTA_VH4_VH4A_eth_call.json,104ab28440095716b704e1034ad9d83034a008f7331d7be0a25c94a515954d44,434
project/semantic_explanation_validation_v1/03_execution/raw_rpc/000148_VESTA_VH4_VH4B_hardhat_reset.json,c2449de2b29d3651d71b5f8dc9a4841fd8d71b27db1fb90c0f914f25aec31c05,322
project/semantic_explanation_validation_v1/03_execution/raw_rpc/000149_VESTA_VH4_VH4B_eth_getBlockByNumber.json,ac22db00bf424d63e533560f62f9c114eaee6db9c408f424f7379fedd1bd4b27,2207
project/semantic_explanation_validation_v1/03_execution/raw_rpc/000150_VESTA_VH4_VH4B_hardhat_impersonateAccount.json,63eb578eb32aa438eae4ec9279d7b4bca51c4f3d92d930f79b3cd9da6faf4943,254
project/semantic_explanation_validation_v1/03_execution/raw_rpc/000151_VESTA_VH4_VH4B_hardhat_setBalance.json,972a49c137ff2118b507b5416415cf8755b75cb8984c5da501acb1957298cbdf,277
project/semantic_explanation_validation_v1/03_execution/raw_rpc/000152_VESTA_VH4_VH4B_hardhat_setCode.json,fbc32023a34bcbedb80934d6080c6f6fd8ea2b9c0117598cdff2e274cc75bbe1,839
project/semantic_explanation_validation_v1/03_execution/raw_rpc/000153_VESTA_VH4_VH4B_hardhat_setCode.json,dd6319bfe20d562c0c6aaa06101bd0613609257554473079165889f90741b609,839
project/semantic_explanation_validation_v1/03_execution/raw_rpc/000154_VESTA_VH4_VH4B_evm_setNextBlockTimestamp.json,a4a59f0d0fe327bca60d62bc67fae2afdd5cbb47984024d68108d8292ebc0a97,227
project/semantic_explanation_validation_v1/03_execution/raw_rpc/000155_VESTA_VH4_VH4B_eth_sendTransaction.json,8396cfc8eaa310275a6bb1b803b1d7cbda2c7d96dbd6bb9ea154b7e6441ca5d1,519
project/semantic_explanation_validation_v1/03_execution/raw_rpc/000156_VESTA_VH4_VH4B_eth_getTransactionReceipt.json,c67711211079b4212bbdc0e62d6f1bd3026569cd44924521977d8967ced95fdd,2788
project/semantic_explanation_validation_v1/03_execution/raw_rpc/000157_VESTA_VH4_VH4B_hardhat_setCode.json,87c22177fcfd0969348d194423392aef1f504fb2e3c26f33885c6fc450f8d653,839
project/semantic_explanation_validation_v1/03_execution/raw_rpc/000158_VESTA_VH4_VH4B_hardhat_setCode.json,047eeea1c38b9f366cd659522c2fbf4c3dd6304dbd363f73ae27f18310b5be75,839
project/semantic_explanation_validation_v1/03_execution/raw_rpc/000159_VESTA_VH4_VH4B_evm_setNextBlockTimestamp.json,208d50d6036a3b19e6fe529a58e886f4840f80a4e90612d71376b0e27711589b,227
project/semantic_explanation_validation_v1/03_execution/raw_rpc/000160_VESTA_VH4_VH4B_eth_call.json,c33629195e84bbbcb4a57142281b77eef397e9c082672b93f84775769ba104a2,370
project/semantic_explanation_validation_v1/03_execution/raw_rpc/000161_VESTA_VH4_VH4B_eth_call.json,91c330031ae46992962296cac46afe5e69ef83b483bb7f42ad6041f149411969,434
project/semantic_explanation_validation_v1/03_execution/raw_rpc/000162_VESTA_VH4_VH4B_eth_call.json,a7b617b95965a23ce9f2c718cba600ff007f802e72e0d07ba64136778509bd6c,434
project/semantic_explanation_validation_v1/03_execution/raw_rpc/000163_VESTA_VH4_VH4B_eth_sendTransaction.json,163b9baa9b2129004d55e63c9a635f41ea75f84520a1724876b6b838b4e4870c,519
project/semantic_explanation_validation_v1/03_execution/raw_rpc/000164_VESTA_VH4_VH4B_eth_getTransactionReceipt.json,7bb335ce0833b869a7e65e3127e38bad048020883e9384499a9b852408374268,2788
project/semantic_explanation_validation_v1/03_execution/raw_rpc/000165_VESTA_VH4_VH4B_debug_traceTransaction.json.gz,d2370a840d0388f8b5bcb21fc2f8e2f240dc60f224710e2d8caa1369872b921d,150306
project/semantic_explanation_validation_v1/03_execution/raw_rpc/000166_VESTA_VH4_VH4B_eth_call.json,8d53aa6e662237914efcead0f8e5da66aba807f5c5f6864e06ba07fbb5836f14,370
project/semantic_explanation_validation_v1/03_execution/raw_rpc/000167_VESTA_VH4_VH4B_eth_call.json,c1601849833d25a674cb213b34e4c1018b1ec90166b549846ff712a6ff762f55,434
project/semantic_explanation_validation_v1/03_execution/raw_rpc/000168_VESTA_VH4_VH4B_eth_call.json,ba03f4e22b86b99326aa23c8c1fc514ebf2fce13a878cf6b24915f923b78730a,434
project/semantic_explanation_validation_v1/03_execution/raw_rpc/000169_VESTA_VH5_VH5A_hardhat_reset.json,93c41a9cecf48f5d070eea595326c303b522e6e121b25abef9183540e53b8876,322
project/semantic_explanation_validation_v1/03_execution/raw_rpc/000170_VESTA_VH5_VH5A_eth_getBlockByNumber.json,73efbfdae7fedb9f820e2eca91df3af9e76143cebc611c7c5d7faa704e54dc78,2207
project/semantic_explanation_validation_v1/03_execution/raw_rpc/000171_VESTA_VH5_VH5A_hardhat_impersonateAccount.json,699132cfa4e4f9e7870500b831ed12af6ae45d49b772086b02c3b45fdf57ec3e,254
project/semantic_explanation_validation_v1/03_execution/raw_rpc/000172_VESTA_VH5_VH5A_hardhat_setBalance.json,91743f4739a23761d0976a640e06d84e9c6e953d4719deb5b258128bf2ad77d6,277
project/semantic_explanation_validation_v1/03_execution/raw_rpc/000173_VESTA_VH5_VH5A_hardhat_setCode.json,e917ff268d08f33ee2deee1080e759691d87a48f03eddad078e983c2dc5c66bc,839
project/semantic_explanation_validation_v1/03_execution/raw_rpc/000174_VESTA_VH5_VH5A_hardhat_setCode.json,1d4bd4d9c835036b87ba8b5f8790f9da5dc3952afc9d011db465bddbd226d988,839
project/semantic_explanation_validation_v1/03_execution/raw_rpc/000175_VESTA_VH5_VH5A_evm_setNextBlockTimestamp.json,22c100ecdc20243fce398e1d667a69e742eb5e4b38450ed82a39636cbd747232,227
project/semantic_explanation_validation_v1/03_execution/raw_rpc/000176_VESTA_VH5_VH5A_eth_sendTransaction.json,c092c01f4cffb534a0d1641586ec13b67fd546c15cae19abf5f91579c6688b62,519
project/semantic_explanation_validation_v1/03_execution/raw_rpc/000177_VESTA_VH5_VH5A_eth_getTransactionReceipt.json,e3be5f559a4b63c3ec63c728f6db726cc2fa44d02c2b30adf4679adb9107aec8,2788
project/semantic_explanation_validation_v1/03_execution/raw_rpc/000178_VESTA_VH5_VH5A_hardhat_setCode.json,00b7c5d7c9eadeca81838f5813777de80e534c69b3c49bb0f3d05f7bbc6d18e7,839
project/semantic_explanation_validation_v1/03_execution/raw_rpc/000179_VESTA_VH5_VH5A_hardhat_setCode.json,d42de596cb5c2ed9dc4aff0efdaf75d7acfbf7c60ceef731481eec166094115f,839
project/semantic_explanation_validation_v1/03_execution/raw_rpc/000180_VESTA_VH5_VH5A_evm_setNextBlockTimestamp.json,914c3e40f3eaf96cda5b1a94494ef4cafa5c586d0b5bd082008ef1bbbdbd996f,227
project/semantic_explanation_validation_v1/03_execution/raw_rpc/000181_VESTA_VH5_VH5A_eth_call.json,173f028d9a7dfe4cf2125e0217bac97454f01c4e460f31fc054b8f31a3da1328,370
project/semantic_explanation_validation_v1/03_execution/raw_rpc/000182_VESTA_VH5_VH5A_eth_call.json,cda533ff722e81f6fcd902eef3e9bf0dcda990d04bbaea6f513e1d54ab2625bf,434
project/semantic_explanation_validation_v1/03_execution/raw_rpc/000183_VESTA_VH5_VH5A_eth_call.json,24710f083f97af1c11f71e54aae9b42c503b84187bd64ae62d9897379ed72f85,434
project/semantic_explanation_validation_v1/03_execution/raw_rpc/000184_VESTA_VH5_VH5A_eth_sendTransaction.json,6b66fb4e3645f957d0e4c6f77702397859d98ac0dcf176a91f2c169f77bb9488,519
project/semantic_explanation_validation_v1/03_execution/raw_rpc/000185_VESTA_VH5_VH5A_eth_getTransactionReceipt.json,979e50bda4a35be9592311517848492b0ea42705e474899a38b4eaf43bc97ed3,2788
project/semantic_explanation_validation_v1/03_execution/raw_rpc/000186_VESTA_VH5_VH5A_debug_traceTransaction.json.gz,6237d6af63ae925473c02c94771302c0a1608f12b03b17f3e18a1cd16ba7aaab,150521
project/semantic_explanation_validation_v1/03_execution/raw_rpc/000187_VESTA_VH5_VH5A_eth_call.json,2b10519d6c0df8d965259938e95f7c870d7c21e3eab35970b3dd7ee37b82389a,370
project/semantic_explanation_validation_v1/03_execution/raw_rpc/000188_VESTA_VH5_VH5A_eth_call.json,472d64549261cccbeb128197fccd86a0b451a80bf0d07b76309886ea7d7e2d95,434
project/semantic_explanation_validation_v1/03_execution/raw_rpc/000189_VESTA_VH5_VH5A_eth_call.json,7abaf317b7d3b0145eee2ddeb4bc05fb16191758a3d918ef3fd12e8145225b03,434
project/semantic_explanation_validation_v1/03_execution/raw_rpc/000190_VESTA_VH5_VH5B_hardhat_reset.json,33ad3849cbf3b0923aa26e5c33206f3185639cd6052d0197d3585f29ec26a584,322
project/semantic_explanation_validation_v1/03_execution/raw_rpc/000191_VESTA_VH5_VH5B_eth_getBlockByNumber.json,687d687f4ea630ae60dad384e0d6d3792274e93ed7e8401750b098ca1f9cb5d2,2207
project/semantic_explanation_validation_v1/03_execution/raw_rpc/000192_VESTA_VH5_VH5B_hardhat_impersonateAccount.json,64e2e33272f399b921560ca59d5ee0f2141a852cdc00dd93bac16be2548f3245,254
project/semantic_explanation_validation_v1/03_execution/raw_rpc/000193_VESTA_VH5_VH5B_hardhat_setBalance.json,5183e935e4bea2a913ee139c97c73f58a3b6ea4dc6f0dd05f3004f7819662c35,277
project/semantic_explanation_validation_v1/03_execution/raw_rpc/000194_VESTA_VH5_VH5B_hardhat_setCode.json,d5be223c10fed9a95dcc902fa497fb42e6ac31855a63b724c0c3bef5286e0881,839
project/semantic_explanation_validation_v1/03_execution/raw_rpc/000195_VESTA_VH5_VH5B_hardhat_setCode.json,d4d4228e0334e01cb0fdc98a336f7209c3fd509b896353b37598a8fcb75bc929,839
project/semantic_explanation_validation_v1/03_execution/raw_rpc/000196_VESTA_VH5_VH5B_evm_setNextBlockTimestamp.json,02920934e116629d6faacf7190bcd6adbe126d02044eff37581c993f2abc2f8d,227
project/semantic_explanation_validation_v1/03_execution/raw_rpc/000197_VESTA_VH5_VH5B_eth_sendTransaction.json,3790370b40ea60dd129f7b158e3011ad01c4ea3ee9741ebd890ca3814127d293,519
project/semantic_explanation_validation_v1/03_execution/raw_rpc/000198_VESTA_VH5_VH5B_eth_getTransactionReceipt.json,8ee83c5178a5e29a6abcf9d3152d5c43a9c57b00ad83483c7cd3e692761e8b3c,2788
project/semantic_explanation_validation_v1/03_execution/raw_rpc/000199_VESTA_VH5_VH5B_hardhat_setCode.json,63a444616c6b4a4a100a7f8b0b28da4f48a5c5fb20208e69810d8396420b3e75,839
project/semantic_explanation_validation_v1/03_execution/raw_rpc/000200_VESTA_VH5_VH5B_hardhat_setCode.json,301ef13a4a40c90c476d00956d45467f0a32fdd3b98d27493c9c4e3b3e2f2242,839
project/semantic_explanation_validation_v1/03_execution/raw_rpc/000201_VESTA_VH5_VH5B_evm_setNextBlockTimestamp.json,489fe9ce902dc4133934b8f624751e685cb55cc5a76a5621b7c06eca1e5ea7e3,227
project/semantic_explanation_validation_v1/03_execution/raw_rpc/000202_VESTA_VH5_VH5B_eth_call.json,24e61bd327f54dd885a4ac210293b5498a550ba3b30e32009d1f181e5c83e93f,370
project/semantic_explanation_validation_v1/03_execution/raw_rpc/000203_VESTA_VH5_VH5B_eth_call.json,2f8bde9946d507f7e501561f7340aab4af29936e1a7d720c0cd4d4511fdf607d,434
project/semantic_explanation_validation_v1/03_execution/raw_rpc/000204_VESTA_VH5_VH5B_eth_call.json,fd0c028f6c0285f094f0792935c3a96ebcce80b40a1d8f36166f921a80ae9c79,434
project/semantic_explanation_validation_v1/03_execution/raw_rpc/000205_VESTA_VH5_VH5B_eth_sendTransaction.json,aeeec5447c611c7fc51d93341b7454b6440f517d3a2d2ef6667cc4a9b48a9f88,519
project/semantic_explanation_validation_v1/03_execution/raw_rpc/000206_VESTA_VH5_VH5B_eth_getTransactionReceipt.json,68e4ec6309e1065a7b85b9de7f004a59d4a22710dac4a61e3424cdabced1a8be,2788
project/semantic_explanation_validation_v1/03_execution/raw_rpc/000207_VESTA_VH5_VH5B_debug_traceTransaction.json.gz,306b7f8c52070de8bd3d1c325b791429d1bdfc10abd46be13e0a77766df9a3cf,154137
project/semantic_explanation_validation_v1/03_execution/raw_rpc/000208_VESTA_VH5_VH5B_eth_call.json,36980620472a6d8a14d2a7702695499a1a28782152779612f799240b17088551,370
project/semantic_explanation_validation_v1/03_execution/raw_rpc/000209_VESTA_VH5_VH5B_eth_call.json,b924c6a53cb109c7c4bc6913aaf82d4e2c95834412d34de749ac0f70d84fbe18,434
project/semantic_explanation_validation_v1/03_execution/raw_rpc/000210_VESTA_VH5_VH5B_eth_call.json,0f1dce1ae1c778e01cfa312dde895e9cea0a5dcb7c29188cb22f886ac0580c73,434
project/semantic_explanation_validation_v1/03_execution/raw_rpc/000211_AURIGAMI_AH1_AH1A_hardhat_reset.json,6989ea5bb8f123b97e77dee1616924b01da5cf93f7570a2e83e06beaee810ddc,322
project/semantic_explanation_validation_v1/03_execution/raw_rpc/000212_AURIGAMI_AH1_AH1A_eth_getBlockByNumber.json,586bdcc0018fdb580094279ae0eb92473812f58584dd79902696b97ea5160a42,1765
project/semantic_explanation_validation_v1/03_execution/raw_rpc/000213_AURIGAMI_AH1_AH1A_hardhat_impersonateAccount.json,13c50640417e460a2a66faa1f1de69f5d89147ad6f88417ea4a882801480d487,254
project/semantic_explanation_validation_v1/03_execution/raw_rpc/000214_AURIGAMI_AH1_AH1A_hardhat_setBalance.json,4ffc7829d64a5a7b3330f2ebd3f2f9991ce3e738c3a7e3c673459040f31a5ca7,277
project/semantic_explanation_validation_v1/03_execution/raw_rpc/000215_AURIGAMI_AH1_AH1A_hardhat_impersonateAccount.json,6b86ebbd516571d7688daa79abd8c4f750d69cdc066b84e302c87151fd70adf9,254
project/semantic_explanation_validation_v1/03_execution/raw_rpc/000216_AURIGAMI_AH1_AH1A_hardhat_setBalance.json,3a6bfc39103da11fad7ac2bfdeba3e97c9d7121d38efeb72e4481c653bd049d7,277
project/semantic_explanation_validation_v1/03_execution/raw_rpc/000217_AURIGAMI_AH1_AH1A_hardhat_impersonateAccount.json,072aaa229813bb3681ac64cc65aa78b71a85ba04914872ca6bbbf9a681c9f82a,254
project/semantic_explanation_validation_v1/03_execution/raw_rpc/000218_AURIGAMI_AH1_AH1A_hardhat_setBalance.json,7e5a0771540fda1743383fb6441ad05fa19be920bca97629f787773285806180,277
project/semantic_explanation_validation_v1/03_execution/raw_rpc/000219_AURIGAMI_AH1_AH1A_hardhat_setCode.json,8a152f1639829fe98d3970478cd8ff286fa0805c98745da5fbad1c916a734b2d,823
project/semantic_explanation_validation_v1/03_execution/raw_rpc/000220_AURIGAMI_AH1_AH1A_evm_setNextBlockTimestamp.json,5d244a74ac378c1c8b67e8c9e7a4bfc231a7c32b2342ef08d34a6b1ef7f9635b,227
project/semantic_explanation_validation_v1/03_execution/raw_rpc/000221_AURIGAMI_AH1_AH1A_eth_sendTransaction.json,6e29dadbe44cec9b293e1511a367b39d2a42ad9d65761d55e1cd0ca8502a7fa8,647
project/semantic_explanation_validation_v1/03_execution/raw_rpc/000222_AURIGAMI_AH1_AH1A_eth_getTransactionReceipt.json,dc9106718a94036889f434fd307fa95d0ee69d054416fd79a5beecc99d0c8ace,2104
project/semantic_explanation_validation_v1/03_execution/raw_rpc/000223_AURIGAMI_AH1_AH1A_eth_call.json,b18593eedc2ffee500f535899c144bb71c40e3c2c9469a153d6d08541c237d63,562
project/semantic_explanation_validation_v1/03_execution/raw_rpc/000224_AURIGAMI_AH1_AH1A_eth_call.json,f3230715ab463af30b2ab54ad39e93a2501ef7c67a7dd10b3ffd66c3bed3a94d,562
project/semantic_explanation_validation_v1/03_execution/raw_rpc/000225_AURIGAMI_AH1_AH1A_eth_call.json,ea1341177faaf7167eb6fa2ac89a833f96e92adf6115614ca0ed9f5bedeaff42,562
project/semantic_explanation_validation_v1/03_execution/raw_rpc/000226_AURIGAMI_AH1_AH1A_eth_call.json,73682203274c326b53df01de836522f34f10d78bb91bebc11975f8affd4dcbac,562
project/semantic_explanation_validation_v1/03_execution/raw_rpc/000227_AURIGAMI_AH1_AH1A_eth_call.json,ae465b201a6ff08eac43ee840beef4d0fb56858e3a4e5dd4db5e4111c33947de,562
project/semantic_explanation_validation_v1/03_execution/raw_rpc/000228_AURIGAMI_AH1_AH1A_eth_call.json,e269d104216ce773ebfa3480833545b06e1f41a4018226f90f6b66962d9b8e7d,562
project/semantic_explanation_validation_v1/03_execution/raw_rpc/000229_AURIGAMI_AH1_AH1A_eth_call.json,9e986b953dda6b98dc98b52e49a655c8249adb66beba514af95e5a9f406a25e4,370
project/semantic_explanation_validation_v1/03_execution/raw_rpc/000230_AURIGAMI_AH1_AH1A_eth_call.json,6e40bc009acd8e75952a6cfd4f36cd63f19be84dd65522dfa661f75191803423,370
project/semantic_explanation_validation_v1/03_execution/raw_rpc/000231_AURIGAMI_AH1_AH1A_debug_traceCall.json,160c31d188048a31d8ed57de78971482e3ae31ecda258ec5a38af738a8abd9de,101332
project/semantic_explanation_validation_v1/03_execution/raw_rpc/000232_AURIGAMI_AH1_AH1A_eth_call.json,9cfb4b20d9b0644b67f23a60b6e7ef06e2d5c04a99f18636c9ef543964292073,562
project/semantic_explanation_validation_v1/03_execution/raw_rpc/000233_AURIGAMI_AH1_AH1A_eth_call.json,b55f75410d4f09f11ea529d04be5d78325cd6f5695e0784b15de20d22dbc2fcf,562
project/semantic_explanation_validation_v1/03_execution/raw_rpc/000234_AURIGAMI_AH1_AH1A_eth_call.json,a3237081a3e876ead44810725892e21a26d637d04234227bff0c00edd60c9be7,562
project/semantic_explanation_validation_v1/03_execution/raw_rpc/000235_AURIGAMI_AH1_AH1A_eth_call.json,eca54bcaa45e7ec8130a72ebfc047d1219523e6fef65bc008a9a71969ea18e80,562
project/semantic_explanation_validation_v1/03_execution/raw_rpc/000236_AURIGAMI_AH1_AH1A_eth_call.json,b4241a8333250cd45b4b9f7bdbae7e6a9f4b9ec6b4f28b0c4b616263d3048077,562
project/semantic_explanation_validation_v1/03_execution/raw_rpc/000237_AURIGAMI_AH1_AH1A_eth_call.json,e61a8766931d6a7d3a8ac41df636a2360b858e5360fae5d2cfff86b01d9e8ac8,370
project/semantic_explanation_validation_v1/03_execution/raw_rpc/000238_AURIGAMI_AH1_AH1A_eth_call.json,9a7e6ec4ad4bfa0d82060fb43f98be18cb647381ad8a9a5a020633f454fd60bd,370
project/semantic_explanation_validation_v1/03_execution/raw_rpc/000239_AURIGAMI_AH1_AH1A_eth_getBlockByNumber.json,b61e894f45c9f9781cc1241e310c6e2d328bf4f3624264559ab790203c075877,2255
project/semantic_explanation_validation_v1/03_execution/raw_rpc/000240_AURIGAMI_AH1_AH1B_hardhat_reset.json,f76e5dd8ced582181fe4568d7d17ebce0cfb32bc52b18129f595ee9809061b7c,322
project/semantic_explanation_validation_v1/03_execution/raw_rpc/000241_AURIGAMI_AH1_AH1B_eth_getBlockByNumber.json,be67f70a6aad8379f51bae97179b9a75e99cb7e26a37bab75ea1972f7d4a83f6,1765
project/semantic_explanation_validation_v1/03_execution/raw_rpc/000242_AURIGAMI_AH1_AH1B_hardhat_impersonateAccount.json,c8bf3e8a886b2057821e76ba74bdb96fb0427eec73e8adb9b0765b71b522932d,254
project/semantic_explanation_validation_v1/03_execution/raw_rpc/000243_AURIGAMI_AH1_AH1B_hardhat_setBalance.json,8604a838e418cce30073a3c8e012454b39371fc848cfd994a28e70bdf31da767,277
project/semantic_explanation_validation_v1/03_execution/raw_rpc/000244_AURIGAMI_AH1_AH1B_hardhat_impersonateAccount.json,b6504c6219e58ea6bf2980f0713f5eac9ecb4c2023c4ba1aaa37773410cc6240,254
project/semantic_explanation_validation_v1/03_execution/raw_rpc/000245_AURIGAMI_AH1_AH1B_hardhat_setBalance.json,bc47dae6f18d2116340967bf6658f9df448caaf2cd703f11ebfe8588ba509986,277
project/semantic_explanation_validation_v1/03_execution/raw_rpc/000246_AURIGAMI_AH1_AH1B_hardhat_impersonateAccount.json,d901f0184eddf063e2de966116cd0a0d0ae3942038e3f14d5032d387e8f315c4,254
project/semantic_explanation_validation_v1/03_execution/raw_rpc/000247_AURIGAMI_AH1_AH1B_hardhat_setBalance.json,dc24fd9fe431ed69c4ea32e546599b7e4072740b1d9570b71060af112a7b280e,277
project/semantic_explanation_validation_v1/03_execution/raw_rpc/000248_AURIGAMI_AH1_AH1B_hardhat_setCode.json,56a22dca795774c8473eadb6268c6c5ec8aaccc4c2e380d65b78a2f35a91c9c4,823
project/semantic_explanation_validation_v1/03_execution/raw_rpc/000249_AURIGAMI_AH1_AH1B_evm_setNextBlockTimestamp.json,f280e5e6a926c0353e98c604a0996f6b863cf571bbf6cbf63c2cab4b456c0c17,227
project/semantic_explanation_validation_v1/03_execution/raw_rpc/000250_AURIGAMI_AH1_AH1B_eth_sendTransaction.json,b95180dd3956156d7c5048a41781859e21797530c9a7b86156d60c11778027ad,647
project/semantic_explanation_validation_v1/03_execution/raw_rpc/000251_AURIGAMI_AH1_AH1B_eth_getTransactionReceipt.json,b692e0c5dd0e02dc5408cdf6ad0df41936e9c7d09260e8611c20900cfa514685,2104
project/semantic_explanation_validation_v1/03_execution/raw_rpc/000252_AURIGAMI_AH1_AH1B_evm_setNextBlockTimestamp.json,cff923ffdbbc2d40f63ec90d0a405e28a264aadc78d6095baa109b0fff18ded1,227
project/semantic_explanation_validation_v1/03_execution/raw_rpc/000253_AURIGAMI_AH1_AH1B_eth_sendTransaction.json,7a20f43cd2cf09b3347cfe5ddb7d38f0acb787bae5d83c7c108b742f14a96889,647
project/semantic_explanation_validation_v1/03_execution/raw_rpc/000254_AURIGAMI_AH1_AH1B_eth_getTransactionReceipt.json,0392f4d3b10eea777680e6e3a7d06053a90ca12de8b56f4f203012e9323e13d8,2186
project/semantic_explanation_validation_v1/03_execution/raw_rpc/000255_AURIGAMI_AH1_AH1B_eth_call.json,fdee691e5c62ac0f6b3b31a4a56a5ad0051342bc32582f925fb546eebc7b3a10,562
project/semantic_explanation_validation_v1/03_execution/raw_rpc/000256_AURIGAMI_AH1_AH1B_eth_call.json,90fcd24771944c8b94b732eb400ef4c6434c3e61f4fd90237f234eb57ce9ffad,562
project/semantic_explanation_validation_v1/03_execution/raw_rpc/000257_AURIGAMI_AH1_AH1B_eth_call.json,a02c5d1fb133ff0a3090835396600815077435cf06baca9c46677b65bd47c798,562
project/semantic_explanation_validation_v1/03_execution/raw_rpc/000258_AURIGAMI_AH1_AH1B_eth_call.json,90ace01024c8414e7812239ca5c29f1d5cbcd57336f40bdfeb49bfd64fa35225,562
project/semantic_explanation_validation_v1/03_execution/raw_rpc/000259_AURIGAMI_AH1_AH1B_eth_call.json,b47c3cff0d7b4ed80b83ce1bfbc93d49beaa9a9147d379c2be2a9ae621c1adf3,562
project/semantic_explanation_validation_v1/03_execution/raw_rpc/000260_AURIGAMI_AH1_AH1B_eth_call.json,535fb8037cbce63669524bfbfdb0b7c52b494647bfdc5a2d73aab85c131ad6d7,562
project/semantic_explanation_validation_v1/03_execution/raw_rpc/000261_AURIGAMI_AH1_AH1B_eth_call.json,2040e9685b8cde328e4361c5e090d76a126fc8fa62c802b2fba328d30ab8e105,370
project/semantic_explanation_validation_v1/03_execution/raw_rpc/000262_AURIGAMI_AH1_AH1B_eth_call.json,5c1a0633d00c8b49eaebb5bf432601f166cb34bb91ed13b921359c74fed1bf51,370
project/semantic_explanation_validation_v1/03_execution/raw_rpc/000263_AURIGAMI_AH1_AH1B_debug_traceCall.json,57bfb711a00146f2b878236400c9f9074a6d3a8cf8532c1711ef3480ef586cbb,60377
project/semantic_explanation_validation_v1/03_execution/raw_rpc/000264_AURIGAMI_AH1_AH1B_eth_call.json,f31a4ab5804dca5b560688e3b7ae7b7ef408627d7ed816ca53fcc0c3b4e70e87,562
project/semantic_explanation_validation_v1/03_execution/raw_rpc/000265_AURIGAMI_AH1_AH1B_eth_call.json,4a4c1e6b61726a913f5477fbae64e5b4b89a867340e36bd1d319c59038dfcdba,562
project/semantic_explanation_validation_v1/03_execution/raw_rpc/000266_AURIGAMI_AH1_AH1B_eth_call.json,db52f1cc2becaa81894966537c1d09e43ef6195201f92defd4147effc0856476,562
project/semantic_explanation_validation_v1/03_execution/raw_rpc/000267_AURIGAMI_AH1_AH1B_eth_call.json,c7dd13b22ace389083ed16e9b7222654e1256ce4f90d61f36a101ba241a563eb,562
project/semantic_explanation_validation_v1/03_execution/raw_rpc/000268_AURIGAMI_AH1_AH1B_eth_call.json,eace91a649e704f92f01d3aa6c280ac0407fd6df680034194ffbe8e6787685c4,562
project/semantic_explanation_validation_v1/03_execution/raw_rpc/000269_AURIGAMI_AH1_AH1B_eth_call.json,68ae21f2f245f7425b35f01c9f75a8e6b63f0e3272565b11db2583b884e9569c,370
project/semantic_explanation_validation_v1/03_execution/raw_rpc/000270_AURIGAMI_AH1_AH1B_eth_call.json,d18778943d9a95b1478c5d5ae260e660434c04731b45826abb41ace933a0da00,370
project/semantic_explanation_validation_v1/03_execution/raw_rpc/000271_AURIGAMI_AH1_AH1B_eth_getBlockByNumber.json,87f7a614627d650f1ce04c64be7e40975c0a5ebd6e9df2af9b04e66bf74b7fd8,2255
project/semantic_explanation_validation_v1/03_execution/raw_rpc/000272_AURIGAMI_AH2_AH2A_hardhat_reset.json,58e7a19c9037601ed40c7822c9bf7eff4123ad2dedce0fe6ac5dcee1972b0f9a,322
project/semantic_explanation_validation_v1/03_execution/raw_rpc/000273_AURIGAMI_AH2_AH2A_eth_getBlockByNumber.json,83469ebb9f232f48babe00c348efcad81ea618cc48cc9c60f3b272598bc7cfbf,1765
project/semantic_explanation_validation_v1/03_execution/raw_rpc/000274_AURIGAMI_AH2_AH2A_hardhat_impersonateAccount.json,0c6e5f66ca1f6186073708678304f1a6c393c5465496ae074d29c7341f558152,254
project/semantic_explanation_validation_v1/03_execution/raw_rpc/000275_AURIGAMI_AH2_AH2A_hardhat_setBalance.json,36176bef854844a12c36eb89eded846e00f89ae693a03b3bff7338ef0e7f95b1,277
project/semantic_explanation_validation_v1/03_execution/raw_rpc/000276_AURIGAMI_AH2_AH2A_hardhat_impersonateAccount.json,881d525f506da89e73960e9902259369b297159e2fd70c91573850878224e812,254
project/semantic_explanation_validation_v1/03_execution/raw_rpc/000277_AURIGAMI_AH2_AH2A_hardhat_setBalance.json,6b30eb3d53e92451a746c68b0d8b3de5f8d63741bd9533e5c9bf54ccb2c0ab6e,277
project/semantic_explanation_validation_v1/03_execution/raw_rpc/000278_AURIGAMI_AH2_AH2A_hardhat_impersonateAccount.json,4282b17c4fcc0f3d4c567e2809ed63202aa91d9be0bfced0ef5bd6cddc671058,254
project/semantic_explanation_validation_v1/03_execution/raw_rpc/000279_AURIGAMI_AH2_AH2A_hardhat_setBalance.json,33a4f427af8a54bd507ab63b3731a3d658522f6c2f0fbf2e01429e8e299958da,277
project/semantic_explanation_validation_v1/03_execution/raw_rpc/000280_AURIGAMI_AH2_AH2A_hardhat_setCode.json,646935bcc0b091e8d9f1cd7775b0d4574ae9a254d1fe3a5daae06e4c0aacf326,823
project/semantic_explanation_validation_v1/03_execution/raw_rpc/000281_AURIGAMI_AH2_AH2A_evm_setNextBlockTimestamp.json,4d6d00cec081d03a7f965ca4fffdae04ded9f9e2b2aa0ce958cf5bc54df98731,227
project/semantic_explanation_validation_v1/03_execution/raw_rpc/000282_AURIGAMI_AH2_AH2A_eth_sendTransaction.json,7a2826eab3a1fbe4ac74f812cb1cee335e4cec3f4a34a0117535c83012a870c3,647
project/semantic_explanation_validation_v1/03_execution/raw_rpc/000283_AURIGAMI_AH2_AH2A_eth_getTransactionReceipt.json,752638ac3dcb9e7c60c10dfdb85d9b262112adfbc77971d6393941317c1d9dda,2104
project/semantic_explanation_validation_v1/03_execution/raw_rpc/000284_AURIGAMI_AH2_AH2A_evm_setNextBlockTimestamp.json,2888474cc3a55bf363dfcd35ec7e7d3ec47c407e265b6a9e9cec91c036ace5c5,227
project/semantic_explanation_validation_v1/03_execution/raw_rpc/000285_AURIGAMI_AH2_AH2A_eth_sendTransaction.json,66a676e54fa7eb2a4d546d48cc6b4c6680004065d72a5f04ec189dfacbd97fad,647
project/semantic_explanation_validation_v1/03_execution/raw_rpc/000286_AURIGAMI_AH2_AH2A_eth_getTransactionReceipt.json,6d22c98b909fbd5280ec881a1364e1e0464c6dbcd5f1893a6608dc6e2ea14cee,2186
project/semantic_explanation_validation_v1/03_execution/raw_rpc/000287_AURIGAMI_AH2_AH2A_eth_call.json,8efa119932e29c634dd416c95a40faad934145e41f3c428bd6612fdb8187db8b,562
project/semantic_explanation_validation_v1/03_execution/raw_rpc/000288_AURIGAMI_AH2_AH2A_evm_setNextBlockTimestamp.json,11991016544a5eaa48b39ecfa57852a1281be41865a6c150fd40bd4b1a97c62f,227
project/semantic_explanation_validation_v1/03_execution/raw_rpc/000289_AURIGAMI_AH2_AH2A_evm_mine.json,c06b5798d324e8b3832b67832bcc58d1c472bd64ee6e2b948946302ea7a01d6e,179
project/semantic_explanation_validation_v1/03_execution/raw_rpc/000290_AURIGAMI_AH2_AH2A_eth_call.json,bbe44382f717f3ea9f7ca8df20b8fd13905caab62f2c33716d90c75d9a8bf352,562
project/semantic_explanation_validation_v1/03_execution/raw_rpc/000291_AURIGAMI_AH2_AH2A_eth_call.json,3bf4e685a67b239624785d4abcabb244a80aa4823305b9112e367dff73985606,562
project/semantic_explanation_validation_v1/03_execution/raw_rpc/000292_AURIGAMI_AH2_AH2A_eth_call.json,feed5509bc99585158e1a5f75fbbb871f74436c7ff9bbc25beb217db8dea0ca4,562
project/semantic_explanation_validation_v1/03_execution/raw_rpc/000293_AURIGAMI_AH2_AH2A_eth_call.json,2d2bfcf752d4bddd85a3b602ccc1cb98e33bc60623536554de1e2dd5f29a1a94,562
project/semantic_explanation_validation_v1/03_execution/raw_rpc/000294_AURIGAMI_AH2_AH2A_eth_call.json,89784c8463319758c33ce28d446ed44361433eabd4dd69f2d6837262f35aa0e6,562
project/semantic_explanation_validation_v1/03_execution/raw_rpc/000295_AURIGAMI_AH2_AH2A_eth_call.json,ef03fd09032ad45633f6c79095050627acedd6c37de19cd661eee306c67a7d0e,370
project/semantic_explanation_validation_v1/03_execution/raw_rpc/000296_AURIGAMI_AH2_AH2A_eth_call.json,b3b3dfbbb17fafe88f9dcec00bf5412b9be08a4d62fc1599d4a4b1ecea567464,370
project/semantic_explanation_validation_v1/03_execution/raw_rpc/000297_AURIGAMI_AH2_AH2A_debug_traceCall.json,fca6fd8cfdd15d85eede2133251632c82592844ca1835e6d26f4678a6211ca9a,60377
project/semantic_explanation_validation_v1/03_execution/raw_rpc/000298_AURIGAMI_AH2_AH2A_eth_call.json,bd69dff97ef86b5b7fc487afe18c7deff1f7a53bd4f290345d48d0578976d136,562
project/semantic_explanation_validation_v1/03_execution/raw_rpc/000299_AURIGAMI_AH2_AH2A_eth_call.json,c555fb0df3874edd9766398053c62530cb0b4f8562e8a83d305a4fecaf0763b2,562
project/semantic_explanation_validation_v1/03_execution/raw_rpc/000300_AURIGAMI_AH2_AH2A_eth_call.json,0292fa9fe381237349921df0b018a1ca5f6bbd046299159b62f76be7d7b654b2,562
project/semantic_explanation_validation_v1/03_execution/raw_rpc/000301_AURIGAMI_AH2_AH2A_eth_call.json,a72300f18bdea808d075109acb32b9adccec3c9702ac469ea2ec68bd7706e2d8,562
project/semantic_explanation_validation_v1/03_execution/raw_rpc/000302_AURIGAMI_AH2_AH2A_eth_call.json,bc0b0960ef00a9c3a422ef8a0143047c4ce388795c107cbe08f2d649ee080e3b,562
project/semantic_explanation_validation_v1/03_execution/raw_rpc/000303_AURIGAMI_AH2_AH2A_eth_call.json,79aee9eaf6ad52d44874b6950242e793d9843eacb1024e99092485af30e6939e,370
project/semantic_explanation_validation_v1/03_execution/raw_rpc/000304_AURIGAMI_AH2_AH2A_eth_call.json,0364a2ade3b18b800c16846b73113f49463b496730fae223db72e1b1a23e674d,370
project/semantic_explanation_validation_v1/03_execution/raw_rpc/000305_AURIGAMI_AH2_AH2A_eth_getBlockByNumber.json,6f476177a4fbc29a32d1b697bfc60617be4067111ec53ca40f8f95fa38b30451,2168
project/semantic_explanation_validation_v1/03_execution/raw_rpc/000306_AURIGAMI_AH2_AH2B_hardhat_reset.json,7dac60bc5e7a70142e98bf578f8e27a39cfa1e1d17b26866344c124d08dbe771,322
project/semantic_explanation_validation_v1/03_execution/raw_rpc/000307_AURIGAMI_AH2_AH2B_eth_getBlockByNumber.json,157dd0a2ed2d33b45d70e94b0275548c19b294a2e6e28badd8e8b9d368e74a4e,1765
project/semantic_explanation_validation_v1/03_execution/raw_rpc/000308_AURIGAMI_AH2_AH2B_hardhat_impersonateAccount.json,2e11b58c6091d57a3acf23a2acf6fe026975ab38ef303d6a6bd190add7b42d2c,254
project/semantic_explanation_validation_v1/03_execution/raw_rpc/000309_AURIGAMI_AH2_AH2B_hardhat_setBalance.json,568e52b6665683d931350ad3d8e2d594d70ed0616e4f9e6f4ac22fd154c196ba,277
project/semantic_explanation_validation_v1/03_execution/raw_rpc/000310_AURIGAMI_AH2_AH2B_hardhat_impersonateAccount.json,b5f2cbda93236b165b0f8fff1476cdb8f80615af277fc1da2220eaa0bb376b24,254
project/semantic_explanation_validation_v1/03_execution/raw_rpc/000311_AURIGAMI_AH2_AH2B_hardhat_setBalance.json,2769d5d14f287b5c79a389219b1ce157b680560fd69d1a3aa9e4d3c27fe3e093,277
project/semantic_explanation_validation_v1/03_execution/raw_rpc/000312_AURIGAMI_AH2_AH2B_hardhat_impersonateAccount.json,9fbb6f4ede0784180a71dcc367c4915f5fa349e9c0ba6adff126150549956e05,254
project/semantic_explanation_validation_v1/03_execution/raw_rpc/000313_AURIGAMI_AH2_AH2B_hardhat_setBalance.json,b7c13c87ec9193bb1cd7acbd89737dea634325ecab75dd463e6d7ed43e45ef3c,277
project/semantic_explanation_validation_v1/03_execution/raw_rpc/000314_AURIGAMI_AH2_AH2B_hardhat_setCode.json,fa31b0d6060334ca11b6543e07e4e2e10e826773a45a9611c30f69b3208f0454,823
project/semantic_explanation_validation_v1/03_execution/raw_rpc/000315_AURIGAMI_AH2_AH2B_evm_setNextBlockTimestamp.json,68e4de11ce5538b3d6e108335e3ea3e2356c14f2192a030192a9c278d058886a,227
project/semantic_explanation_validation_v1/03_execution/raw_rpc/000316_AURIGAMI_AH2_AH2B_eth_sendTransaction.json,36eb2236042933a54f2846b5ce17fd0d34921f7528d7ca3a10839f4cfe33752e,647
project/semantic_explanation_validation_v1/03_execution/raw_rpc/000317_AURIGAMI_AH2_AH2B_eth_getTransactionReceipt.json,53c0978eeb4fe8d51c8ebfe04c4b76119b98e677f69c0c043e2233a4a439cf26,2104
project/semantic_explanation_validation_v1/03_execution/raw_rpc/000318_AURIGAMI_AH2_AH2B_evm_setNextBlockTimestamp.json,a95b4fa59f483c5ef7db318b87e9b3ed474c9e16b79438754d8d3b15377bef57,227
project/semantic_explanation_validation_v1/03_execution/raw_rpc/000319_AURIGAMI_AH2_AH2B_eth_sendTransaction.json,64585d54dc532455b4b2c09ce80e83a93b011615428dcc06bbd7a6c02e59e487,647
project/semantic_explanation_validation_v1/03_execution/raw_rpc/000320_AURIGAMI_AH2_AH2B_eth_getTransactionReceipt.json,ab8f812ece36b5d33d138361dccae7d4a758fe0826c8628e6e89cc52668edbee,2186
project/semantic_explanation_validation_v1/03_execution/raw_rpc/000321_AURIGAMI_AH2_AH2B_eth_call.json,bc51f8dc5c1babd4abed0a5619c934bbecfe79a566fdd2355127b46dccf38df6,562
project/semantic_explanation_validation_v1/03_execution/raw_rpc/000322_AURIGAMI_AH2_AH2B_evm_setNextBlockTimestamp.json,bdba2c481211a21d60a4b4cc97ddfe92f2a1a081eb87427fae70b1ff01d30f88,227
project/semantic_explanation_validation_v1/03_execution/raw_rpc/000323_AURIGAMI_AH2_AH2B_evm_mine.json,c62c25f756bb832a29fc12c981aaad58a0f054646e188c0fd8cbcbcf5939fb8c,179
project/semantic_explanation_validation_v1/03_execution/raw_rpc/000324_AURIGAMI_AH2_AH2B_eth_call.json,5a5705fa5aba6e8f63f407dfd402a2eda16df71e53344ab63c1c2140fe745c0d,562
project/semantic_explanation_validation_v1/03_execution/raw_rpc/000325_AURIGAMI_AH2_AH2B_eth_call.json,1dc18e418615c9a1c99aa9b47dee4c0ac9a8a646cfe439e894d2258c507dcba6,562
project/semantic_explanation_validation_v1/03_execution/raw_rpc/000326_AURIGAMI_AH2_AH2B_eth_call.json,c7361cae3f22607ab13a603947070380504a78674d3a89de1cb684d0432ae403,562
project/semantic_explanation_validation_v1/03_execution/raw_rpc/000327_AURIGAMI_AH2_AH2B_eth_call.json,7212608bef3b727d8660588d605d7165353c6343f050af1b8cecb15fe5617e44,562
project/semantic_explanation_validation_v1/03_execution/raw_rpc/000328_AURIGAMI_AH2_AH2B_eth_call.json,96b47b959a370a6d02efa93b7f6170dea84bdf4a32da2fa367f250affb5587be,562
project/semantic_explanation_validation_v1/03_execution/raw_rpc/000329_AURIGAMI_AH2_AH2B_eth_call.json,f74a0429527955f9bae7d2e3cf52df8f2940ef238559820a20110c28b0bfd883,370
project/semantic_explanation_validation_v1/03_execution/raw_rpc/000330_AURIGAMI_AH2_AH2B_eth_call.json,e596041410f8eacd4eec6ee18cfa505650793e1e7599aa3d839f1e69fe42dd2a,370
project/semantic_explanation_validation_v1/03_execution/raw_rpc/000331_AURIGAMI_AH2_AH2B_debug_traceCall.json,b73f18b0c636caf9a0d5bd17c39b43a0283e8c822b50024b9b04d2321e483810,101332
project/semantic_explanation_validation_v1/03_execution/raw_rpc/000332_AURIGAMI_AH2_AH2B_eth_call.json,1e8723a342eb33a398b0d3f6ab8e7cd6f4bb9ac9792e039d3a7189655e47e9f6,562
project/semantic_explanation_validation_v1/03_execution/raw_rpc/000333_AURIGAMI_AH2_AH2B_eth_call.json,8f26a585455da2eb4ad8dc7f6eb4cc8f6deaa36ccafaf84fd22549089b855686,562
project/semantic_explanation_validation_v1/03_execution/raw_rpc/000334_AURIGAMI_AH2_AH2B_eth_call.json,489c80e953975a67a6c528a75fe518d6e122330c1d862793d68d6047ad7d3a9e,562
project/semantic_explanation_validation_v1/03_execution/raw_rpc/000335_AURIGAMI_AH2_AH2B_eth_call.json,c43a69c303417d8acb1233bdbbf98fc4ebb3c961b3ac33e3c0f7030f1dc4974c,562
project/semantic_explanation_validation_v1/03_execution/raw_rpc/000336_AURIGAMI_AH2_AH2B_eth_call.json,ebc97f94dc4bfb9047e9d819b62c92bb2aa372c745b1f081ce92efb550caa6d7,562
project/semantic_explanation_validation_v1/03_execution/raw_rpc/000337_AURIGAMI_AH2_AH2B_eth_call.json,f9923d1bd216041056bdb95284c74a55062c656df33554e8e906200e0fcc371a,370
project/semantic_explanation_validation_v1/03_execution/raw_rpc/000338_AURIGAMI_AH2_AH2B_eth_call.json,1daeab360d844e36c7b94c4346bf68af8f540c23e1479e51dfa392b6836f2fa1,370
project/semantic_explanation_validation_v1/03_execution/raw_rpc/000339_AURIGAMI_AH2_AH2B_eth_getBlockByNumber.json,99f4343939d3512eb378a055a4c4e97fbd5a15a445aeef4a62f025222b233ce5,2168
project/semantic_explanation_validation_v1/03_execution/raw_rpc/000340_AURIGAMI_AH3_AH3A_hardhat_reset.json,4f18ea14f89dcf8e0c32e0822f1aa8535b69f451a397a0daf8343b4c9a6a8418,322
project/semantic_explanation_validation_v1/03_execution/raw_rpc/000341_AURIGAMI_AH3_AH3A_eth_getBlockByNumber.json,24cd162426dcaebad5c4d4384da3e67951d8558dccec8238bc4408fa2545682a,1765
project/semantic_explanation_validation_v1/03_execution/raw_rpc/000342_AURIGAMI_AH3_AH3A_hardhat_impersonateAccount.json,711c53e6e721d09b6997a67667cf859f0b33165f3b3c3abbe55d0aa7ab2fee4f,254
project/semantic_explanation_validation_v1/03_execution/raw_rpc/000343_AURIGAMI_AH3_AH3A_hardhat_setBalance.json,752cde26ae69aafa2f2c80e561191dc089a0bf817b76f4fc1edf13ccbfc740ba,277
project/semantic_explanation_validation_v1/03_execution/raw_rpc/000344_AURIGAMI_AH3_AH3A_hardhat_impersonateAccount.json,0a6ba419048b3ead1ac48ccef56ca50f2e8df39b9fec1c8b7449479a06315096,254
project/semantic_explanation_validation_v1/03_execution/raw_rpc/000345_AURIGAMI_AH3_AH3A_hardhat_setBalance.json,160e8aa4fe23ad8dcb150eb275bd67fb6ad81972af1c405a2dabe4e96cb64f0d,277
project/semantic_explanation_validation_v1/03_execution/raw_rpc/000346_AURIGAMI_AH3_AH3A_hardhat_impersonateAccount.json,d74f7c3988af76f033790c0acf9c242c4e7abdd14fc579c1ee1f59535f8f13eb,254
project/semantic_explanation_validation_v1/03_execution/raw_rpc/000347_AURIGAMI_AH3_AH3A_hardhat_setBalance.json,39fefbdebb708ad7e4d65453d34d5f1d22e6576a6a84347ae3d70edc1b897117,277
project/semantic_explanation_validation_v1/03_execution/raw_rpc/000348_AURIGAMI_AH3_AH3A_hardhat_setCode.json,d9da31a4674710c4a80e0be8d821238faec0221c953cc95f6647c00e3cfff17c,823
project/semantic_explanation_validation_v1/03_execution/raw_rpc/000349_AURIGAMI_AH3_AH3A_evm_setNextBlockTimestamp.json,b238394825cf133b419c317e17ac4861579653adcfb5893b7e45b59e7bf2a540,227
project/semantic_explanation_validation_v1/03_execution/raw_rpc/000350_AURIGAMI_AH3_AH3A_eth_sendTransaction.json,a97e18f25c4149bf4e4ac67e3c0fec0a54a47ffa7cb962d1e226414cca8acb7c,647
project/semantic_explanation_validation_v1/03_execution/raw_rpc/000351_AURIGAMI_AH3_AH3A_eth_getTransactionReceipt.json,7ac53a3b1d312b74a488f3f15fbc519d097cf687ada3571574fb03ae8812862a,2104
project/semantic_explanation_validation_v1/03_execution/raw_rpc/000352_AURIGAMI_AH3_AH3A_evm_setNextBlockTimestamp.json,22b855cc0f47ec5241dc2d50ef28ff263e57ca9f4b5d799f2af8d5503d36e792,227
project/semantic_explanation_validation_v1/03_execution/raw_rpc/000353_AURIGAMI_AH3_AH3A_eth_sendTransaction.json,081bfda420588a73319196dbb2b993ad68f5f26ddd6ca09d46a98b571c09c23f,647
project/semantic_explanation_validation_v1/03_execution/raw_rpc/000354_AURIGAMI_AH3_AH3A_eth_getTransactionReceipt.json,972bbf63c01a1a544640120a1cb6a724092da8d8ad98103b3f45feca49c07160,2186
project/semantic_explanation_validation_v1/03_execution/raw_rpc/000355_AURIGAMI_AH3_AH3A_evm_setNextBlockTimestamp.json,a7c5b85d2ece1d269f07e0b82652e5a02c89dd791f43b854621089a40f1bd55a,227
project/semantic_explanation_validation_v1/03_execution/raw_rpc/000356_AURIGAMI_AH3_AH3A_eth_sendTransaction.json,4883028de82bc5a5fd36ac2aac218044bf658eff12cf081fcfee08004878efa6,647
project/semantic_explanation_validation_v1/03_execution/raw_rpc/000357_AURIGAMI_AH3_AH3A_eth_getTransactionReceipt.json,c2b5a96c3a201822a664d7845345872b2420787cec0e0dd285cfbb21774d086a,2186
project/semantic_explanation_validation_v1/03_execution/raw_rpc/000358_AURIGAMI_AH3_AH3A_eth_call.json,accb5620c58273f9318c04e7326ac5d09a9159b47895f75f900a15dd3893364b,562
project/semantic_explanation_validation_v1/03_execution/raw_rpc/000359_AURIGAMI_AH3_AH3A_eth_call.json,bb1a749e66ad35c541724c4164e8dfa0d8b15f79618a99384c7bfc7f478092ba,562
project/semantic_explanation_validation_v1/03_execution/raw_rpc/000360_AURIGAMI_AH3_AH3A_eth_call.json,4e0eebd6211ecbf65122c0e577f1f151538950e77b0fef2144f9157cddac3930,562
project/semantic_explanation_validation_v1/03_execution/raw_rpc/000361_AURIGAMI_AH3_AH3A_eth_call.json,46dd6795c0935faf3ce725dfd433aa81f2b93c77dadb7836ae4a540ed0d36773,562
project/semantic_explanation_validation_v1/03_execution/raw_rpc/000362_AURIGAMI_AH3_AH3A_eth_call.json,8aa9a802ab5f881620875485fce2e84027f62e0ce98828726777cdb2334e9f9f,562
project/semantic_explanation_validation_v1/03_execution/raw_rpc/000363_AURIGAMI_AH3_AH3A_eth_call.json,5d62d774f186697039e63201672d9a0a334211401f978fd95fa501758fcd005c,562
project/semantic_explanation_validation_v1/03_execution/raw_rpc/000364_AURIGAMI_AH3_AH3A_eth_call.json,6ea25c2e1cfcdad4b5972386affad8155d368a915dd3f1d7cbe5752ee8710774,370
project/semantic_explanation_validation_v1/03_execution/raw_rpc/000365_AURIGAMI_AH3_AH3A_eth_call.json,61afacfb1c572fcbc1bce36cd40f217a42c5668fb97b77a51d3277876a83e4fb,370
project/semantic_explanation_validation_v1/03_execution/raw_rpc/000366_AURIGAMI_AH3_AH3A_debug_traceCall.json,eaa33a310981e8694bc3c7a112c5295625ff73eb9b2eecb2c3530316f975ab6f,60377
project/semantic_explanation_validation_v1/03_execution/raw_rpc/000367_AURIGAMI_AH3_AH3A_eth_call.json,44c234376420ee731694e76fc6c5297a58f26271271ceb8acaca7ab90fa89bb2,562
project/semantic_explanation_validation_v1/03_execution/raw_rpc/000368_AURIGAMI_AH3_AH3A_eth_call.json,ab26d09795d69b6df98894f2fe24353b7390542c9bdb4130bcbbb0b32d8bffda,562
project/semantic_explanation_validation_v1/03_execution/raw_rpc/000369_AURIGAMI_AH3_AH3A_eth_call.json,e9c1a115096ed9bdf9a14e774eeb2e5ba75d136de287d33852478f72f71065b4,562
project/semantic_explanation_validation_v1/03_execution/raw_rpc/000370_AURIGAMI_AH3_AH3A_eth_call.json,24632dba106b59dabe825a578e1635e2f9468964bf24f639ded5b74f07bd2a2f,562
project/semantic_explanation_validation_v1/03_execution/raw_rpc/000371_AURIGAMI_AH3_AH3A_eth_call.json,e388297a97efcaaf8c30f81c0934db49e6feb88057fec761831156000f317dab,562
project/semantic_explanation_validation_v1/03_execution/raw_rpc/000372_AURIGAMI_AH3_AH3A_eth_call.json,171c665fdf830abcd11a02fa378103a4e54da9ce21212036ccd6b0fe1509b0ac,370
project/semantic_explanation_validation_v1/03_execution/raw_rpc/000373_AURIGAMI_AH3_AH3A_eth_call.json,9bfaa3e91f7ac989122b701f952dcab8091bebdc7ca335bb0795f48acd195c0e,370
project/semantic_explanation_validation_v1/03_execution/raw_rpc/000374_AURIGAMI_AH3_AH3A_eth_getBlockByNumber.json,7266c0981c13a7fb4caf451f8e3cfde2b9450f5b3da790924bee17ba9705bb26,2255
project/semantic_explanation_validation_v1/03_execution/raw_rpc/000375_AURIGAMI_AH3_AH3B_hardhat_reset.json,eb4958912024cf2668dfa2aa96d912ec1ab58d65b0df4ae61fe0674b277d087f,322
project/semantic_explanation_validation_v1/03_execution/raw_rpc/000376_AURIGAMI_AH3_AH3B_eth_getBlockByNumber.json,4199dcd8261eae40552854b8a8ad03e847019ba674ffb8662839bb993c426d3e,1765
project/semantic_explanation_validation_v1/03_execution/raw_rpc/000377_AURIGAMI_AH3_AH3B_hardhat_impersonateAccount.json,346d2ffe080be4a434cc20bfd690a0acc28c7ad1ca39e2e778b5db91a0be4a20,254
project/semantic_explanation_validation_v1/03_execution/raw_rpc/000378_AURIGAMI_AH3_AH3B_hardhat_setBalance.json,b36f2bcda0b363168e89c5ac8b312f41316d757048fb072f1a3be36309eb4769,277
project/semantic_explanation_validation_v1/03_execution/raw_rpc/000379_AURIGAMI_AH3_AH3B_hardhat_impersonateAccount.json,168a137fe7728a3b17b385bd1869506ade770bf274985daa40b29c7b4b21eb22,254
project/semantic_explanation_validation_v1/03_execution/raw_rpc/000380_AURIGAMI_AH3_AH3B_hardhat_setBalance.json,8fdca51086569d185220ac03101530918de020c90196894633e0c9b386790f40,277
project/semantic_explanation_validation_v1/03_execution/raw_rpc/000381_AURIGAMI_AH3_AH3B_hardhat_impersonateAccount.json,2afbfe1a2f441c72ae25390f8afc6b7109ecb36a84b148ca03352b3541f5f719,254
project/semantic_explanation_validation_v1/03_execution/raw_rpc/000382_AURIGAMI_AH3_AH3B_hardhat_setBalance.json,d4fe98f3fd126ad7c0cdb5c6f5082369a2df3ff0dbaf095761aeb2c98f3d7351,277
project/semantic_explanation_validation_v1/03_execution/raw_rpc/000383_AURIGAMI_AH3_AH3B_hardhat_setCode.json,10bca687a69e9ef391374b0b84708f192a1baf360fc7814701d2540a0079aec5,823
project/semantic_explanation_validation_v1/03_execution/raw_rpc/000384_AURIGAMI_AH3_AH3B_evm_setNextBlockTimestamp.json,3921c39a53980563e50a292748bacb6b1638ac195d9882b3c845fd43c6361596,227
project/semantic_explanation_validation_v1/03_execution/raw_rpc/000385_AURIGAMI_AH3_AH3B_eth_sendTransaction.json,294b88aa299eec7c3686eed0f0d35ef87e5abb178fe082b6ce22f7aa303fa080,647
project/semantic_explanation_validation_v1/03_execution/raw_rpc/000386_AURIGAMI_AH3_AH3B_eth_getTransactionReceipt.json,8c2bbe8ef9edb9d642aecb940e5a16c7aa2014aeee15d123d00a9e03533b8d2c,2104
project/semantic_explanation_validation_v1/03_execution/raw_rpc/000387_AURIGAMI_AH3_AH3B_evm_setNextBlockTimestamp.json,31c185f86b6af111e429cc2e61049cd65220bbdcb22d5d49e2635aae2d1aa888,227
project/semantic_explanation_validation_v1/03_execution/raw_rpc/000388_AURIGAMI_AH3_AH3B_eth_sendTransaction.json,467859fdc4116862b8f96c2da112196ff8c695136458e89db5d6c9b7d36fc50c,647
project/semantic_explanation_validation_v1/03_execution/raw_rpc/000389_AURIGAMI_AH3_AH3B_eth_getTransactionReceipt.json,f394aa5b85821777a1fb89141afe3729592b74da7068b47e1705a2fa4f3d4f23,2186
project/semantic_explanation_validation_v1/03_execution/raw_rpc/000390_AURIGAMI_AH3_AH3B_evm_setNextBlockTimestamp.json,1d3adf3f4ee75569de6219f3f2cfac2faafe32da0374861951c3e036ec1c06af,227
project/semantic_explanation_validation_v1/03_execution/raw_rpc/000391_AURIGAMI_AH3_AH3B_eth_sendTransaction.json,940ff946bc7e381c5d714282572e5dcbe418c5c88707b6b50b0a0060f068abbc,647
project/semantic_explanation_validation_v1/03_execution/raw_rpc/000392_AURIGAMI_AH3_AH3B_eth_getTransactionReceipt.json,406ace4f9661eac00ae2c78dee6823b6724cf7f58b2867c092c41b7dd969b445,2186
project/semantic_explanation_validation_v1/03_execution/raw_rpc/000393_AURIGAMI_AH3_AH3B_evm_setNextBlockTimestamp.json,a55a9fca734813bfe1f67126e8941366646c5f6af0191d28d951837ce4c556d0,227
project/semantic_explanation_validation_v1/03_execution/raw_rpc/000394_AURIGAMI_AH3_AH3B_eth_sendTransaction.json,bd6046fb3826021e31a970a5266966d7cdf39980ed0c1608269cff958a5a34e1,647
project/semantic_explanation_validation_v1/03_execution/raw_rpc/000395_AURIGAMI_AH3_AH3B_eth_getTransactionReceipt.json,72ba868c059dbb1269bcce78576bb5604a4bfb546a7dcb0e5b74819faf1023ea,2186
project/semantic_explanation_validation_v1/03_execution/raw_rpc/000396_AURIGAMI_AH3_AH3B_eth_call.json,3c834d80948983e1f7a88938256f81803a976124a07f2f500e25b8a1c55322a2,562
project/semantic_explanation_validation_v1/03_execution/raw_rpc/000397_AURIGAMI_AH3_AH3B_eth_call.json,73f78a902213ff873c5bcdc7c87fc65821d69ad72a6a015c9d040a15f9b163c0,562
project/semantic_explanation_validation_v1/03_execution/raw_rpc/000398_AURIGAMI_AH3_AH3B_eth_call.json,318586353ec714f4dc3d018f61ee59839b41593fcd5ec9552b573c0f9dea835e,562
project/semantic_explanation_validation_v1/03_execution/raw_rpc/000399_AURIGAMI_AH3_AH3B_eth_call.json,fae1d90e1c07de92a7c7e29a3a8b1bdf3fb80f06a63b1d377f967bb7c0bd3c14,562
project/semantic_explanation_validation_v1/03_execution/raw_rpc/000400_AURIGAMI_AH3_AH3B_eth_call.json,154bb98a4f5887860740c7bf39d2005cd3f4f931e31395a10c4594396e947601,562
project/semantic_explanation_validation_v1/03_execution/raw_rpc/000401_AURIGAMI_AH3_AH3B_eth_call.json,de05e35de45efc6e732070049bd06c1fe63724c110f2fefaac220ef6d95452f4,562
project/semantic_explanation_validation_v1/03_execution/raw_rpc/000402_AURIGAMI_AH3_AH3B_eth_call.json,3844f48e5c240b7ee961956f0cef1251c205736a4d033098d685986e53e45c63,370
project/semantic_explanation_validation_v1/03_execution/raw_rpc/000403_AURIGAMI_AH3_AH3B_eth_call.json,559682009b34187045f93603bcac49bb66c1abaff87ca5ca26a402922cbaf4ad,370
project/semantic_explanation_validation_v1/03_execution/raw_rpc/000404_AURIGAMI_AH3_AH3B_debug_traceCall.json,4155019fdd495e59e69fc6b08a6abcc548149bc58e213ff0a7a7719a9cdccb84,60377
project/semantic_explanation_validation_v1/03_execution/raw_rpc/000405_AURIGAMI_AH3_AH3B_eth_call.json,e8afb252ec85d9943a11eb71d190648f087d0a3c7f704c578a1c8e15f2c5aa56,562
project/semantic_explanation_validation_v1/03_execution/raw_rpc/000406_AURIGAMI_AH3_AH3B_eth_call.json,a312e4d93662a725e45f3ebb85ad7514c6b076899679c021bf90407c95b869b4,562
project/semantic_explanation_validation_v1/03_execution/raw_rpc/000407_AURIGAMI_AH3_AH3B_eth_call.json,ab3991be05b8af7438e952fa46f727b83bda5a6143fd0bce6a82b15e37205208,562
project/semantic_explanation_validation_v1/03_execution/raw_rpc/000408_AURIGAMI_AH3_AH3B_eth_call.json,30c8161b766e1d36244069ae7cb28976cc6104889c3958982191997bca8166f9,562
project/semantic_explanation_validation_v1/03_execution/raw_rpc/000409_AURIGAMI_AH3_AH3B_eth_call.json,720461723af70fcbd4e3f31ffbca29dfcb616a0769d41a15ceb4de3145d9c3f6,562
project/semantic_explanation_validation_v1/03_execution/raw_rpc/000410_AURIGAMI_AH3_AH3B_eth_call.json,1d2d29a50eb342e29d0bef3a0b4aa53a281340aafcc1dda88bee117f0eced2c1,370
project/semantic_explanation_validation_v1/03_execution/raw_rpc/000411_AURIGAMI_AH3_AH3B_eth_call.json,d400e937f8fa8e687ed182394c4b990285d17ef0838ba3d756236848b6e2e43b,370
project/semantic_explanation_validation_v1/03_execution/raw_rpc/000412_AURIGAMI_AH3_AH3B_eth_getBlockByNumber.json,48966072b85c07bfd50a331d1218753288aa4752d4d2727119b02db137fcfa92,2255
project/semantic_explanation_validation_v1/03_execution/raw_rpc/000413_AURIGAMI_AH4_AH4A_hardhat_reset.json,ed248ef3aaf536e884c99453773bb873901d264f01006ee0ec0e3d8ec5feb6c3,322
project/semantic_explanation_validation_v1/03_execution/raw_rpc/000414_AURIGAMI_AH4_AH4A_eth_getBlockByNumber.json,4de107092b40950424c489aeadd537266e2ce8a2efc3ab968db1f662c6b58170,1765
project/semantic_explanation_validation_v1/03_execution/raw_rpc/000415_AURIGAMI_AH4_AH4A_hardhat_impersonateAccount.json,50b7401caf476c3049eb23f8f0cfe0398324938101406b12b604698747fd160c,254
project/semantic_explanation_validation_v1/03_execution/raw_rpc/000416_AURIGAMI_AH4_AH4A_hardhat_setBalance.json,d89d7b51fd7874a3614e929b6e344267fa5646c163499670c99098cec7fd0ed0,277
project/semantic_explanation_validation_v1/03_execution/raw_rpc/000417_AURIGAMI_AH4_AH4A_hardhat_impersonateAccount.json,e8983179169b0b6e967bee0a7c64469f924689faf1cad6b8e39a80a2d30cafda,254
project/semantic_explanation_validation_v1/03_execution/raw_rpc/000418_AURIGAMI_AH4_AH4A_hardhat_setBalance.json,5e1fdbb584db12a47bc6b2aabb4d1c070391e245b0a5e0f8a25f44a68255e34a,277
project/semantic_explanation_validation_v1/03_execution/raw_rpc/000419_AURIGAMI_AH4_AH4A_hardhat_impersonateAccount.json,f2d067e8ed8d45bb411f5654bac1111fc1ab11d735323af3562508adc07f47b8,254
project/semantic_explanation_validation_v1/03_execution/raw_rpc/000420_AURIGAMI_AH4_AH4A_hardhat_setBalance.json,cc398d10b231eedcd9e0f4b786e73c7d0c62a1ee30cd4347db7d85f9ceabceaf,277
project/semantic_explanation_validation_v1/03_execution/raw_rpc/000421_AURIGAMI_AH4_AH4A_hardhat_setCode.json,182ffdb28e837b67c85afad92822717765e764db06079151973218ff9b872563,823
project/semantic_explanation_validation_v1/03_execution/raw_rpc/000422_AURIGAMI_AH4_AH4A_evm_setNextBlockTimestamp.json,62d0d0a84af08279b0ecdaa30b1a627e0983f01659f042d17366f442cca2b0b7,227
project/semantic_explanation_validation_v1/03_execution/raw_rpc/000423_AURIGAMI_AH4_AH4A_eth_sendTransaction.json,f957932be6263c1d51af1ee36a2a3f074158277e58d5c7fea669c06ed53e0f77,647
project/semantic_explanation_validation_v1/03_execution/raw_rpc/000424_AURIGAMI_AH4_AH4A_eth_getTransactionReceipt.json,6afbf33f48932477c868a9c3e0c6e7dd57ec902ff90c290fed3b6e46077cc017,2104
project/semantic_explanation_validation_v1/03_execution/raw_rpc/000425_AURIGAMI_AH4_AH4A_evm_setNextBlockTimestamp.json,0b461b42c510c8fbef2b2707ddb274a0d1b3387ea79e2054d357868aa86fce20,227
project/semantic_explanation_validation_v1/03_execution/raw_rpc/000426_AURIGAMI_AH4_AH4A_eth_sendTransaction.json,ac09f64e1f5b56d5ab9f09cb6021fbb4cbe8acdc43f7981fa45a4db477132e93,647
project/semantic_explanation_validation_v1/03_execution/raw_rpc/000427_AURIGAMI_AH4_AH4A_eth_getTransactionReceipt.json,3921dfdc715b798fa7c02018d32ad5f640a58aa7597cdc24049594e1967b4a71,2186
project/semantic_explanation_validation_v1/03_execution/raw_rpc/000428_AURIGAMI_AH4_AH4A_evm_setNextBlockTimestamp.json,d83cc165a30d2a72cc0f2166c12b0830761ed0e76a86a24a86eee648371cdf0f,227
project/semantic_explanation_validation_v1/03_execution/raw_rpc/000429_AURIGAMI_AH4_AH4A_eth_sendTransaction.json,cac0e607aca2afd93c2d4ddbedf13c662f4e55dccc7c686a220d162b7e5373f4,647
project/semantic_explanation_validation_v1/03_execution/raw_rpc/000430_AURIGAMI_AH4_AH4A_eth_getTransactionReceipt.json,bd74f09cb403100e2c73662d3b7450f4323deec19fae02d213f66a0a1d9fa5d8,2186
project/semantic_explanation_validation_v1/03_execution/raw_rpc/000431_AURIGAMI_AH4_AH4A_eth_call.json,6b8edc631475662e121dccae8d9282c9459d253c593a6a542aa8d2bfa5265d8b,562
project/semantic_explanation_validation_v1/03_execution/raw_rpc/000432_AURIGAMI_AH4_AH4A_eth_call.json,c23aa08182d388278b90c5e3a47412cc063b8cd64f7224b91a9e92ba3fe11517,562
project/semantic_explanation_validation_v1/03_execution/raw_rpc/000433_AURIGAMI_AH4_AH4A_eth_call.json,e6b056304e6ace662eaf35e852870c0ba7ecc8c4ef200260abe38f8764ae57d5,562
project/semantic_explanation_validation_v1/03_execution/raw_rpc/000434_AURIGAMI_AH4_AH4A_eth_call.json,28f3c8ae11c6c08c6657a35aae1226d01b295f583f96639aaf3b83a9e083d683,562
project/semantic_explanation_validation_v1/03_execution/raw_rpc/000435_AURIGAMI_AH4_AH4A_eth_call.json,2e7b4e8dc74e226c50d0e8b18e0a8f6dbaf2eee362b5057f071d7cf6cbbdf7ad,562
project/semantic_explanation_validation_v1/03_execution/raw_rpc/000436_AURIGAMI_AH4_AH4A_eth_call.json,02011886636a1a3245774f77531b10481e22b684cf5fa7fe8eaa14bcfb618952,562
project/semantic_explanation_validation_v1/03_execution/raw_rpc/000437_AURIGAMI_AH4_AH4A_eth_call.json,523acc123ab2c6a172ed9af9542f49014c63962d548656371e1cd112ecaa1d67,370
project/semantic_explanation_validation_v1/03_execution/raw_rpc/000438_AURIGAMI_AH4_AH4A_eth_call.json,f50af3d6259bbde3e6f34e9f3ce5c8f4a78711bbb53642858ed4236ed34640fc,370
project/semantic_explanation_validation_v1/03_execution/raw_rpc/000439_AURIGAMI_AH4_AH4A_debug_traceCall.json,f4665afc70d70d354687a47197a9293fdf2ad19584087fbf7c7a10fd82d629d4,60377
project/semantic_explanation_validation_v1/03_execution/raw_rpc/000440_AURIGAMI_AH4_AH4A_eth_call.json,994e416212163156a251b0138a16b42e825a14ba6508d24d1f9769321c61d858,562
project/semantic_explanation_validation_v1/03_execution/raw_rpc/000441_AURIGAMI_AH4_AH4A_eth_call.json,e0bb626cb2b69b3c34bd340a9a3b378261e0edb8ebf79778aa701978c252d987,562
project/semantic_explanation_validation_v1/03_execution/raw_rpc/000442_AURIGAMI_AH4_AH4A_eth_call.json,73f1be05bf30acc50a020ee42cbe140fc057b1d89f9053692bb17adb813c6658,562
project/semantic_explanation_validation_v1/03_execution/raw_rpc/000443_AURIGAMI_AH4_AH4A_eth_call.json,b728cc35a3145d8a170932009150b4ba84d1509f4a8a480755d40c14e4206b7a,562
project/semantic_explanation_validation_v1/03_execution/raw_rpc/000444_AURIGAMI_AH4_AH4A_eth_call.json,c9b7abe79f306d97cf81f9bbfadb50729498e65b52f34d8538bc60769e5d243a,562
project/semantic_explanation_validation_v1/03_execution/raw_rpc/000445_AURIGAMI_AH4_AH4A_eth_call.json,5dd68b2eb34fcbba99a511ff4fb18d99182431eef8edea21ad60685cb38a954d,370
project/semantic_explanation_validation_v1/03_execution/raw_rpc/000446_AURIGAMI_AH4_AH4A_eth_call.json,063426d5dc4842f46038ec5c2f9fd1c864d7cc77a06fee6748e5112cc8873317,370
project/semantic_explanation_validation_v1/03_execution/raw_rpc/000447_AURIGAMI_AH4_AH4A_eth_getBlockByNumber.json,0ea71e8fe0d917a7844c606bd2610dbfb40d2fc655de47ad89b9b206b2245774,2255
project/semantic_explanation_validation_v1/03_execution/raw_rpc/000448_AURIGAMI_AH4_AH4B_hardhat_reset.json,f773f6e5231b6e0ee614fa194855b43f5493523999c8a546d1fa89cc00a25a1b,322
project/semantic_explanation_validation_v1/03_execution/raw_rpc/000449_AURIGAMI_AH4_AH4B_eth_getBlockByNumber.json,c83329ce552a5915ab79db1ec088caa668d00bbaa50a34daf2e3714b98000b8a,1765
project/semantic_explanation_validation_v1/03_execution/raw_rpc/000450_AURIGAMI_AH4_AH4B_hardhat_impersonateAccount.json,c919c57f758f791ad3ae5894725ff8df953c4b4379125a018fc16fcad86ed797,254
project/semantic_explanation_validation_v1/03_execution/raw_rpc/000451_AURIGAMI_AH4_AH4B_hardhat_setBalance.json,e89c28709f3deca015cc518cbdd3a2e3637656bb43816b663cacaa6660d29aa7,277
project/semantic_explanation_validation_v1/03_execution/raw_rpc/000452_AURIGAMI_AH4_AH4B_hardhat_impersonateAccount.json,3e903458ccfef75ed0629438ba20461fb07fc19dece8914d55a9a9cf111e0c1d,254
project/semantic_explanation_validation_v1/03_execution/raw_rpc/000453_AURIGAMI_AH4_AH4B_hardhat_setBalance.json,9a1f7c5cf10085d78fb3b95ca573f5a434192e75e3b28e2aa8706c9971ee267d,277
project/semantic_explanation_validation_v1/03_execution/raw_rpc/000454_AURIGAMI_AH4_AH4B_hardhat_impersonateAccount.json,98f7e4c9e550edb628e3fcc1c2108ce7b462849ef181cc3a5d78325a9f35f5f8,254
project/semantic_explanation_validation_v1/03_execution/raw_rpc/000455_AURIGAMI_AH4_AH4B_hardhat_setBalance.json,04c5bbfc885dc01d4355b3aa853ec93ecaf4cd2e670e9907a914e7656b68efb0,277
project/semantic_explanation_validation_v1/03_execution/raw_rpc/000456_AURIGAMI_AH4_AH4B_hardhat_setCode.json,1e5371fcbcf58cf8cd256f589a710a022be2f48e24fbf48c8df44bb8df68f374,823
project/semantic_explanation_validation_v1/03_execution/raw_rpc/000457_AURIGAMI_AH4_AH4B_evm_setNextBlockTimestamp.json,231b7d730ea2280e806b712b35d8031adfc5b3fdf02f8fd97074df6bf9fac4c8,227
project/semantic_explanation_validation_v1/03_execution/raw_rpc/000458_AURIGAMI_AH4_AH4B_eth_sendTransaction.json,c90d7ef50a6d2d674fbd7c1adbf102b0eec18d58edc42cb61f7170fb854f4182,647
project/semantic_explanation_validation_v1/03_execution/raw_rpc/000459_AURIGAMI_AH4_AH4B_eth_getTransactionReceipt.json,72a5d8268b714c895f24b263a222b9ae4868fb184f0be3015236f15147945974,2104
project/semantic_explanation_validation_v1/03_execution/raw_rpc/000460_AURIGAMI_AH4_AH4B_evm_setNextBlockTimestamp.json,19efce1d020291c0383d0cdb1ca1d618fabc7aa806d04a651f1d1c1fb5883110,227
project/semantic_explanation_validation_v1/03_execution/raw_rpc/000461_AURIGAMI_AH4_AH4B_eth_sendTransaction.json,73e757fc39f9e4aa7e2735cec78f2927a5cd6b8cf1130c5afa6578ae354dcab4,647
project/semantic_explanation_validation_v1/03_execution/raw_rpc/000462_AURIGAMI_AH4_AH4B_eth_getTransactionReceipt.json,09ecc0a4dce797c2a24197a9a484bea54e39795c6aa0c34c7789457393053642,2186
project/semantic_explanation_validation_v1/03_execution/raw_rpc/000463_AURIGAMI_AH4_AH4B_evm_setNextBlockTimestamp.json,665e2d0ea2571fa350656a25a2da39eba276735b2bb18cf223bcc3b7cf54c5f4,227
project/semantic_explanation_validation_v1/03_execution/raw_rpc/000464_AURIGAMI_AH4_AH4B_eth_sendTransaction.json,555c4d8f5c17756d871a208336bbad63f9318560fe4e65b4f9e5d48f9ba089f0,647
project/semantic_explanation_validation_v1/03_execution/raw_rpc/000465_AURIGAMI_AH4_AH4B_eth_getTransactionReceipt.json,5875eb464594d1e0ae0502de37c654bbf97feede7e77dd3e914a3054a269c2ec,2186
project/semantic_explanation_validation_v1/03_execution/raw_rpc/000466_AURIGAMI_AH4_AH4B_eth_call.json,74ca7c598e82d469393e504179ed7391fbd2c3c398cc0ab050ff1c1c663028ba,562
project/semantic_explanation_validation_v1/03_execution/raw_rpc/000467_AURIGAMI_AH4_AH4B_evm_setNextBlockTimestamp.json,ae3b537d85c50ce30e863ef4b01cfbb25e733cff5627419deb48df237492aab0,227
project/semantic_explanation_validation_v1/03_execution/raw_rpc/000468_AURIGAMI_AH4_AH4B_evm_mine.json,068efd5ee18f9b64216b80ac64baf4a6c9593c4d2bd933a9143d6de8d9dc6629,179
project/semantic_explanation_validation_v1/03_execution/raw_rpc/000469_AURIGAMI_AH4_AH4B_eth_call.json,590c31eea669567a3f88bb420830e4d0e03e00d98ec549c157246c9d2f171dc1,562
project/semantic_explanation_validation_v1/03_execution/raw_rpc/000470_AURIGAMI_AH4_AH4B_eth_call.json,222a80585b9227fc8e599554ef0126fa3fbeb3b6078fedbc16a0071585e63215,562
project/semantic_explanation_validation_v1/03_execution/raw_rpc/000471_AURIGAMI_AH4_AH4B_eth_call.json,9a56c51fd718549845f4d3f0da6bfd5e885f112266b76789637cf195b60166f0,562
project/semantic_explanation_validation_v1/03_execution/raw_rpc/000472_AURIGAMI_AH4_AH4B_eth_call.json,0a610e8d9ae1a76da2f16e3984ab623be069493e90ed2162d5a1bdee963fed6e,562
project/semantic_explanation_validation_v1/03_execution/raw_rpc/000473_AURIGAMI_AH4_AH4B_eth_call.json,5e2533d76b84191c66d27bc73257e8a0ce38777778e42079b0f4eb2c9929d64c,562
project/semantic_explanation_validation_v1/03_execution/raw_rpc/000474_AURIGAMI_AH4_AH4B_eth_call.json,3cca5d4c0b525bcf017c4ad1340ea5a1744ca8c13b5b6165f3f03578bdd796a6,370
project/semantic_explanation_validation_v1/03_execution/raw_rpc/000475_AURIGAMI_AH4_AH4B_eth_call.json,4d39c8abb038072744a03136f710a8fe06fab04b91bad5359cd5c712cfc9791e,370
project/semantic_explanation_validation_v1/03_execution/raw_rpc/000476_AURIGAMI_AH4_AH4B_debug_traceCall.json,fd14ff6f1d08c837ad7b445164eb37ee3486f7efeab629d0e85c6e6418fb2211,101332
project/semantic_explanation_validation_v1/03_execution/raw_rpc/000477_AURIGAMI_AH4_AH4B_eth_call.json,5e061063538e29507e087bffbd699d8d3269bc4b39eacaafe12243cd9ca139bf,562
project/semantic_explanation_validation_v1/03_execution/raw_rpc/000478_AURIGAMI_AH4_AH4B_eth_call.json,25d8526ef21f8e23e2659d95d38bf56fdfaf68a1971c0fa603f30e02286ab633,562
project/semantic_explanation_validation_v1/03_execution/raw_rpc/000479_AURIGAMI_AH4_AH4B_eth_call.json,95c79befe5ea8b5b92ea4ca25bfed8c138e268167a401ec50ff17615d552018e,562
project/semantic_explanation_validation_v1/03_execution/raw_rpc/000480_AURIGAMI_AH4_AH4B_eth_call.json,beff8e9c6d6600284212c3f7381106c51266bbcbd839c1be2260e147807cf654,562
project/semantic_explanation_validation_v1/03_execution/raw_rpc/000481_AURIGAMI_AH4_AH4B_eth_call.json,3a66fb31664dbb5dca586ec0a9324e4ea7e0fcc335ba0417fd0109e6ca6217e0,562
project/semantic_explanation_validation_v1/03_execution/raw_rpc/000482_AURIGAMI_AH4_AH4B_eth_call.json,692b0ddfa2c10f5033a11e3c85aa1b93e06d9e9d4cd229a566ee96ab45cb9754,370
project/semantic_explanation_validation_v1/03_execution/raw_rpc/000483_AURIGAMI_AH4_AH4B_eth_call.json,662bb1ee1bbfc07e77803c75cb31e3004baab5f55d464456fde28f41efb5ea90,370
project/semantic_explanation_validation_v1/03_execution/raw_rpc/000484_AURIGAMI_AH4_AH4B_eth_getBlockByNumber.json,f1d9f2f8804582010297e88137355901b84f714727d2241e6e4e207a01530830,2168
project/semantic_explanation_validation_v1/03_execution/raw_rpc/000485_AURIGAMI_AH5_AH5A_hardhat_reset.json,151fb5759b5dcfcf1fae1eafe62a31700d3e7bff9bb5329ec66441bba5aa663c,322
project/semantic_explanation_validation_v1/03_execution/raw_rpc/000486_AURIGAMI_AH5_AH5A_eth_getBlockByNumber.json,11ae8b86a8700c12b002428945daf630d30286300b909afd6655b1187c16bea8,1765
project/semantic_explanation_validation_v1/03_execution/raw_rpc/000487_AURIGAMI_AH5_AH5A_hardhat_impersonateAccount.json,2d18a9527e976d28cec8228ffca79b033e4760522913a2acf817e0a7c973ed3d,254
project/semantic_explanation_validation_v1/03_execution/raw_rpc/000488_AURIGAMI_AH5_AH5A_hardhat_setBalance.json,e5d7c2edade5f5760d48e72ebf70cb2170e3757b2c60e94df37da9c02dbee83f,277
project/semantic_explanation_validation_v1/03_execution/raw_rpc/000489_AURIGAMI_AH5_AH5A_hardhat_impersonateAccount.json,1b998e15facd842ea426617d857effbd0c3e4acffeaf70050905e67eed169bb2,254
project/semantic_explanation_validation_v1/03_execution/raw_rpc/000490_AURIGAMI_AH5_AH5A_hardhat_setBalance.json,2e7aa465c8b7d04fdcc5795c0a2a0d13c475a7b8860cf99ba7d323ff670c72fe,277
project/semantic_explanation_validation_v1/03_execution/raw_rpc/000491_AURIGAMI_AH5_AH5A_hardhat_impersonateAccount.json,5523e8ecea410e33ff6d529a6dd642f693cfb99ccf3c1ab090962a71ec66a14e,254
project/semantic_explanation_validation_v1/03_execution/raw_rpc/000492_AURIGAMI_AH5_AH5A_hardhat_setBalance.json,4c474f16f5d8f0b519e14e8d5cb671440e5bf2b08971e290a83988ec92856e2c,277
project/semantic_explanation_validation_v1/03_execution/raw_rpc/000493_AURIGAMI_AH5_AH5A_hardhat_setCode.json,700a5347052a546883038dee68c6e4897c413bf2a73a0bd217469bf5991064b7,823
project/semantic_explanation_validation_v1/03_execution/raw_rpc/000494_AURIGAMI_AH5_AH5A_evm_setNextBlockTimestamp.json,4ac2279dbe3651a3e9f87de2c152d5ab7164b020da080634ade14b2fda83caa6,227
project/semantic_explanation_validation_v1/03_execution/raw_rpc/000495_AURIGAMI_AH5_AH5A_eth_sendTransaction.json,38599a90c90bbf4b4280b0ef15656a2f667b358b8890e9a1efbfb7ba410b0090,647
project/semantic_explanation_validation_v1/03_execution/raw_rpc/000496_AURIGAMI_AH5_AH5A_eth_getTransactionReceipt.json,adb7df369d3ffe02f50475ada027da813607ba8972e5a113eefebdccccbce157,2104
project/semantic_explanation_validation_v1/03_execution/raw_rpc/000497_AURIGAMI_AH5_AH5A_evm_setNextBlockTimestamp.json,7bfb2b890a7c2e89d90859e92b30c0a1e152068cedd429d7697284ffac7fff00,227
project/semantic_explanation_validation_v1/03_execution/raw_rpc/000498_AURIGAMI_AH5_AH5A_eth_sendTransaction.json,311b0f19055c98baa351e28c83408e8d864d124927e4082032c495f42d9ead9e,647
project/semantic_explanation_validation_v1/03_execution/raw_rpc/000499_AURIGAMI_AH5_AH5A_eth_getTransactionReceipt.json,d199c53f2332293bc5262d3d26b517a996cc13e702b9ecdc612bd039893be7e8,2186
project/semantic_explanation_validation_v1/03_execution/raw_rpc/000500_AURIGAMI_AH5_AH5A_eth_call.json,601ad074b4d6076fe8c21058955404e7567da1c5882a2f9d920b2bcfcd950e17,562
project/semantic_explanation_validation_v1/03_execution/raw_rpc/000501_AURIGAMI_AH5_AH5A_evm_setNextBlockTimestamp.json,2080c2ffc30afb9e77a9157395fe46bb2cbf614e9f323b4a718ebd0a2a53447d,227
project/semantic_explanation_validation_v1/03_execution/raw_rpc/000502_AURIGAMI_AH5_AH5A_evm_mine.json,d4d61ff58e1ee4ca6378932aea6d75a6bd03ed9a382352bdacacede5b5ae2b39,179
project/semantic_explanation_validation_v1/03_execution/raw_rpc/000503_AURIGAMI_AH5_AH5A_eth_call.json,28ab6fb2ddd6e1b8ac0df561bf2fc925c77c4b979559cef4288b58ce3e895d06,562
project/semantic_explanation_validation_v1/03_execution/raw_rpc/000504_AURIGAMI_AH5_AH5A_eth_call.json,a436f4c1a68706afefa643280803d891bb305eb71b05f4bbcda2a778caf176a2,562
project/semantic_explanation_validation_v1/03_execution/raw_rpc/000505_AURIGAMI_AH5_AH5A_eth_call.json,ee155f3fb3686a7b3af2fd6426d3627bacd718ebdf7aeaece349933b1a93f72e,562
project/semantic_explanation_validation_v1/03_execution/raw_rpc/000506_AURIGAMI_AH5_AH5A_eth_call.json,1045e4c591cc820187d17766b71cff1b835df3453ce918abe30b059f7732768e,562
project/semantic_explanation_validation_v1/03_execution/raw_rpc/000507_AURIGAMI_AH5_AH5A_eth_call.json,5f34673a42b3b5af626956e0da11d8e8e67d14e996274d3efc47c11940c441c8,562
project/semantic_explanation_validation_v1/03_execution/raw_rpc/000508_AURIGAMI_AH5_AH5A_eth_call.json,6da830cf42671928bdc987e626d03942474269a2635694dc79e44bbd7579fe9e,370
project/semantic_explanation_validation_v1/03_execution/raw_rpc/000509_AURIGAMI_AH5_AH5A_eth_call.json,c70fd2853e559dc272516303166ed678168c3dbb903136c22defca177f3ff293,370
project/semantic_explanation_validation_v1/03_execution/raw_rpc/000510_AURIGAMI_AH5_AH5A_debug_traceCall.json,5e6a9f9738b707268047c38a229a25f1a5fbc1c3ac3084c88b63f63febe8b201,60377
project/semantic_explanation_validation_v1/03_execution/raw_rpc/000511_AURIGAMI_AH5_AH5A_eth_call.json,dce819706adc2a511ad6422b270f2aee08a84e195f2c3e36b3475f247f0bb3bc,562
project/semantic_explanation_validation_v1/03_execution/raw_rpc/000512_AURIGAMI_AH5_AH5A_eth_call.json,a254d1e5b9f3bed3853dd673dde425339eb3531c7edd5a73311b3be48d999885,562
project/semantic_explanation_validation_v1/03_execution/raw_rpc/000513_AURIGAMI_AH5_AH5A_eth_call.json,391ff725252848886b3b58558483c7c2cac759f9c233ad4971bb251b853216ee,562
project/semantic_explanation_validation_v1/03_execution/raw_rpc/000514_AURIGAMI_AH5_AH5A_eth_call.json,f89f34dbfa8cd9f61856d2634ac5fdbb5c05e4cf61ecc394bbeb6fafd207b2fd,562
project/semantic_explanation_validation_v1/03_execution/raw_rpc/000515_AURIGAMI_AH5_AH5A_eth_call.json,d621060b9ed88d9908f73754ca897ee6103211c1b5927e72203e91fcac0e9c68,562
project/semantic_explanation_validation_v1/03_execution/raw_rpc/000516_AURIGAMI_AH5_AH5A_eth_call.json,5ae574501dd8c9ae427ff9f2feb8a2763bf2b4b16156cf1a9da54de5175e4916,370
project/semantic_explanation_validation_v1/03_execution/raw_rpc/000517_AURIGAMI_AH5_AH5A_eth_call.json,702c67cc9db6e3bae1b86cabaaecb529105210e544b3f8201a04fd9d08a3e605,370
project/semantic_explanation_validation_v1/03_execution/raw_rpc/000518_AURIGAMI_AH5_AH5A_eth_getBlockByNumber.json,72c8feed103fc7bf863aede13df4a08045d09215d62aa08fdd15ed51e9b6c52e,2168
project/semantic_explanation_validation_v1/03_execution/raw_rpc/000519_AURIGAMI_AH5_AH5B_hardhat_reset.json,09c35bb6c5a02bb05b24c28d771c2b5ac393c22d256f7a1bceef2e522b09b002,322
project/semantic_explanation_validation_v1/03_execution/raw_rpc/000520_AURIGAMI_AH5_AH5B_eth_getBlockByNumber.json,2b79ae9cb41eb85335e4db6c4f29558ce90ef838876c7e02c781df515990e84d,1765
project/semantic_explanation_validation_v1/03_execution/raw_rpc/000521_AURIGAMI_AH5_AH5B_hardhat_impersonateAccount.json,50c4b529290135c578297c035a7aa0c82ca7aa8028fda077a40c90376268feb8,254
project/semantic_explanation_validation_v1/03_execution/raw_rpc/000522_AURIGAMI_AH5_AH5B_hardhat_setBalance.json,c37297a445724aec3696832f34eb81c7a261883d8245bb31853a95706137b547,277
project/semantic_explanation_validation_v1/03_execution/raw_rpc/000523_AURIGAMI_AH5_AH5B_hardhat_impersonateAccount.json,d3cf2ee03b0779d8d217f28b87d1cdc7ded89a7d05afa55bed35adf858f974f4,254
project/semantic_explanation_validation_v1/03_execution/raw_rpc/000524_AURIGAMI_AH5_AH5B_hardhat_setBalance.json,4dd8a428b96ff654cd35ac01e7362be50de41332667fbefeef69cf6ff742af83,277
project/semantic_explanation_validation_v1/03_execution/raw_rpc/000525_AURIGAMI_AH5_AH5B_hardhat_impersonateAccount.json,11a7c2666b7bfec9629a5d3d0cdb887edcaa553d01464a3cf02813b6ecbb5d98,254
project/semantic_explanation_validation_v1/03_execution/raw_rpc/000526_AURIGAMI_AH5_AH5B_hardhat_setBalance.json,62c84411ad2df0895ff6e07d6725758296c8ee825a075d451baf778d59df43b6,277
project/semantic_explanation_validation_v1/03_execution/raw_rpc/000527_AURIGAMI_AH5_AH5B_hardhat_setCode.json,0247d665e47a2f209e6c155420c18170ad476783498c1e036e5d8bc2d5d3bc5d,823
project/semantic_explanation_validation_v1/03_execution/raw_rpc/000528_AURIGAMI_AH5_AH5B_evm_setNextBlockTimestamp.json,e0507e460e435173fa8b4fe151d0937e9fbdabb2e83aea3d9ad7753bac796724,227
project/semantic_explanation_validation_v1/03_execution/raw_rpc/000529_AURIGAMI_AH5_AH5B_eth_sendTransaction.json,0edeac62c74ec1d74cefce19d3dc615fdb4f09282bf4baa020966f8cccd6f3a4,647
project/semantic_explanation_validation_v1/03_execution/raw_rpc/000530_AURIGAMI_AH5_AH5B_eth_getTransactionReceipt.json,890e3cb6ba36143a2b706e632476509481667210692eb4d9bf2ef8509ef7b74a,2104
project/semantic_explanation_validation_v1/03_execution/raw_rpc/000531_AURIGAMI_AH5_AH5B_evm_setNextBlockTimestamp.json,5475bf7f31d06dc521ab863e20b678d827d8b3bcb22b11b3d223499f85fa055b,227
project/semantic_explanation_validation_v1/03_execution/raw_rpc/000532_AURIGAMI_AH5_AH5B_eth_sendTransaction.json,54ae2d757911475e1f728385f60ed43d7f2ac03c90b949a1f1fb371a4ab79be9,647
project/semantic_explanation_validation_v1/03_execution/raw_rpc/000533_AURIGAMI_AH5_AH5B_eth_getTransactionReceipt.json,9ae89e4b0ac842493911313a65cee60e9c6fd6e381f4d7b7dfaa6aadea093ecc,2186
project/semantic_explanation_validation_v1/03_execution/raw_rpc/000534_AURIGAMI_AH5_AH5B_eth_call.json,f86188dee341e5bc432565e2934ef7290e486a6eb38e30d1b13d1bf1ca650806,562
project/semantic_explanation_validation_v1/03_execution/raw_rpc/000535_AURIGAMI_AH5_AH5B_evm_setNextBlockTimestamp.json,0108a0057e1b562b53df51f745032c0b29c5865fae3213c0966ec93db24fee7a,227
project/semantic_explanation_validation_v1/03_execution/raw_rpc/000536_AURIGAMI_AH5_AH5B_evm_mine.json,d8f5025e3f9b001ed25c85ce40f36cf1c23cf0e9f72c927f6fb40451d6e86716,179
project/semantic_explanation_validation_v1/03_execution/raw_rpc/000537_AURIGAMI_AH5_AH5B_eth_call.json,868205cbe0ad3d42c529c3194b3e740c1ec432a88a1ecc0e8450234b1454ae3f,562
project/semantic_explanation_validation_v1/03_execution/raw_rpc/000538_AURIGAMI_AH5_AH5B_eth_call.json,bc2039b1a98a3a483d7bdc774c89a51afb3a638978b1ad85a609c8e8335918ab,562
project/semantic_explanation_validation_v1/03_execution/raw_rpc/000539_AURIGAMI_AH5_AH5B_eth_call.json,b4f0ea78daf19dcb831f9ae909c362e28e84002650eb6504ef9f281b8ebd681b,562
project/semantic_explanation_validation_v1/03_execution/raw_rpc/000540_AURIGAMI_AH5_AH5B_eth_call.json,5aaa28a6b7d53f2107266c923b603fdbbca5fcc3a0b54a913c9740faf9ef3762,562
project/semantic_explanation_validation_v1/03_execution/raw_rpc/000541_AURIGAMI_AH5_AH5B_eth_call.json,cce4ef62801dc0ab5d0eed6d6102f979d4c4f165375b4edda1f5c27b4155ec03,562
project/semantic_explanation_validation_v1/03_execution/raw_rpc/000542_AURIGAMI_AH5_AH5B_eth_call.json,7be51840c41bf42246b5ebd186e5bd105d49224c00493cb9ba9d04dfdfec201c,370
project/semantic_explanation_validation_v1/03_execution/raw_rpc/000543_AURIGAMI_AH5_AH5B_eth_call.json,e8f9b48ec00f28bfed6aee492ad0e36089d2a77e38210091bb09fdc2edca3c1b,370
project/semantic_explanation_validation_v1/03_execution/raw_rpc/000544_AURIGAMI_AH5_AH5B_debug_traceCall.json,42e7c6731fc47e5b96c309aeb361f22d1633f15be3edefc00a4cbde3f9ba5254,60377
project/semantic_explanation_validation_v1/03_execution/raw_rpc/000545_AURIGAMI_AH5_AH5B_eth_call.json,e8ea27455efeb10de5e6c1c0952c6bf163e3370adab6f4438744be5b89c67490,562
project/semantic_explanation_validation_v1/03_execution/raw_rpc/000546_AURIGAMI_AH5_AH5B_eth_call.json,8f98ec84d3d8d4856c2e0b570b5cfb195b75f8e80568f9b2fd90ccbb4022fd41,562
project/semantic_explanation_validation_v1/03_execution/raw_rpc/000547_AURIGAMI_AH5_AH5B_eth_call.json,e616217dcfcfa70a360ce0858a138dd05cacdb6a0dacf3c89918359b91e7342e,562
project/semantic_explanation_validation_v1/03_execution/raw_rpc/000548_AURIGAMI_AH5_AH5B_eth_call.json,c6212f36239d9a3243b685630106750155182776972d9713115a9ef74a4f07af,562
project/semantic_explanation_validation_v1/03_execution/raw_rpc/000549_AURIGAMI_AH5_AH5B_eth_call.json,ee5680f1cfb094028993c2c27ab76972f6e0b50af2881b57355392d945eeeec7,562
project/semantic_explanation_validation_v1/03_execution/raw_rpc/000550_AURIGAMI_AH5_AH5B_eth_call.json,31b0161d919604ad08290fbce45aba25e52fee42fd14895ecfa02fb4124e657c,370
project/semantic_explanation_validation_v1/03_execution/raw_rpc/000551_AURIGAMI_AH5_AH5B_eth_call.json,07e681e6e90a56ca31f13ea2d41f26657ee2c10cb20fc12a73cfcb3d76ad282f,370
project/semantic_explanation_validation_v1/03_execution/raw_rpc/000552_AURIGAMI_AH5_AH5B_eth_getBlockByNumber.json,913a9972af5a772f8407d22e6c0016f775893573cf61fe6a2684274a1e4a4c90,2168
project/semantic_explanation_validation_v1/03_execution/raw_rpc/000553_FATHOM_FH1_FH1A_hardhat_reset.json,5495cd181d68a6649c7b94cb62853eaef09cef3fa4a9d735c7f081e05319a7ce,322
project/semantic_explanation_validation_v1/03_execution/raw_rpc/000554_FATHOM_FH1_FH1A_eth_getBlockByNumber.json,66bd8971b5a25c21a09354eee2f1d9930a1d46638ff83d4e2e73b985bdcd4e3c,12118
project/semantic_explanation_validation_v1/03_execution/raw_rpc/000555_FATHOM_FH1_FH1A_hardhat_impersonateAccount.json,e8936272f066a1b26de417b424ae648e6414bf3815f415442cb98ac368f36fe7,254
project/semantic_explanation_validation_v1/03_execution/raw_rpc/000556_FATHOM_FH1_FH1A_hardhat_setBalance.json,d4e2a8054e9fff7c2d80ab02064ade7e13010b2a4b5cbbb6ec07efca2be2bde2,277
project/semantic_explanation_validation_v1/03_execution/raw_rpc/000557_FATHOM_FH1_FH1A_evm_setNextBlockTimestamp.json,912d884b007044571e5330575473082804d947b924268a395fd579f9dfb46768,227
project/semantic_explanation_validation_v1/03_execution/raw_rpc/000558_FATHOM_FH1_FH1A_eth_sendTransaction.json,d0053a284097a1a6389e017e2c30c22e401d915b4d0bc49eb81242e78c7fb7d3,583
project/semantic_explanation_validation_v1/03_execution/raw_rpc/000559_FATHOM_FH1_FH1A_eth_getTransactionReceipt.json,6dbba7a66801dc01cf2d6dd9070f5245a215959a5c1f2970465dd5993d3ed48c,1386
project/semantic_explanation_validation_v1/03_execution/raw_rpc/000560_FATHOM_FH1_FH1A_evm_setNextBlockTimestamp.json,e37ea190da59aafde4cf973521c1cf2a1ed3ef4694861f69d661902b5b16572b,227
project/semantic_explanation_validation_v1/03_execution/raw_rpc/000561_FATHOM_FH1_FH1A_eth_sendTransaction.json,23d91befadaf805316927e3059ee52495a80c7a3499ca688cce89b306fdf0cd1,583
project/semantic_explanation_validation_v1/03_execution/raw_rpc/000562_FATHOM_FH1_FH1A_eth_getTransactionReceipt.json,fee282ab68024d97625ee6331a3e4e9e09bc527f9f5728de723b9ae917197dd4,1386
project/semantic_explanation_validation_v1/03_execution/raw_rpc/000563_FATHOM_FH1_FH1A_evm_setNextBlockTimestamp.json,d148b70d818931552346a2d99149fa26db061e26c05b8c201a45a47c8f1bdf52,227
project/semantic_explanation_validation_v1/03_execution/raw_rpc/000564_FATHOM_FH1_FH1A_eth_sendTransaction.json,8b9c968d0bede4cfa0bb78901f33ce4c9175fa7a99cfbc89fa261f94bdbb6d41,583
project/semantic_explanation_validation_v1/03_execution/raw_rpc/000565_FATHOM_FH1_FH1A_eth_getTransactionReceipt.json,510265f44b717c2467eb65d5808a38e9ef812e0a18424e9388c1ee1c597497a3,1386
project/semantic_explanation_validation_v1/03_execution/raw_rpc/000566_FATHOM_FH1_FH1A_evm_setNextBlockTimestamp.json,81a908ad51769a3b741741f30e9d35b6d5c6d3214f0ff4496c41ad380cef58fc,227
project/semantic_explanation_validation_v1/03_execution/raw_rpc/000567_FATHOM_FH1_FH1A_eth_sendTransaction.json,8bc697d41afb4822716e2dd703f4491e96ca388a2ece3fc0cd0ddd18abbba423,583
project/semantic_explanation_validation_v1/03_execution/raw_rpc/000568_FATHOM_FH1_FH1A_eth_getTransactionReceipt.json,473f85f69ac69f8876ae8703877518a69535b82ddae61af1da4a322dda052077,1386
project/semantic_explanation_validation_v1/03_execution/raw_rpc/000569_FATHOM_FH1_FH1A_evm_setNextBlockTimestamp.json,1c5b02ee305496f15c290ad4907ae925ded9b09842ff99fd6c93ce3131009ab2,227
project/semantic_explanation_validation_v1/03_execution/raw_rpc/000570_FATHOM_FH1_FH1A_eth_sendTransaction.json,58477cfce1280271a6d70806a0d58b45137bbe6b33e58711fa0a42079c5699b1,583
project/semantic_explanation_validation_v1/03_execution/raw_rpc/000571_FATHOM_FH1_FH1A_eth_getTransactionReceipt.json,d5331338e437a1464212da165775a5ce834bf7fd5c2fa32a2d7288d0e1dffb57,1386
project/semantic_explanation_validation_v1/03_execution/raw_rpc/000572_FATHOM_FH1_FH1A_evm_setNextBlockTimestamp.json,26ac8e932df78126781a903b43788d97130410d3dc1400ab2adff8b952317a5c,227
project/semantic_explanation_validation_v1/03_execution/raw_rpc/000573_FATHOM_FH1_FH1A_eth_sendTransaction.json,2ef96d6433706e50c5b73c91d39f877cece0a6b03bd2d98521319450920ca028,583
project/semantic_explanation_validation_v1/03_execution/raw_rpc/000574_FATHOM_FH1_FH1A_eth_getTransactionReceipt.json,ae290f82d57a229fb45bd0cb6dffe32431a340bed9c77d1f1e5e473a2c9a3b49,1386
project/semantic_explanation_validation_v1/03_execution/raw_rpc/000575_FATHOM_FH1_FH1A_evm_setNextBlockTimestamp.json,c31871615b645f6b20f75666965641ad1395086ed710eaa339f72ed16b7a444b,227
project/semantic_explanation_validation_v1/03_execution/raw_rpc/000576_FATHOM_FH1_FH1A_eth_sendTransaction.json,309378512f4baa2c0394994bc31b60e5845a3cc8b700fd28a1bb17630d636f6d,583
project/semantic_explanation_validation_v1/03_execution/raw_rpc/000577_FATHOM_FH1_FH1A_eth_getTransactionReceipt.json,55cc150dc42130b49fefca20db1ce87b634e8a5a236a9902e3aa041bfa839af5,1386
project/semantic_explanation_validation_v1/03_execution/raw_rpc/000578_FATHOM_FH1_FH1A_evm_setNextBlockTimestamp.json,2d1d06d2c497a13d47f08d017d1d3d2a9b17b6cb7ed63162d14f5160f196d3f3,227
project/semantic_explanation_validation_v1/03_execution/raw_rpc/000579_FATHOM_FH1_FH1A_eth_sendTransaction.json,f8a3803680c65e1158c6fe03ea1a35ba9db6c8240c2abbe1340d59377b3d0358,583
project/semantic_explanation_validation_v1/03_execution/raw_rpc/000580_FATHOM_FH1_FH1A_eth_getTransactionReceipt.json,98b4017a793518ca8150c6c5ec943cf78d97854a1a3a62565a807c8d483686fb,1386
project/semantic_explanation_validation_v1/03_execution/raw_rpc/000581_FATHOM_FH1_FH1A_evm_setNextBlockTimestamp.json,2b3eaac3004f48732a44bff9d5d8116145c02e58cab24c9217ab928555b063e0,227
project/semantic_explanation_validation_v1/03_execution/raw_rpc/000582_FATHOM_FH1_FH1A_eth_sendTransaction.json,cad7a97b6ee9f2b3b6c9b6daf1cd566ceb101f9e98cb2284f30a5b2a86ce8266,583
project/semantic_explanation_validation_v1/03_execution/raw_rpc/000583_FATHOM_FH1_FH1A_eth_getTransactionReceipt.json,db5681c6a2da8f082d66ca07ca94e1d12bf8c26b236e149da5f4883914fdad87,1386
project/semantic_explanation_validation_v1/03_execution/raw_rpc/000584_FATHOM_FH1_FH1A_evm_setNextBlockTimestamp.json,7328087214d373b6d79e1dd617f6ff94fbb3e2dcd386b6d04b4e08f081858367,227
project/semantic_explanation_validation_v1/03_execution/raw_rpc/000585_FATHOM_FH1_FH1A_eth_sendTransaction.json,adc7d97af8cb7183f8c498df68b66c170ace057ae0355ff589ac3f2b336f2944,583
project/semantic_explanation_validation_v1/03_execution/raw_rpc/000586_FATHOM_FH1_FH1A_eth_getTransactionReceipt.json,18c093c7ffa6adf29e97a67cd91fa0e051bedda489b048fdd34e856eb292dada,1386
project/semantic_explanation_validation_v1/03_execution/raw_rpc/000587_FATHOM_FH1_FH1A_evm_setNextBlockTimestamp.json,52680e2409c62621fa5dc00734bcefc78afdb9819628b416a5044cfe267f43cc,227
project/semantic_explanation_validation_v1/03_execution/raw_rpc/000588_FATHOM_FH1_FH1A_eth_sendTransaction.json,45a5d3cd89a432e41712ff50daa13a9f0c84f5f7594f9f3e8c072bd745fdcb92,583
project/semantic_explanation_validation_v1/03_execution/raw_rpc/000589_FATHOM_FH1_FH1A_eth_getTransactionReceipt.json,b75ca1d59f260355426508c4f7cf8e489044d8fda0c2e282f3722483c59a2f03,1385
project/semantic_explanation_validation_v1/03_execution/raw_rpc/000590_FATHOM_FH1_FH1A_evm_setNextBlockTimestamp.json,6ac80fef8a863197aa0b264e2b30d4dca237fdea5f637753092056d2ed2e0985,227
project/semantic_explanation_validation_v1/03_execution/raw_rpc/000591_FATHOM_FH1_FH1A_eth_sendTransaction.json,0318fc929f7b63db722723362af2a92b5ea8fb50192f9643d8fa112c5f45f853,583
project/semantic_explanation_validation_v1/03_execution/raw_rpc/000592_FATHOM_FH1_FH1A_eth_getTransactionReceipt.json,64c4b1fb4cc6395b84f7a65b91ea37141565f93181e9a45ab8223ea1f52a46e9,1385
project/semantic_explanation_validation_v1/03_execution/raw_rpc/000593_FATHOM_FH1_FH1A_evm_setNextBlockTimestamp.json,2f818eaa92271c2a8567b0e1af5e0749768374f39d1c5d24fa555d4453d89f2a,227
project/semantic_explanation_validation_v1/03_execution/raw_rpc/000594_FATHOM_FH1_FH1A_eth_sendTransaction.json,074c9338c43137c70f81b51491a1a3b1cb4207c2e5b9c7bfa81145c2017dc734,583
project/semantic_explanation_validation_v1/03_execution/raw_rpc/000595_FATHOM_FH1_FH1A_eth_getTransactionReceipt.json,789f738bc5da0e59e9e90dbee8c6ea3600b8efb98f1d6aacf981a54087057349,1385
project/semantic_explanation_validation_v1/03_execution/raw_rpc/000596_FATHOM_FH1_FH1A_evm_setNextBlockTimestamp.json,3e7293ca5ec44dff225b3ca267e7a55436142f109415eaf3eb31d1c14783bfbf,227
project/semantic_explanation_validation_v1/03_execution/raw_rpc/000597_FATHOM_FH1_FH1A_eth_sendTransaction.json,3a6a772c285a51d7b511a26f6d1ed8719043eb6b41816a3cb47480c3eb8a49ac,583
project/semantic_explanation_validation_v1/03_execution/raw_rpc/000598_FATHOM_FH1_FH1A_eth_getTransactionReceipt.json,12ccd9300eb2d7733d576caf0d95cb2a4c4b0d23b07000564a8d8fa0f8f6d64f,1385
project/semantic_explanation_validation_v1/03_execution/raw_rpc/000599_FATHOM_FH1_FH1A_evm_setNextBlockTimestamp.json,f57b95ede6b022312c07a952cc7737130b16f56be85ca6f9b064db624ee2e253,227
project/semantic_explanation_validation_v1/03_execution/raw_rpc/000600_FATHOM_FH1_FH1A_eth_sendTransaction.json,b6bf34ae86afcd86430f07e5c483fbc1911e392feadf46c39aebe88b75708a4e,583
project/semantic_explanation_validation_v1/03_execution/raw_rpc/000601_FATHOM_FH1_FH1A_eth_getTransactionReceipt.json,c27032dcb794dd9e8c2e5313719c7dbfe5b68141bc1c068953872b325bb18405,1385
project/semantic_explanation_validation_v1/03_execution/raw_rpc/000602_FATHOM_FH1_FH1A_evm_setNextBlockTimestamp.json,44bd1f4ae46713465edb5bf6db474f63b650822d20ca87b58fab178cf467bc8a,227
project/semantic_explanation_validation_v1/03_execution/raw_rpc/000603_FATHOM_FH1_FH1A_eth_sendTransaction.json,15b9ac14bdfd98f9f0715e20d8996e7834163ab0169711717206abad23eb3cef,455
project/semantic_explanation_validation_v1/03_execution/raw_rpc/000604_FATHOM_FH1_FH1A_eth_getTransactionReceipt.json,b2bc72aecf9f4709ac9cafa380a00370e0ce8af56481599e469898254f141dda,1385
project/semantic_explanation_validation_v1/03_execution/raw_rpc/000605_FATHOM_FH1_FH1A_evm_setNextBlockTimestamp.json,3c86af83e0c2735c0b4c662406cdf21f67ea5830191a291d7b75b7ef49dc60af,227
project/semantic_explanation_validation_v1/03_execution/raw_rpc/000606_FATHOM_FH1_FH1A_eth_sendTransaction.json,71447d35dd57bf6ac882809bc2703912c06dc872609e26de4eddfc96b7358a47,583
project/semantic_explanation_validation_v1/03_execution/raw_rpc/000607_FATHOM_FH1_FH1A_eth_getTransactionReceipt.json,af9036206dbc12375060dce1a7dac561204029376ab66bc58765fb3639ccb112,1385
project/semantic_explanation_validation_v1/03_execution/raw_rpc/000608_FATHOM_FH1_FH1A_evm_setNextBlockTimestamp.json,0b25181277b9a5202dba20005d67c7fc0dae95780d24737c3abe4d2f682c0b1e,227
project/semantic_explanation_validation_v1/03_execution/raw_rpc/000609_FATHOM_FH1_FH1A_eth_sendTransaction.json,a5edce070eb12d9c6ccb476f0076a207c29ec3e71df222364da84f30dbaf5061,583
project/semantic_explanation_validation_v1/03_execution/raw_rpc/000610_FATHOM_FH1_FH1A_eth_getTransactionReceipt.json,0502e8ad916033b2fe0fd0de255c8653090c0eaf03da2c15c282d041b0c66700,1385
project/semantic_explanation_validation_v1/03_execution/raw_rpc/000611_FATHOM_FH1_FH1A_evm_setNextBlockTimestamp.json,de64b0bad1eea27afe4b9472bd67d31eb3a91ff82488868e47c2b5d5dd5a9012,227
project/semantic_explanation_validation_v1/03_execution/raw_rpc/000612_FATHOM_FH1_FH1A_eth_sendTransaction.json,823bfec1632d269f04a284f9ddb0f825ffe8f572fe37d9f70b1b87a40693816f,583
project/semantic_explanation_validation_v1/03_execution/raw_rpc/000613_FATHOM_FH1_FH1A_eth_getTransactionReceipt.json,742b09a80eb6b9afbe47112ef9587cbd3d368422b6f648a426a31d58b4ec9249,1385
project/semantic_explanation_validation_v1/03_execution/raw_rpc/000614_FATHOM_FH1_FH1A_evm_setNextBlockTimestamp.json,5e34167d996769544bc3a256e619a299417da4aaf825c3a9ef7a2a765a113be5,227
project/semantic_explanation_validation_v1/03_execution/raw_rpc/000615_FATHOM_FH1_FH1A_eth_sendTransaction.json,76fc12eff3d5014dd28c5160b49a05f866c08e2129f0c9ceb3b484b1eae81fb2,583
project/semantic_explanation_validation_v1/03_execution/raw_rpc/000616_FATHOM_FH1_FH1A_eth_getTransactionReceipt.json,99bcff948418c9c330ea6c950d76815c7d2e25bc109627db0520d5e5ed87d5b6,1385
project/semantic_explanation_validation_v1/03_execution/raw_rpc/000617_FATHOM_FH1_FH1A_evm_setNextBlockTimestamp.json,2f83d3332d772ce71a0cbad81d747eb313c75a255f3899f105a93c41e40300bd,227
project/semantic_explanation_validation_v1/03_execution/raw_rpc/000618_FATHOM_FH1_FH1A_eth_sendTransaction.json,2bf348470a0b237a3c1afdf974c17604351a561cdfd64bd759e47c1f0dcde9d0,583
project/semantic_explanation_validation_v1/03_execution/raw_rpc/000619_FATHOM_FH1_FH1A_eth_getTransactionReceipt.json,d11c90a2e4b3110b47923bfa3638919e59c9b5ca3c2f95130d867a96edb44f6f,1385
project/semantic_explanation_validation_v1/03_execution/raw_rpc/000620_FATHOM_FH1_FH1A_evm_setNextBlockTimestamp.json,b3ed4c030386a74c762994cdedeae172de4a9392eb90da0e7dfca6b71736c681,227
project/semantic_explanation_validation_v1/03_execution/raw_rpc/000621_FATHOM_FH1_FH1A_eth_sendTransaction.json,edd05fcc8ba70894cc994d0d96ffdcf00077a496b176b965156c7ca57cbf1057,583
project/semantic_explanation_validation_v1/03_execution/raw_rpc/000622_FATHOM_FH1_FH1A_eth_getTransactionReceipt.json,15010563016373a4aa52a8b914b510170536e4852cc41c893d2dec6333783032,1385
project/semantic_explanation_validation_v1/03_execution/raw_rpc/000623_FATHOM_FH1_FH1A_evm_setNextBlockTimestamp.json,a00bfa25747b2c22cc905ef8388d6e631a08acc6577e15aaceba6039a8251866,227
project/semantic_explanation_validation_v1/03_execution/raw_rpc/000624_FATHOM_FH1_FH1A_eth_sendTransaction.json,3a975adce8c5c89d5df08057283c571dea1bf9c63aba54a759d64d6a34e22f36,583
project/semantic_explanation_validation_v1/03_execution/raw_rpc/000625_FATHOM_FH1_FH1A_eth_getTransactionReceipt.json,bd491f0e830afc19a5f8b5d8995c2b49bf47ec65b2aacfc429fbefab83bf1c63,1385
project/semantic_explanation_validation_v1/03_execution/raw_rpc/000626_FATHOM_FH1_FH1A_evm_setNextBlockTimestamp.json,0b0e04f26966e41084715606ab7223bc19641d7d98f5667dc78754b86d6a122a,227
project/semantic_explanation_validation_v1/03_execution/raw_rpc/000627_FATHOM_FH1_FH1A_eth_sendTransaction.json,87f9118bbb2572d261e76b725f7bb4900df16f0cde9b95b3ba33d47c49ad8c50,583
project/semantic_explanation_validation_v1/03_execution/raw_rpc/000628_FATHOM_FH1_FH1A_eth_getTransactionReceipt.json,63368674753c593ac61b28a46cf847c379b9b821a6169f18f8212ea4d3b5874f,1385
project/semantic_explanation_validation_v1/03_execution/raw_rpc/000629_FATHOM_FH1_FH1A_evm_setNextBlockTimestamp.json,280b17e3088f77d3ee482d10756c68975ec9ddf55bce7d75741d7302c3a57f95,227
project/semantic_explanation_validation_v1/03_execution/raw_rpc/000630_FATHOM_FH1_FH1A_eth_sendTransaction.json,a701d9ceccefcd06034012bf441f5e8d8272181ded743391d59f17f341651801,583
project/semantic_explanation_validation_v1/03_execution/raw_rpc/000631_FATHOM_FH1_FH1A_eth_getTransactionReceipt.json,ea42554528a9d58b36a016370ddb82bbb3c45e280baf36634785f20c4c1706bd,1385
project/semantic_explanation_validation_v1/03_execution/raw_rpc/000632_FATHOM_FH1_FH1A_evm_setNextBlockTimestamp.json,049c3dfde81c5e73d327a7fda755271076bee81ddd7d63bafe18c8ccde8cb640,227
project/semantic_explanation_validation_v1/03_execution/raw_rpc/000633_FATHOM_FH1_FH1A_eth_sendTransaction.json,e60628763405bbd78d66e173eff03583f6a6fe169ef8399e7f437024ef3dde51,583
project/semantic_explanation_validation_v1/03_execution/raw_rpc/000634_FATHOM_FH1_FH1A_eth_getTransactionReceipt.json,e2261b984b210725cda1e1ab4bac7f4f097c69aecbcebfdfdddc09fa414cf64a,1385
project/semantic_explanation_validation_v1/03_execution/raw_rpc/000635_FATHOM_FH1_FH1A_evm_setNextBlockTimestamp.json,4e58c48d541cc6b0bbc4d0b85c8afeb5aff2100da8ae2143bc85c5a87a6cd7a9,227
project/semantic_explanation_validation_v1/03_execution/raw_rpc/000636_FATHOM_FH1_FH1A_eth_sendTransaction.json,540b3d0bfc9c67ce73e5fef8f93575d63d125b5141cd427ffcd36df3a92f3ca7,583
project/semantic_explanation_validation_v1/03_execution/raw_rpc/000637_FATHOM_FH1_FH1A_eth_getTransactionReceipt.json,33fc25ed7fdba46d7227f6f68ec8dc2333c3549dfd545f449ec6f81a3d172c2c,1385
project/semantic_explanation_validation_v1/03_execution/raw_rpc/000638_FATHOM_FH1_FH1A_evm_setNextBlockTimestamp.json,60f410e323278b406408fd643c6a3b4e17b03741fef86221109f15cb62f99504,227
project/semantic_explanation_validation_v1/03_execution/raw_rpc/000639_FATHOM_FH1_FH1A_eth_sendTransaction.json,7f067042b23317e3dddc4c1b72986916b75be66b1d2c39afd07b5816467dfc7a,583
project/semantic_explanation_validation_v1/03_execution/raw_rpc/000640_FATHOM_FH1_FH1A_eth_getTransactionReceipt.json,c555103badb5cd5c45fcae750bfce6a2320f9c2c91aa09cd2ea5593d2998bb5e,1385
project/semantic_explanation_validation_v1/03_execution/raw_rpc/000641_FATHOM_FH1_FH1A_evm_setNextBlockTimestamp.json,d706e627d723f9aa27f6d7dab87b24e7b941a3f6df9265d251c237ab5b945908,227
project/semantic_explanation_validation_v1/03_execution/raw_rpc/000642_FATHOM_FH1_FH1A_eth_sendTransaction.json,0ad3f3963cc87d635b6b8dff09a252138cdbf49b9e760d5598ceee1af94715d4,583
project/semantic_explanation_validation_v1/03_execution/raw_rpc/000643_FATHOM_FH1_FH1A_eth_getTransactionReceipt.json,06ab1cf3f43e8e49f194aa48e9b944a3127e0ec578a983c827f1e38d1689866a,1385
project/semantic_explanation_validation_v1/03_execution/raw_rpc/000644_FATHOM_FH1_FH1A_evm_setNextBlockTimestamp.json,fd31d24831803dd54cdffac972743df5ab97c6548d9fc0aad7e488ee76e62fd7,227
project/semantic_explanation_validation_v1/03_execution/raw_rpc/000645_FATHOM_FH1_FH1A_eth_sendTransaction.json,7d240e92c16ba3fcc9216ecff06a66e149da3556dd7c9faf0e687733dbe027a2,583
project/semantic_explanation_validation_v1/03_execution/raw_rpc/000646_FATHOM_FH1_FH1A_eth_getTransactionReceipt.json,d0684bb1e29ac2752694ce2a22a272e5eca679b33b3dbe14a1e81e95ebfe009f,1385
project/semantic_explanation_validation_v1/03_execution/raw_rpc/000647_FATHOM_FH1_FH1A_evm_setNextBlockTimestamp.json,a12edaea5c07ed44bad6fcb3c44f4e63e19af17b3f6dfe81f5882c78d3a7ecc0,227
project/semantic_explanation_validation_v1/03_execution/raw_rpc/000648_FATHOM_FH1_FH1A_eth_sendTransaction.json,a574429ea445b31c2092a027ee665a97137998c1615de7edfb3e2d9a663d8ee5,583
project/semantic_explanation_validation_v1/03_execution/raw_rpc/000649_FATHOM_FH1_FH1A_eth_getTransactionReceipt.json,e6a535a1478dc7a65187d3dba4c9b29685a3f8838cba36b5d1111da42d1545c2,1385
project/semantic_explanation_validation_v1/03_execution/raw_rpc/000650_FATHOM_FH1_FH1A_evm_setNextBlockTimestamp.json,7d68e3efba1a3f634cd58d0ea09cc2fb74f909e6a517ba505fead65c4dc21863,227
project/semantic_explanation_validation_v1/03_execution/raw_rpc/000651_FATHOM_FH1_FH1A_eth_sendTransaction.json,c90b00ac5afb001771135cefc685fb35d2511e95d761276f2e53436a2dba3089,455
project/semantic_explanation_validation_v1/03_execution/raw_rpc/000652_FATHOM_FH1_FH1A_eth_getTransactionReceipt.json,21a741e50f2e730fad2cad0d2e3e0115deac1d42d5866fb198f08be16656be06,1385
project/semantic_explanation_validation_v1/03_execution/raw_rpc/000653_FATHOM_FH1_FH1A_eth_call.json,2a6e05488ce29ed5f345aca7c27b2f4816f58bcfdaecd1834f589031a4aa7596,370
project/semantic_explanation_validation_v1/03_execution/raw_rpc/000654_FATHOM_FH1_FH1A_evm_setNextBlockTimestamp.json,dc4239e9248ae0d770dc51caf53da4c9e201842fc4d0420fb966d73f931c3cd8,227
project/semantic_explanation_validation_v1/03_execution/raw_rpc/000655_FATHOM_FH1_FH1A_eth_call.json,2d88f09fad7cecb11b1dcf7a042a3de0ea59210decf4c729dbc1e7a804b6557a,434
project/semantic_explanation_validation_v1/03_execution/raw_rpc/000656_FATHOM_FH1_FH1A_eth_call.json,dbbb4c521ad00a3d0534a1ccec9e9684dca17676bdc76244e4913504ffda6eac,434
project/semantic_explanation_validation_v1/03_execution/raw_rpc/000657_FATHOM_FH1_FH1A_eth_call.json,3cfb04e56f956b9c3e1c15ea650e526b6e3dbf498e48158e50b8fffc1c07b4ea,370
project/semantic_explanation_validation_v1/03_execution/raw_rpc/000658_FATHOM_FH1_FH1A_eth_call.json,a0d6e3c4006db59e383b0726d899a907ad039633082dfbeb328599b61931f3df,370
project/semantic_explanation_validation_v1/03_execution/raw_rpc/000659_FATHOM_FH1_FH1A_eth_call.json,75df1a6f42729211f390c7d1cae4017107b17ba43d89c1a68ec8233cd828225e,370
project/semantic_explanation_validation_v1/03_execution/raw_rpc/000660_FATHOM_FH1_FH1A_eth_call.json,8263f7a44b60219e756ac76fcdd6085d080dc2bd7670b48f16eb52200c3c7b6b,370
project/semantic_explanation_validation_v1/03_execution/raw_rpc/000661_FATHOM_FH1_FH1A_eth_call.json,a6a42f199c12b0fa5d5cdc17b6f6c862509699a8c7dce42035c288a473720eb0,370
project/semantic_explanation_validation_v1/03_execution/raw_rpc/000662_FATHOM_FH1_FH1A_eth_call.json,4727998744e838f5d73208985cc7fbf731d01cd2d73c15aaffbafbca08b3bd70,370
project/semantic_explanation_validation_v1/03_execution/raw_rpc/000663_FATHOM_FH1_FH1A_eth_sendTransaction.json,ca91e125a66100ccffde61b0e0f1746aaad4f00f9353192c5d73e314317add87,455
project/semantic_explanation_validation_v1/03_execution/raw_rpc/000664_FATHOM_FH1_FH1A_eth_getTransactionReceipt.json,9be0166498e6733da6d40d4b70bfa757bab735e5244c29d482183663f34ce43f,1383
project/semantic_explanation_validation_v1/03_execution/raw_rpc/000665_FATHOM_FH1_FH1A_debug_traceTransaction.json.gz,99deded6f1115de9c7e834c9b56a23fd83d9046f6570920740926f3061991d92,34864
project/semantic_explanation_validation_v1/03_execution/raw_rpc/000666_FATHOM_FH1_FH1A_eth_call.json,3021ac522532db408b24f392d78e8976392b4135930ce879a16978233e95c88c,434
project/semantic_explanation_validation_v1/03_execution/raw_rpc/000667_FATHOM_FH1_FH1A_eth_call.json,fdd5066aec322d68f0aed4348536d3ca87868f4792732990f719189f0caca927,434
project/semantic_explanation_validation_v1/03_execution/raw_rpc/000668_FATHOM_FH1_FH1A_eth_call.json,496cdba83abae07ae40175a0f3dff83c7b8bb5e10ee938b3cf5f857a423570fc,370
project/semantic_explanation_validation_v1/03_execution/raw_rpc/000669_FATHOM_FH1_FH1A_eth_call.json,fe62c21b918cd44a891971f1e84380762764ac30fca4e892d19e2c730ec963fa,370
project/semantic_explanation_validation_v1/03_execution/raw_rpc/000670_FATHOM_FH1_FH1A_eth_call.json,2e403f6c43b1f59ddc0522883578b0ea0f2d084faa45a098bc790c793102bc6c,370
project/semantic_explanation_validation_v1/03_execution/raw_rpc/000671_FATHOM_FH1_FH1A_eth_call.json,d8c6e35b7e48c2971f3e0e5c2f225e6355f5a533f5148393f0eb64853c232c19,370
project/semantic_explanation_validation_v1/03_execution/raw_rpc/000672_FATHOM_FH1_FH1A_eth_call.json,5f59710a528c54980709877343b6f94a5ed1666bb7197c39edcd7c9ed355c133,370
project/semantic_explanation_validation_v1/03_execution/raw_rpc/000673_FATHOM_FH1_FH1A_eth_call.json,2775f906410c6b6e5aeaa5b7021ba3dc7199df884f214abefd49025799fe62bc,370
project/semantic_explanation_validation_v1/03_execution/raw_rpc/000674_FATHOM_FH1_FH1B_hardhat_reset.json,5d7f10cee7af6c0ea9a59006f2918cdb1965e99d2fc0ba2535e18ea5110c27c4,322
project/semantic_explanation_validation_v1/03_execution/raw_rpc/000675_FATHOM_FH1_FH1B_eth_getBlockByNumber.json,7d5569316711ae8b3d0771ffa3ca096ff2103cec9bfbcc4932de69b8ecf27970,12118
project/semantic_explanation_validation_v1/03_execution/raw_rpc/000676_FATHOM_FH1_FH1B_hardhat_impersonateAccount.json,a2b536eba737d81c3063bb943354d7932885f2b18058bc1c226e91f2e7e4188a,254
project/semantic_explanation_validation_v1/03_execution/raw_rpc/000677_FATHOM_FH1_FH1B_hardhat_setBalance.json,9b97ab9c488cf566c5e61bb03bdad205220b14951ec1bc7856b60621160b3779,277
project/semantic_explanation_validation_v1/03_execution/raw_rpc/000678_FATHOM_FH1_FH1B_evm_setNextBlockTimestamp.json,e8b300cf623eb7e28133bc90860e99f827656856bb9057079a1d705249336d65,227
project/semantic_explanation_validation_v1/03_execution/raw_rpc/000679_FATHOM_FH1_FH1B_eth_sendTransaction.json,34baad64078c5e6add847113fe2101d607ab26adc6f8fd2753b0f574f7ca23ec,583
project/semantic_explanation_validation_v1/03_execution/raw_rpc/000680_FATHOM_FH1_FH1B_eth_getTransactionReceipt.json,5de553ffca3e3f9860ef973cc823b3fd6cd8e84352d9e28cfab88da3b88739f3,1386
project/semantic_explanation_validation_v1/03_execution/raw_rpc/000681_FATHOM_FH1_FH1B_evm_setNextBlockTimestamp.json,3cb7e2f6ad7d878b5d5c965c9915cd014da7ccc256093e39fa4c348dae9a4449,227
project/semantic_explanation_validation_v1/03_execution/raw_rpc/000682_FATHOM_FH1_FH1B_eth_sendTransaction.json,f59fc66b507d9bb6dc576256ae425a89a2da8363e78437e78b4b89a5d4a81ef6,583
project/semantic_explanation_validation_v1/03_execution/raw_rpc/000683_FATHOM_FH1_FH1B_eth_getTransactionReceipt.json,074415cb9af7781658b65c7f6ff3a77879a668465a9a9a24c3e5629d8dc4b2c6,1386
project/semantic_explanation_validation_v1/03_execution/raw_rpc/000684_FATHOM_FH1_FH1B_evm_setNextBlockTimestamp.json,be47bb29482699ea561882578ba22165c69ca5b72cb4d289d2c9e10d99dc9ad3,227
project/semantic_explanation_validation_v1/03_execution/raw_rpc/000685_FATHOM_FH1_FH1B_eth_sendTransaction.json,4d8837f99a2e914551edbfd13fea3eaae7735bda1aa6a92e618b8ff2a5ca1f57,583
project/semantic_explanation_validation_v1/03_execution/raw_rpc/000686_FATHOM_FH1_FH1B_eth_getTransactionReceipt.json,191b7e001ba4a937ca338bd59e24b97c29835dad2ccc5e4b27d63f315ee04e36,1386
project/semantic_explanation_validation_v1/03_execution/raw_rpc/000687_FATHOM_FH1_FH1B_evm_setNextBlockTimestamp.json,e731072a4062bafa8e977af696ddd25c86d1c2210ac11d7119e51bd70ca8a418,227
project/semantic_explanation_validation_v1/03_execution/raw_rpc/000688_FATHOM_FH1_FH1B_eth_sendTransaction.json,b84d120d125acb44e97f66330f9ff8ae3a4ac65a3839b9891efc8c620c059b21,583
project/semantic_explanation_validation_v1/03_execution/raw_rpc/000689_FATHOM_FH1_FH1B_eth_getTransactionReceipt.json,155a03eff62e8f8932a28aee9871428d1a50d944dba9d45b59eedd170477d979,1386
project/semantic_explanation_validation_v1/03_execution/raw_rpc/000690_FATHOM_FH1_FH1B_evm_setNextBlockTimestamp.json,d2a42d20504b87d8fc8eb49cd6db13e0133dcec1d4f6452c7e3bc1656dffe1ab,227
project/semantic_explanation_validation_v1/03_execution/raw_rpc/000691_FATHOM_FH1_FH1B_eth_sendTransaction.json,99145da2c2aebb1d40920e378a26091545d9626e41257970209d7e2a512b16de,583
project/semantic_explanation_validation_v1/03_execution/raw_rpc/000692_FATHOM_FH1_FH1B_eth_getTransactionReceipt.json,a7b2837ce15b1baf7a3052366c70c629f15264b8492890aab295396224d9d0d7,1386
project/semantic_explanation_validation_v1/03_execution/raw_rpc/000693_FATHOM_FH1_FH1B_evm_setNextBlockTimestamp.json,a4d07a987ecd80b903455e690fa863853c9f7405a4fdd36efdad72142b2f2346,227
project/semantic_explanation_validation_v1/03_execution/raw_rpc/000694_FATHOM_FH1_FH1B_eth_sendTransaction.json,0c151dc835eb91d8d51609b354fb77215ec596aae4e693dd6a69cdb31f8677c5,583
project/semantic_explanation_validation_v1/03_execution/raw_rpc/000695_FATHOM_FH1_FH1B_eth_getTransactionReceipt.json,859355b3519f8c0046258bc858373fd926b20bb83011992e0c5697d4bb3bcf61,1386
project/semantic_explanation_validation_v1/03_execution/raw_rpc/000696_FATHOM_FH1_FH1B_evm_setNextBlockTimestamp.json,b5bf282b2c22541a355651b0f686c2cc55b966e1a2d7cefa7405426c866dcdbe,227
project/semantic_explanation_validation_v1/03_execution/raw_rpc/000697_FATHOM_FH1_FH1B_eth_sendTransaction.json,5fdb47fee84e21d89e1b292d2d1b4f481071b299976fe3104ee320d382310a25,583
project/semantic_explanation_validation_v1/03_execution/raw_rpc/000698_FATHOM_FH1_FH1B_eth_getTransactionReceipt.json,452eaf0791c5d27ed29c604ae150e353a8ba810c23a55368e7497c58821146a4,1386
project/semantic_explanation_validation_v1/03_execution/raw_rpc/000699_FATHOM_FH1_FH1B_evm_setNextBlockTimestamp.json,fdcae4beafff5871d1ad54aea29234dc152352f6186912ec3f22186c6b94f7e4,227
project/semantic_explanation_validation_v1/03_execution/raw_rpc/000700_FATHOM_FH1_FH1B_eth_sendTransaction.json,7fd8d4f35fa6810d00b8e73b4468e0d5555f35d93ae81cdc33c6516b8aaac722,583
project/semantic_explanation_validation_v1/03_execution/raw_rpc/000701_FATHOM_FH1_FH1B_eth_getTransactionReceipt.json,5bff6bd9ee92ccd74a63d3ee9b9a08e7bbe4f88822713f8f6973f41061d85f0e,1386
project/semantic_explanation_validation_v1/03_execution/raw_rpc/000702_FATHOM_FH1_FH1B_evm_setNextBlockTimestamp.json,ebc1e3553a33609806b04619832be80c9880e1a565702d6ecff79cd9f5b89363,227
project/semantic_explanation_validation_v1/03_execution/raw_rpc/000703_FATHOM_FH1_FH1B_eth_sendTransaction.json,8782647daffb4960a78cdaf06f162e3a9a282d74213b405582dd4c420b1effa6,583
project/semantic_explanation_validation_v1/03_execution/raw_rpc/000704_FATHOM_FH1_FH1B_eth_getTransactionReceipt.json,83ee7008914c982b0b5e6577332249ac28c2f00848bc859739ad0f4152045d92,1386
project/semantic_explanation_validation_v1/03_execution/raw_rpc/000705_FATHOM_FH1_FH1B_evm_setNextBlockTimestamp.json,3ec262086cfd4452de6aca4f7f763e70a6a77d2ba5409d090857f1df7985e2ab,227
project/semantic_explanation_validation_v1/03_execution/raw_rpc/000706_FATHOM_FH1_FH1B_eth_sendTransaction.json,9d89f5092592643dc8544a8c1a435b57bd54a763f66ce219cb988f6b12409725,583
project/semantic_explanation_validation_v1/03_execution/raw_rpc/000707_FATHOM_FH1_FH1B_eth_getTransactionReceipt.json,c29695384ecab6ef6e085d8f100e284e25debae98235c67179cdc911632637a1,1386
project/semantic_explanation_validation_v1/03_execution/raw_rpc/000708_FATHOM_FH1_FH1B_evm_setNextBlockTimestamp.json,3560597d01162de5ffa3ed3c74a2c2dacf0cf9fa72bf3e54f88f9c077d5ec40f,227
project/semantic_explanation_validation_v1/03_execution/raw_rpc/000709_FATHOM_FH1_FH1B_eth_sendTransaction.json,db99f11432094df065bd62c419b307f0d2519f825c38160a4e3f2fcc8e79e064,583
project/semantic_explanation_validation_v1/03_execution/raw_rpc/000710_FATHOM_FH1_FH1B_eth_getTransactionReceipt.json,b9c47315e91b758b65e86c91f9333f7f953ae2f2de472a76cf976ea2bb68d8df,1385
project/semantic_explanation_validation_v1/03_execution/raw_rpc/000711_FATHOM_FH1_FH1B_evm_setNextBlockTimestamp.json,2f600d6b79cc5cb0d51f9bbb5c395c57b8854b16765fc17a2176dc330a56b8f7,227
project/semantic_explanation_validation_v1/03_execution/raw_rpc/000712_FATHOM_FH1_FH1B_eth_sendTransaction.json,dbabca4039343787488f9562a8527abad2ccf8540c1824c2dac3172e31f4575b,583
project/semantic_explanation_validation_v1/03_execution/raw_rpc/000713_FATHOM_FH1_FH1B_eth_getTransactionReceipt.json,f300e5d06b4443263f6dc1ca9bb86aab669d071c4478c5e9b15f0249d6a7c2a8,1385
project/semantic_explanation_validation_v1/03_execution/raw_rpc/000714_FATHOM_FH1_FH1B_evm_setNextBlockTimestamp.json,76a6ba3c9d8b8fdc32de53166f0c2cb64b2b69964234940335e1706d1deec513,227
project/semantic_explanation_validation_v1/03_execution/raw_rpc/000715_FATHOM_FH1_FH1B_eth_sendTransaction.json,bcefe7176c606e1f4ac9a5debc21e2efba66075a56d6b5328e459e4379017288,583
project/semantic_explanation_validation_v1/03_execution/raw_rpc/000716_FATHOM_FH1_FH1B_eth_getTransactionReceipt.json,5d8925f5f73f8466c6af92b3604325683dce6f615145983d22547d610f8c843c,1385
project/semantic_explanation_validation_v1/03_execution/raw_rpc/000717_FATHOM_FH1_FH1B_evm_setNextBlockTimestamp.json,26abb474c16362a4ae5822b810fb933e40a6041fe818e65473120f755e5bc5af,227
project/semantic_explanation_validation_v1/03_execution/raw_rpc/000718_FATHOM_FH1_FH1B_eth_sendTransaction.json,6ebfb55cd1d31916d1c68b268b01857c14ca4f1d4aa952e9e0df3c4854d04531,583
project/semantic_explanation_validation_v1/03_execution/raw_rpc/000719_FATHOM_FH1_FH1B_eth_getTransactionReceipt.json,60af77c0abbc9dc2346092ce5ea1f7c05c0594868c05a7282e3cb5b31502ed58,1385
project/semantic_explanation_validation_v1/03_execution/raw_rpc/000720_FATHOM_FH1_FH1B_evm_setNextBlockTimestamp.json,9261c099724210f6d47aa2996ff68351e60e9b045512526006eb6dc619697825,227
project/semantic_explanation_validation_v1/03_execution/raw_rpc/000721_FATHOM_FH1_FH1B_eth_sendTransaction.json,95a4c0f6dbc29d6731f6736649035cb0a550d4dd1c1de68d0016f262ad37cdec,583
project/semantic_explanation_validation_v1/03_execution/raw_rpc/000722_FATHOM_FH1_FH1B_eth_getTransactionReceipt.json,51c6289e03160e701975ec41df8b04363461d17fd209b41fdaaaa294e487f7fb,1385
project/semantic_explanation_validation_v1/03_execution/raw_rpc/000723_FATHOM_FH1_FH1B_evm_setNextBlockTimestamp.json,c300d5853b30afdd529e16281eec455bd040aae6fba4227ded3e508f4bf21047,227
project/semantic_explanation_validation_v1/03_execution/raw_rpc/000724_FATHOM_FH1_FH1B_eth_sendTransaction.json,68a5acccae5237e457e6957be44d12f93b977a77705036911dd5c44ffdb35572,455
project/semantic_explanation_validation_v1/03_execution/raw_rpc/000725_FATHOM_FH1_FH1B_eth_getTransactionReceipt.json,a46e441d0a284030e6063751d5bfd2771dc9da3acaa9a70237a5e2416c58f7e3,1385
project/semantic_explanation_validation_v1/03_execution/raw_rpc/000726_FATHOM_FH1_FH1B_evm_setNextBlockTimestamp.json,57201bdaf5444ce0cca7dce1c98563590a9e2ff29fb60fe110544bc4ad570d8a,227
project/semantic_explanation_validation_v1/03_execution/raw_rpc/000727_FATHOM_FH1_FH1B_eth_sendTransaction.json,0af8366f181324cf46973a8d543abd4fa22b4cda263f7c4a51c6843d48bdba0f,583
project/semantic_explanation_validation_v1/03_execution/raw_rpc/000728_FATHOM_FH1_FH1B_eth_getTransactionReceipt.json,9e31aece873a295ff0e373364e8b20eca5bf1ca2c124cdc5462ba7eea9127a73,1385
project/semantic_explanation_validation_v1/03_execution/raw_rpc/000729_FATHOM_FH1_FH1B_evm_setNextBlockTimestamp.json,9022276c787e096534d4083b98719b227e1890bbae790454e2cabac33ae2e637,227
project/semantic_explanation_validation_v1/03_execution/raw_rpc/000730_FATHOM_FH1_FH1B_eth_sendTransaction.json,dbf159ccd28959642cdfb762c865c044b9c0b0227e0df63b9cd609ba2c4b809a,583
project/semantic_explanation_validation_v1/03_execution/raw_rpc/000731_FATHOM_FH1_FH1B_eth_getTransactionReceipt.json,e9bc89f8e465f60a7f90f64a510856f767d25e0d0766f4b70038f75821a8b9bc,1385
project/semantic_explanation_validation_v1/03_execution/raw_rpc/000732_FATHOM_FH1_FH1B_evm_setNextBlockTimestamp.json,f53ded7661bae977244bbc0978932c3ccd074cee8a41133d02141fdacc78153c,227
project/semantic_explanation_validation_v1/03_execution/raw_rpc/000733_FATHOM_FH1_FH1B_eth_sendTransaction.json,e18075dcdf9599b07c87aa053736830f2152195e26b0de37f975694bda469030,583
project/semantic_explanation_validation_v1/03_execution/raw_rpc/000734_FATHOM_FH1_FH1B_eth_getTransactionReceipt.json,2d225af4dc979ba0e5163d5394f3b3004df60b9cb403ebc1705198b81da4bc4e,1385
project/semantic_explanation_validation_v1/03_execution/raw_rpc/000735_FATHOM_FH1_FH1B_evm_setNextBlockTimestamp.json,580e41ed63ec5b795bdf0b49b3ce12bbc61caec25af3f62fd27a9f431ce466ab,227
project/semantic_explanation_validation_v1/03_execution/raw_rpc/000736_FATHOM_FH1_FH1B_eth_sendTransaction.json,0fd874b0c492fb9e8fbdbfce7e926062a552f0f2621feb463e06e3ecb614388b,583
project/semantic_explanation_validation_v1/03_execution/raw_rpc/000737_FATHOM_FH1_FH1B_eth_getTransactionReceipt.json,9b175f4067c21e84da9b113553c381c9668861aa84cdcef6d7db3f02da108e41,1385
project/semantic_explanation_validation_v1/03_execution/raw_rpc/000738_FATHOM_FH1_FH1B_evm_setNextBlockTimestamp.json,54a30c98ef076239ec66b22085bce74117b6b67ae2e1e673b69a5f9bffabbc6e,227
project/semantic_explanation_validation_v1/03_execution/raw_rpc/000739_FATHOM_FH1_FH1B_eth_sendTransaction.json,de8bb06487d47637d6f96308780da9a80dad299b710ef2eb0e14904f63471426,583
project/semantic_explanation_validation_v1/03_execution/raw_rpc/000740_FATHOM_FH1_FH1B_eth_getTransactionReceipt.json,206b866966e986da4168f2ebe4ad852e0b59cd1b009322a86c6f405e205f8863,1385
project/semantic_explanation_validation_v1/03_execution/raw_rpc/000741_FATHOM_FH1_FH1B_evm_setNextBlockTimestamp.json,758ebe96d5929b8e1e824dff74c823e6a9d5e40303c0dd5ea7834def191d6a0a,227
project/semantic_explanation_validation_v1/03_execution/raw_rpc/000742_FATHOM_FH1_FH1B_eth_sendTransaction.json,53ed8d6dd3f14f392b95abc6f668cbda4eaf558b411368ffe4c0b5e0810a80ad,583
project/semantic_explanation_validation_v1/03_execution/raw_rpc/000743_FATHOM_FH1_FH1B_eth_getTransactionReceipt.json,b8dfccbc3271c5eddca241d5579713a3991a6a3b1e3907c80ba1d43ba64f348f,1385
project/semantic_explanation_validation_v1/03_execution/raw_rpc/000744_FATHOM_FH1_FH1B_evm_setNextBlockTimestamp.json,3cdf34155d9571cd601e2044041941b4a146fd2baa6f3a03e529d6ead2bd7710,227
project/semantic_explanation_validation_v1/03_execution/raw_rpc/000745_FATHOM_FH1_FH1B_eth_sendTransaction.json,561685e22151cb5d23ed00a95625f4bfe3714a3c6f3f9b4e6a765e99969c8e7a,583
project/semantic_explanation_validation_v1/03_execution/raw_rpc/000746_FATHOM_FH1_FH1B_eth_getTransactionReceipt.json,391de9275ac0a95a169f1801439f600acc036e4420f1c0455c25656678c92420,1385
project/semantic_explanation_validation_v1/03_execution/raw_rpc/000747_FATHOM_FH1_FH1B_evm_setNextBlockTimestamp.json,e220d1d5492fb9c1141613fb207a85d5d7f4c53305cf4d303207ab3b9628a8c2,227
project/semantic_explanation_validation_v1/03_execution/raw_rpc/000748_FATHOM_FH1_FH1B_eth_sendTransaction.json,c2476f483d4080076cb5dbbd671030778973e07a18228fcdae3763974f1054db,583
project/semantic_explanation_validation_v1/03_execution/raw_rpc/000749_FATHOM_FH1_FH1B_eth_getTransactionReceipt.json,46030562bc96149de2d91760d1ce910a6f186bd8b0762d81aff7ae1ce4e4b8a7,1385
project/semantic_explanation_validation_v1/03_execution/raw_rpc/000750_FATHOM_FH1_FH1B_evm_setNextBlockTimestamp.json,0d0a7ce4cd39c1e86520352fe6cf39363c322a530ed17da452af4fd1881bfc63,227
project/semantic_explanation_validation_v1/03_execution/raw_rpc/000751_FATHOM_FH1_FH1B_eth_sendTransaction.json,fc1c67bd69f353c1c6b27d1b72ffdeec2def9e48d9563bb0408fa555ad1a8431,583
project/semantic_explanation_validation_v1/03_execution/raw_rpc/000752_FATHOM_FH1_FH1B_eth_getTransactionReceipt.json,04b81fc1707a44cc140aae13ce6f204ea1082fc1e89582d47de2cbffc313aa51,1385
project/semantic_explanation_validation_v1/03_execution/raw_rpc/000753_FATHOM_FH1_FH1B_evm_setNextBlockTimestamp.json,2368cf0bba45837bb40b76d0e24a0433e7da3b06136f154c5f567ff4798cbc63,227
project/semantic_explanation_validation_v1/03_execution/raw_rpc/000754_FATHOM_FH1_FH1B_eth_sendTransaction.json,eb02309c9d7091c03977ba429f5e8c5cc6e8a326eb7ed461de8e97af23fa7a24,583
project/semantic_explanation_validation_v1/03_execution/raw_rpc/000755_FATHOM_FH1_FH1B_eth_getTransactionReceipt.json,dc3b4729285f418cbb5b252a2e94289b1017b30f53b48b5f4a29a7754a8fe53c,1385
project/semantic_explanation_validation_v1/03_execution/raw_rpc/000756_FATHOM_FH1_FH1B_evm_setNextBlockTimestamp.json,6a617e9de50e2ad71121d5acb975ce9e948d737b76ee2a083ac66ed28825167b,227
project/semantic_explanation_validation_v1/03_execution/raw_rpc/000757_FATHOM_FH1_FH1B_eth_sendTransaction.json,c74703fdd6099ff1fbe0d2d52081409e3b11a311083422c08c9be0996c46a31f,583
project/semantic_explanation_validation_v1/03_execution/raw_rpc/000758_FATHOM_FH1_FH1B_eth_getTransactionReceipt.json,873e52a7fd0e58dcaff1880243cc969358f62f76186086b377791e4be0006f8d,1385
project/semantic_explanation_validation_v1/03_execution/raw_rpc/000759_FATHOM_FH1_FH1B_evm_setNextBlockTimestamp.json,9dd937b4bed28cbfe3d8efa9b85e86ea84045cb0b9adadc52efbc6442e172d44,227
project/semantic_explanation_validation_v1/03_execution/raw_rpc/000760_FATHOM_FH1_FH1B_eth_sendTransaction.json,3f1f5b7ea403b038c8d2001993e0ec3d47f3fd978910ec12c457a8180cc8fcc7,583
project/semantic_explanation_validation_v1/03_execution/raw_rpc/000761_FATHOM_FH1_FH1B_eth_getTransactionReceipt.json,8a85a3a235ead87f5942fb1208dd709d80819d1104b85def770fd5c1ab951f4a,1385
project/semantic_explanation_validation_v1/03_execution/raw_rpc/000762_FATHOM_FH1_FH1B_evm_setNextBlockTimestamp.json,e681697341ade31c6f0c434cbf9aee2a1b9f7ddee8c7a4fe516ac2537a0128b5,227
project/semantic_explanation_validation_v1/03_execution/raw_rpc/000763_FATHOM_FH1_FH1B_eth_sendTransaction.json,e06cba4cc28532ad2abc4b4c3469b690b6314d4dd6067cab4d1fb5ca1451b59f,583
project/semantic_explanation_validation_v1/03_execution/raw_rpc/000764_FATHOM_FH1_FH1B_eth_getTransactionReceipt.json,fac6dd50a9e3967a267350b5716e97ebb9986d5a53e4aab52484abe5b62dd9f1,1385
project/semantic_explanation_validation_v1/03_execution/raw_rpc/000765_FATHOM_FH1_FH1B_evm_setNextBlockTimestamp.json,b4136b6740a153bd9474ca4cc794a4fc363891e6cdb6d0e88a24cbc255ba1073,227
project/semantic_explanation_validation_v1/03_execution/raw_rpc/000766_FATHOM_FH1_FH1B_eth_sendTransaction.json,2dc21eed66566cc962378cc6a84f04c36249183b786b34bbe096cbd86a3ebd56,583
project/semantic_explanation_validation_v1/03_execution/raw_rpc/000767_FATHOM_FH1_FH1B_eth_getTransactionReceipt.json,44cd285519bc95d09b65bffcad0fe504ed8f7b763f5fce9df2a6c0ec244c976b,1385
project/semantic_explanation_validation_v1/03_execution/raw_rpc/000768_FATHOM_FH1_FH1B_evm_setNextBlockTimestamp.json,8ccab541c848857901ec421f81a1394aacc04bf24ae17d17cff42289946f6742,227
project/semantic_explanation_validation_v1/03_execution/raw_rpc/000769_FATHOM_FH1_FH1B_eth_sendTransaction.json,9b0bfb3c3ff038bd90cb6ad962f62ec453693ed1ba4af4f1ec7cc156eb3243e3,583
project/semantic_explanation_validation_v1/03_execution/raw_rpc/000770_FATHOM_FH1_FH1B_eth_getTransactionReceipt.json,a572503a9d6fd76824fdb18094138e15a76996bb2f4663bd055b4a1abf38e30c,1385
project/semantic_explanation_validation_v1/03_execution/raw_rpc/000771_FATHOM_FH1_FH1B_evm_setNextBlockTimestamp.json,f0ed0821b2f342c173f75e93ce2d76ad60f087bff05bcb0216ac462cd53a197c,227
project/semantic_explanation_validation_v1/03_execution/raw_rpc/000772_FATHOM_FH1_FH1B_eth_sendTransaction.json,aa958a287ddf1db8c8212f48f65d40ed2b26bae43d0ad04579a054097fa33aa4,455
project/semantic_explanation_validation_v1/03_execution/raw_rpc/000773_FATHOM_FH1_FH1B_eth_getTransactionReceipt.json,fbeffa84e43fea2fbc5c36ce020de6fa4880be1bec8d9f92d1baefee2bf7c3b9,1385
project/semantic_explanation_validation_v1/03_execution/raw_rpc/000774_FATHOM_FH1_FH1B_eth_call.json,ea0e8d519b06d385080293d141c7791975a3f2413c387bde3a4b14a67aaf7598,370
project/semantic_explanation_validation_v1/03_execution/raw_rpc/000775_FATHOM_FH1_FH1B_evm_setNextBlockTimestamp.json,5e55ccf4d3e5b8a175921cfd7d26814d979ff8cefce9ae4966711ff6f719ba68,227
project/semantic_explanation_validation_v1/03_execution/raw_rpc/000776_FATHOM_FH1_FH1B_eth_call.json,4063efb0ae04a29b8bf6f7b3e0061d164cd4d27373c623fa7b73aa7fc8a90b92,434
project/semantic_explanation_validation_v1/03_execution/raw_rpc/000777_FATHOM_FH1_FH1B_eth_call.json,2038b724a573fa09be14553aaf723d76f2eab2b7a085d69ce4162dba221cbaba,434
project/semantic_explanation_validation_v1/03_execution/raw_rpc/000778_FATHOM_FH1_FH1B_eth_call.json,c1df47fadfe9ba09fb9ecd0e1696a7816956d2caa42e3bd26e9b3d1e98d805ff,370
project/semantic_explanation_validation_v1/03_execution/raw_rpc/000779_FATHOM_FH1_FH1B_eth_call.json,70734004618a46816008cfd6129143bf33b64a52cd8fee02e7e1dd08234524b9,370
project/semantic_explanation_validation_v1/03_execution/raw_rpc/000780_FATHOM_FH1_FH1B_eth_call.json,1c64e247565a33adcdaa694cf749acda6e96f30a71efbed2a9f157da5480a892,370
project/semantic_explanation_validation_v1/03_execution/raw_rpc/000781_FATHOM_FH1_FH1B_eth_call.json,29852a18f8566e8e416854a8ddbaf25840c48caa8d695992cecc683e22a4289f,370
project/semantic_explanation_validation_v1/03_execution/raw_rpc/000782_FATHOM_FH1_FH1B_eth_call.json,45c2542d80c93c26b2bfce970357cbf23e388456b52d20b15f051374c68deb43,370
project/semantic_explanation_validation_v1/03_execution/raw_rpc/000783_FATHOM_FH1_FH1B_eth_call.json,6a8128f36b905a16dd713d2d5df39a75f895cc98e9a13a5d1b9add722ac04f51,370
project/semantic_explanation_validation_v1/03_execution/raw_rpc/000784_FATHOM_FH1_FH1B_eth_sendTransaction.json,0ffc687306144d0bce4962536e00696d46ee17c63a175da47950000fcd9aa2fb,455
project/semantic_explanation_validation_v1/03_execution/raw_rpc/000785_FATHOM_FH1_FH1B_eth_getTransactionReceipt.json,367f1f13f71f2e4dee5cc9d653cf5e1c752407fe214e86f4153eb35143b4ba88,1385
project/semantic_explanation_validation_v1/03_execution/raw_rpc/000786_FATHOM_FH1_FH1B_debug_traceTransaction.json.gz,bcaa1002d8ad786fa5ae575316e379b085e4c02569482afc68045cb50f340529,143564
project/semantic_explanation_validation_v1/03_execution/raw_rpc/000787_FATHOM_FH1_FH1B_eth_call.json,1a36d7e46e2c75ba4074fb2bd8928d78f2f7055780e4f8773c69bbfb55b2f01c,434
project/semantic_explanation_validation_v1/03_execution/raw_rpc/000788_FATHOM_FH1_FH1B_eth_call.json,e30ccf277cd664cd0666a30b9992ed5fd210a6842f537e6b4b8fd9e38aab972f,434
project/semantic_explanation_validation_v1/03_execution/raw_rpc/000789_FATHOM_FH1_FH1B_eth_call.json,4994ef262e57606b4267f2e011f4e6f8e11df443c7d1b432a277b27ccd4ea7fe,370
project/semantic_explanation_validation_v1/03_execution/raw_rpc/000790_FATHOM_FH1_FH1B_eth_call.json,aabed8abc7ff5c6f67b7b7901560200427696ceaed2d4c005c5826c4f1f1586e,370
project/semantic_explanation_validation_v1/03_execution/raw_rpc/000791_FATHOM_FH1_FH1B_eth_call.json,c6e3eec72c7105863a7d53567198cb9a2159caf51e4ddde3ec914a88b24fcb60,370
project/semantic_explanation_validation_v1/03_execution/raw_rpc/000792_FATHOM_FH1_FH1B_eth_call.json,c1c47a7a75846d47db052c8551ba5712cba4a13bcb2f2a5e215df7e494a46a06,370
project/semantic_explanation_validation_v1/03_execution/raw_rpc/000793_FATHOM_FH1_FH1B_eth_call.json,3d5fa013df7eb9efbc2ed56d1919653cb6e82ec5d4c2df9f80738486de0ea74a,370
project/semantic_explanation_validation_v1/03_execution/raw_rpc/000794_FATHOM_FH1_FH1B_eth_call.json,484850a45a074bd74fa869cdf8dc9e663333449768786b6a6423d5bf5a006ee9,370
project/semantic_explanation_validation_v1/03_execution/raw_rpc/000795_FATHOM_FH2_FH2A_hardhat_reset.json,cff4eb14b7d49e33099b80d40ff0ca3594776bf9966e8291c6c0152ef741450c,322
project/semantic_explanation_validation_v1/03_execution/raw_rpc/000796_FATHOM_FH2_FH2A_eth_getBlockByNumber.json,1bc7b328770c1ee0aa4419b4587f47fead17d0e4e3cc465bdbbe306b9afff4b3,12118
project/semantic_explanation_validation_v1/03_execution/raw_rpc/000797_FATHOM_FH2_FH2A_hardhat_impersonateAccount.json,2afc41e8a1f98708446c40ee489bda86148f308ffc0e90311b933041aa83fa75,254
project/semantic_explanation_validation_v1/03_execution/raw_rpc/000798_FATHOM_FH2_FH2A_hardhat_setBalance.json,113425ab2e3606a91ecc2a16d86c3fe299cfab3e4c9bcb6a2f0bbd276649a960,277
project/semantic_explanation_validation_v1/03_execution/raw_rpc/000799_FATHOM_FH2_FH2A_evm_setNextBlockTimestamp.json,b4c5a64a4f06afd1dd66709d38f1fabdd40d28e04c96e3620949f5750ecd9521,227
project/semantic_explanation_validation_v1/03_execution/raw_rpc/000800_FATHOM_FH2_FH2A_eth_sendTransaction.json,7b4645caffa28c4e5cf09ffd3bfc8d4e91c1d32bc80425385d7613d0b9650bca,583
project/semantic_explanation_validation_v1/03_execution/raw_rpc/000801_FATHOM_FH2_FH2A_eth_getTransactionReceipt.json,be8ff56356977d208238442f902cb6414a72afe8d88bb7588585ff5c0d1d0dc2,1386
project/semantic_explanation_validation_v1/03_execution/raw_rpc/000802_FATHOM_FH2_FH2A_evm_setNextBlockTimestamp.json,6e8b533a953725cdbca2ec44260b3592d696e6985741407693ee96b208f73455,227
project/semantic_explanation_validation_v1/03_execution/raw_rpc/000803_FATHOM_FH2_FH2A_eth_sendTransaction.json,0ca48aa7099c441cc2435eaee87646cb245f816e4eb720fc0b3fb64bf10114fc,583
project/semantic_explanation_validation_v1/03_execution/raw_rpc/000804_FATHOM_FH2_FH2A_eth_getTransactionReceipt.json,7741e99e849a88adde2ca555813396b00a9f8551ee4b5333c852fcc71091006b,1386
project/semantic_explanation_validation_v1/03_execution/raw_rpc/000805_FATHOM_FH2_FH2A_evm_setNextBlockTimestamp.json,f30088726b043e1d1f08cbeb2929e9eb3993e4880a2861e2860c76c6ddd6aed4,227
project/semantic_explanation_validation_v1/03_execution/raw_rpc/000806_FATHOM_FH2_FH2A_eth_sendTransaction.json,a3496a01bb80be833d52b76617b1900814980238dd6e88b2efd09b0b6b11ce4f,583
project/semantic_explanation_validation_v1/03_execution/raw_rpc/000807_FATHOM_FH2_FH2A_eth_getTransactionReceipt.json,4edac3a1a1e7e39abda9bc17995e31ed2adb63dbac8f4d120aacb5fd85bec5d4,1386
project/semantic_explanation_validation_v1/03_execution/raw_rpc/000808_FATHOM_FH2_FH2A_evm_setNextBlockTimestamp.json,bbf41c84a894b9ea8821f4d90f5cf208f1f1fc3ae65f6399283654ef357aaaa3,227
project/semantic_explanation_validation_v1/03_execution/raw_rpc/000809_FATHOM_FH2_FH2A_eth_sendTransaction.json,b1dc562a0b9518465dab954395f7e7c72184ee159fd79be9559a742e15b5e62e,583
project/semantic_explanation_validation_v1/03_execution/raw_rpc/000810_FATHOM_FH2_FH2A_eth_getTransactionReceipt.json,b4fc972f12f4053c11b653b6e0003c30922cc828c0421cd07d7cbe47e89c7d69,1386
project/semantic_explanation_validation_v1/03_execution/raw_rpc/000811_FATHOM_FH2_FH2A_evm_setNextBlockTimestamp.json,6774a083bded35e696746fa0f53d82964f4144c85246f9adf0af04916035e2d5,227
project/semantic_explanation_validation_v1/03_execution/raw_rpc/000812_FATHOM_FH2_FH2A_eth_sendTransaction.json,fe70d9a05b085738c386074416ef81d8010c4c26cc990a4e7a0c0c5f7e937a02,583
project/semantic_explanation_validation_v1/03_execution/raw_rpc/000813_FATHOM_FH2_FH2A_eth_getTransactionReceipt.json,fb8b80b005ec193e7cf0c9707bb53a289d46a15ae88ee180430a7a0e768fff72,1386
project/semantic_explanation_validation_v1/03_execution/raw_rpc/000814_FATHOM_FH2_FH2A_evm_setNextBlockTimestamp.json,8ff1c2c1cf80f77b158f3f778aae191e7c20825021e138a76ef53a9f4f2b803e,227
project/semantic_explanation_validation_v1/03_execution/raw_rpc/000815_FATHOM_FH2_FH2A_eth_sendTransaction.json,8fb100ab634272d0b54b2e1e2799bec7cba143d5daeebeab5db0a48038582e2b,583
project/semantic_explanation_validation_v1/03_execution/raw_rpc/000816_FATHOM_FH2_FH2A_eth_getTransactionReceipt.json,ea26df6703ce717bdc7451179b3d8fd83073a583e2e55afa6c96ba60e36bb347,1386
project/semantic_explanation_validation_v1/03_execution/raw_rpc/000817_FATHOM_FH2_FH2A_evm_setNextBlockTimestamp.json,fc073f1a8c5dc32139bda534d11e9c93054441e870b0f51b89fc752d15fc88fd,227
project/semantic_explanation_validation_v1/03_execution/raw_rpc/000818_FATHOM_FH2_FH2A_eth_sendTransaction.json,0fa7021beb40b93304e331af427a6877fcb8a7d00c81a6673e7e1cb2001d8e0f,583
project/semantic_explanation_validation_v1/03_execution/raw_rpc/000819_FATHOM_FH2_FH2A_eth_getTransactionReceipt.json,dce292360e88100f9790c8c4bbf84760190f6a65d1a9a3f5bac4a1d8148d0c72,1386
project/semantic_explanation_validation_v1/03_execution/raw_rpc/000820_FATHOM_FH2_FH2A_evm_setNextBlockTimestamp.json,259161eed80394263032327c1a3899729914af61c976094a7b5f892384d23f5b,227
project/semantic_explanation_validation_v1/03_execution/raw_rpc/000821_FATHOM_FH2_FH2A_eth_sendTransaction.json,4238a4c788c08f155fc36531ac56f686b580fabefaa032c25bc03e9afc9d444c,583
project/semantic_explanation_validation_v1/03_execution/raw_rpc/000822_FATHOM_FH2_FH2A_eth_getTransactionReceipt.json,91d021c6fd01918db184d3861fe39999f21213dfc5d5304e5bf46b87eb93bb54,1386
project/semantic_explanation_validation_v1/03_execution/raw_rpc/000823_FATHOM_FH2_FH2A_evm_setNextBlockTimestamp.json,e12c7bfa1974d5f23d59e3c2abc47ee553ca3999d71dc64aa87bd9df43e0d9b1,227
project/semantic_explanation_validation_v1/03_execution/raw_rpc/000824_FATHOM_FH2_FH2A_eth_sendTransaction.json,aea012e73cd375bd46ee26d413df8da0ec13216a51c3c225a9f84bbca51d6ef8,583
project/semantic_explanation_validation_v1/03_execution/raw_rpc/000825_FATHOM_FH2_FH2A_eth_getTransactionReceipt.json,772672f335e2e3f43f9217edd38c6f00ba47f09e263e3455c2bb61a4207de8ff,1386
project/semantic_explanation_validation_v1/03_execution/raw_rpc/000826_FATHOM_FH2_FH2A_evm_setNextBlockTimestamp.json,9537a6adedc2c4edda4c08711da5f7d58d5e34dfa40bcba7d61da125853e1398,227
project/semantic_explanation_validation_v1/03_execution/raw_rpc/000827_FATHOM_FH2_FH2A_eth_sendTransaction.json,f9f0db066da7d13e1334f4ea0d62afcbd281b639607623efad40a7501633eff6,583
project/semantic_explanation_validation_v1/03_execution/raw_rpc/000828_FATHOM_FH2_FH2A_eth_getTransactionReceipt.json,c25821f08698932d62377ae1163680bab1b673a0c31de21144eae994463f0397,1386
project/semantic_explanation_validation_v1/03_execution/raw_rpc/000829_FATHOM_FH2_FH2A_evm_setNextBlockTimestamp.json,54ca5cec13e77517ca6ccd3bed668c352896aa940bb51982f49ebca931a8320b,227
project/semantic_explanation_validation_v1/03_execution/raw_rpc/000830_FATHOM_FH2_FH2A_eth_sendTransaction.json,7b22f8081ccb427b2a96eece0408c49638a16c483bc23e8da047f4e3c43ac27a,583
project/semantic_explanation_validation_v1/03_execution/raw_rpc/000831_FATHOM_FH2_FH2A_eth_getTransactionReceipt.json,8800a6137a4e073a1ce89f2f6fab5fdd79205927c90e4be6db753baa5bb6bdbe,1385
project/semantic_explanation_validation_v1/03_execution/raw_rpc/000832_FATHOM_FH2_FH2A_evm_setNextBlockTimestamp.json,2351f4d14017a46d0131447e0e6f1719f5a5808f3c3d1708e16a6281f2780f3d,227
project/semantic_explanation_validation_v1/03_execution/raw_rpc/000833_FATHOM_FH2_FH2A_eth_sendTransaction.json,e7d44a7161e885cf924857c4cc9b4adc54e0889822e97e39de79f5a7c549986c,583
project/semantic_explanation_validation_v1/03_execution/raw_rpc/000834_FATHOM_FH2_FH2A_eth_getTransactionReceipt.json,127d6011ee64b68a1ca0b87edf289cad83279fc107c7ca217daf345524de3627,1385
project/semantic_explanation_validation_v1/03_execution/raw_rpc/000835_FATHOM_FH2_FH2A_evm_setNextBlockTimestamp.json,2049ea76c966ae1961732e7caef14b03264f1d6b93b282a63cd33dcd2709ec0b,227
project/semantic_explanation_validation_v1/03_execution/raw_rpc/000836_FATHOM_FH2_FH2A_eth_sendTransaction.json,3bd7677831c333b6e825c66184192b921ef975eb046aab95dc22c1c40422bb65,583
project/semantic_explanation_validation_v1/03_execution/raw_rpc/000837_FATHOM_FH2_FH2A_eth_getTransactionReceipt.json,9f4d131849cd6e0c261d2d192489da1b8ca6339da1bc45d61bc4c9c275ded4f2,1385
project/semantic_explanation_validation_v1/03_execution/raw_rpc/000838_FATHOM_FH2_FH2A_evm_setNextBlockTimestamp.json,55674fb50ed118f955ef4ec2cb082ae0f776a52b2674ba3a83bf67774ce12199,227
project/semantic_explanation_validation_v1/03_execution/raw_rpc/000839_FATHOM_FH2_FH2A_eth_sendTransaction.json,78bdc37ca488e8de3adee4fef895e7583770e298eddad72f50b0759026489f0f,583
project/semantic_explanation_validation_v1/03_execution/raw_rpc/000840_FATHOM_FH2_FH2A_eth_getTransactionReceipt.json,b24a981b9c0858490ade731d5f4d3d53fe82a8267c66a014a479b4957b6d8eb6,1385
project/semantic_explanation_validation_v1/03_execution/raw_rpc/000841_FATHOM_FH2_FH2A_evm_setNextBlockTimestamp.json,ec54c291c209818cdbf3682f51ff8aa35b8650680952acaa0aa7cf430fb92588,227
project/semantic_explanation_validation_v1/03_execution/raw_rpc/000842_FATHOM_FH2_FH2A_eth_sendTransaction.json,c0611ff7a9be5c74d9c08283af6f26b4c229898ed6c931b532125162ce61bdf5,583
project/semantic_explanation_validation_v1/03_execution/raw_rpc/000843_FATHOM_FH2_FH2A_eth_getTransactionReceipt.json,fb4e126c8d3341cf22e179ee3b3fd83ba439eb66aaa1b5e9e43ca4fcbe3ad4e9,1385
project/semantic_explanation_validation_v1/03_execution/raw_rpc/000844_FATHOM_FH2_FH2A_evm_setNextBlockTimestamp.json,744eb8998cd0536e1646d693adc30413e07173d0a341a75ec1826c10a62719d4,227
project/semantic_explanation_validation_v1/03_execution/raw_rpc/000845_FATHOM_FH2_FH2A_eth_sendTransaction.json,df80123043a1b814012c86200601789eb04856f38bf8598b87fdcdd0b2c694c2,455
project/semantic_explanation_validation_v1/03_execution/raw_rpc/000846_FATHOM_FH2_FH2A_eth_getTransactionReceipt.json,5977e0d4e373192838da04e486e6df558827f1faca7d6d2f99cfbe6f1b77d038,1385
project/semantic_explanation_validation_v1/03_execution/raw_rpc/000847_FATHOM_FH2_FH2A_evm_setNextBlockTimestamp.json,e98b526bd11fd00d8a5bcdd4c40861766812d69dd77b0663669912eafc591ce9,227
project/semantic_explanation_validation_v1/03_execution/raw_rpc/000848_FATHOM_FH2_FH2A_eth_sendTransaction.json,04b3416f6990cee886b08bcb16e37c0b8fc9930537e61b94f298168adaf3dfb6,583
project/semantic_explanation_validation_v1/03_execution/raw_rpc/000849_FATHOM_FH2_FH2A_eth_getTransactionReceipt.json,1895fdb9df90dd1f4fde5fc8ad00ad796b9087acbfdf45b7e593a49ce81ec1ff,1385
project/semantic_explanation_validation_v1/03_execution/raw_rpc/000850_FATHOM_FH2_FH2A_evm_setNextBlockTimestamp.json,975d35d8596fac5f65e0b55e0d29d9b24fbaa1648934cebb5c13405fe2d3b2e1,227
project/semantic_explanation_validation_v1/03_execution/raw_rpc/000851_FATHOM_FH2_FH2A_eth_sendTransaction.json,fb233c68a653d4f3709e1358f0c5636a410541c472d2f1c3ead83a6629d9de57,583
project/semantic_explanation_validation_v1/03_execution/raw_rpc/000852_FATHOM_FH2_FH2A_eth_getTransactionReceipt.json,ab13b6b7d24dfe28325438517b4736545c5c6b6fc2d40af94726bf609f66c851,1385
project/semantic_explanation_validation_v1/03_execution/raw_rpc/000853_FATHOM_FH2_FH2A_evm_setNextBlockTimestamp.json,5c9831ff7c3db8a3200bb2c4c1f6e5c62fe1ba6fd948e55d1e679a95091628ac,227
project/semantic_explanation_validation_v1/03_execution/raw_rpc/000854_FATHOM_FH2_FH2A_eth_sendTransaction.json,c817333fe01e5d01793ef9cc29ad7b14111a99f7207b8580e32ebcf343424e01,583
project/semantic_explanation_validation_v1/03_execution/raw_rpc/000855_FATHOM_FH2_FH2A_eth_getTransactionReceipt.json,884649cd8ee029296c2c94b0375badd338c0afa549ca511b08f31446172b066d,1385
project/semantic_explanation_validation_v1/03_execution/raw_rpc/000856_FATHOM_FH2_FH2A_evm_setNextBlockTimestamp.json,5f563c36708a73d813003fcc7bb31c0c57920d23f57625194f47daa1f4621196,227
project/semantic_explanation_validation_v1/03_execution/raw_rpc/000857_FATHOM_FH2_FH2A_eth_sendTransaction.json,bf56fbefaa1e889702fdc6cdfa784990b553fdd07ec91fea54734edd8f915d16,583
project/semantic_explanation_validation_v1/03_execution/raw_rpc/000858_FATHOM_FH2_FH2A_eth_getTransactionReceipt.json,d4c97ca9aec71ebf00d38d4221c463a0fd24665897aefb402bd5b120989706bb,1385
project/semantic_explanation_validation_v1/03_execution/raw_rpc/000859_FATHOM_FH2_FH2A_evm_setNextBlockTimestamp.json,bec0e3eee74d083387b19a8d1fa640e2dbc17364973d6cf6722102343ead6896,227
project/semantic_explanation_validation_v1/03_execution/raw_rpc/000860_FATHOM_FH2_FH2A_eth_sendTransaction.json,67097d365d98afbcda6d31cc4459ba2e5e7716dc6a6fa76a7eebb124337fbf2c,583
project/semantic_explanation_validation_v1/03_execution/raw_rpc/000861_FATHOM_FH2_FH2A_eth_getTransactionReceipt.json,3ce01cfbc5e0b0f95fdeab0e9a44246562562ad03c13d678d567d36aafd6fc4a,1385
project/semantic_explanation_validation_v1/03_execution/raw_rpc/000862_FATHOM_FH2_FH2A_evm_setNextBlockTimestamp.json,c2f4d229c80a1b99c1e97eafc6b5632fa901eee8c7236343356c576d0282c7f6,227
project/semantic_explanation_validation_v1/03_execution/raw_rpc/000863_FATHOM_FH2_FH2A_eth_sendTransaction.json,3a162b1d1733bfdf5f84491071122d4cbcea22c32dad99589cc54fd330fd50d7,583
project/semantic_explanation_validation_v1/03_execution/raw_rpc/000864_FATHOM_FH2_FH2A_eth_getTransactionReceipt.json,8de9100ab8bc11b7407fece69beea33e8980c5f8bfcfee81edb4d0c73849d5df,1385
project/semantic_explanation_validation_v1/03_execution/raw_rpc/000865_FATHOM_FH2_FH2A_evm_setNextBlockTimestamp.json,76fd283ee27dbd0b64ce8c0ee61a56ad77eab9f85a15ada04b5fb9b74d6f5c24,227
project/semantic_explanation_validation_v1/03_execution/raw_rpc/000866_FATHOM_FH2_FH2A_eth_sendTransaction.json,f30b42cfb7eced49b884b9ba808cfeddd46ecd22901c00ad676062651acf7c22,583
project/semantic_explanation_validation_v1/03_execution/raw_rpc/000867_FATHOM_FH2_FH2A_eth_getTransactionReceipt.json,7283ecde054afd87587409142f383bfeca28c55fda48e2ed50196b5826974039,1385
project/semantic_explanation_validation_v1/03_execution/raw_rpc/000868_FATHOM_FH2_FH2A_evm_setNextBlockTimestamp.json,c633e6917ad5024201ab64f096da193729d3d915a7ccb1e07adec853414efb7f,227
project/semantic_explanation_validation_v1/03_execution/raw_rpc/000869_FATHOM_FH2_FH2A_eth_sendTransaction.json,e3b6960b88255fd43efa52ca4ba61c75f6aa55ee4c362d3ae93e1c154c71187c,583
project/semantic_explanation_validation_v1/03_execution/raw_rpc/000870_FATHOM_FH2_FH2A_eth_getTransactionReceipt.json,ddc746b3e41c346bf6120270e96fef6478b4d66c514d56e6feefbe8ff02a52df,1385
project/semantic_explanation_validation_v1/03_execution/raw_rpc/000871_FATHOM_FH2_FH2A_evm_setNextBlockTimestamp.json,33f72c4e6ac8473fd144c36d08d41786a66f0f0f30c8f8b7cb806172ab6abffa,227
project/semantic_explanation_validation_v1/03_execution/raw_rpc/000872_FATHOM_FH2_FH2A_eth_sendTransaction.json,b88982a64489c5f7c02605f2070ce27bd2b4b6b62ec907e576939d0484b8d339,583
project/semantic_explanation_validation_v1/03_execution/raw_rpc/000873_FATHOM_FH2_FH2A_eth_getTransactionReceipt.json,6f20a602635f3fa6bee62747168aad3f2b17e6a2a90949a040aa2022aacd0b3e,1385
project/semantic_explanation_validation_v1/03_execution/raw_rpc/000874_FATHOM_FH2_FH2A_evm_setNextBlockTimestamp.json,85915f874b53467570ea8fc630fa332a33e0f2fd7f1339e7ee8630a0086b9894,227
project/semantic_explanation_validation_v1/03_execution/raw_rpc/000875_FATHOM_FH2_FH2A_eth_sendTransaction.json,3685acac81b95806cb52010cd1969083460c6a4df5c52af16efb7a8953d1a9f3,583
project/semantic_explanation_validation_v1/03_execution/raw_rpc/000876_FATHOM_FH2_FH2A_eth_getTransactionReceipt.json,940ff02b6b3e994eb2a67ab56a5b77766cb8f5f891af88f3a12cf7a42b38baa6,1385
project/semantic_explanation_validation_v1/03_execution/raw_rpc/000877_FATHOM_FH2_FH2A_evm_setNextBlockTimestamp.json,d4e12968e2aae89bd3a636808cad09bdfacb93434e11f71dc8fb08018c806b6d,227
project/semantic_explanation_validation_v1/03_execution/raw_rpc/000878_FATHOM_FH2_FH2A_eth_sendTransaction.json,3adf5510a832d6ae65b68cdfb2a74aaef9690f71a2df557ccc1fa4e2efb3aeb1,583
project/semantic_explanation_validation_v1/03_execution/raw_rpc/000879_FATHOM_FH2_FH2A_eth_getTransactionReceipt.json,e4d2023f4cd761a70e09dd81e2006dad2da0b94292c9c81be51178378bdfd670,1385
project/semantic_explanation_validation_v1/03_execution/raw_rpc/000880_FATHOM_FH2_FH2A_evm_setNextBlockTimestamp.json,baf461523e78782ab5a981d7d073999cf3f0c32ba5ae152871fcb78c5aa938ec,227
project/semantic_explanation_validation_v1/03_execution/raw_rpc/000881_FATHOM_FH2_FH2A_eth_sendTransaction.json,37f1b4aee5c1d0303ae61a9ae10db0aaf140ecbb6c1f5538fdd2ef7175c5e27e,583
project/semantic_explanation_validation_v1/03_execution/raw_rpc/000882_FATHOM_FH2_FH2A_eth_getTransactionReceipt.json,58ad6d7cbac062b3d7b59b913beaefa07b0a6a216219e414aee8eb6cf75d516d,1385
project/semantic_explanation_validation_v1/03_execution/raw_rpc/000883_FATHOM_FH2_FH2A_evm_setNextBlockTimestamp.json,148afef9e1824877637082c9d608daf67bed1d8a58e65cb087b62b1e473396f1,227
project/semantic_explanation_validation_v1/03_execution/raw_rpc/000884_FATHOM_FH2_FH2A_eth_sendTransaction.json,734c9b6eccaf3aef560cc816ef66c73811ec56107badef887df4776d0a4f9f66,583
project/semantic_explanation_validation_v1/03_execution/raw_rpc/000885_FATHOM_FH2_FH2A_eth_getTransactionReceipt.json,9ff41bb10fe22b6c54b72abed305277b364a2fef5c054b5c242199bbb589c38c,1385
project/semantic_explanation_validation_v1/03_execution/raw_rpc/000886_FATHOM_FH2_FH2A_evm_setNextBlockTimestamp.json,c4392b116caac33e5224f9617a2cb07b5a813128e8cc839ddc190fca1e053a69,227
project/semantic_explanation_validation_v1/03_execution/raw_rpc/000887_FATHOM_FH2_FH2A_eth_sendTransaction.json,ad9d814b5f40aece7245045da1e2236eab84f578646cbaa5b0d03b6b91a3508d,583
project/semantic_explanation_validation_v1/03_execution/raw_rpc/000888_FATHOM_FH2_FH2A_eth_getTransactionReceipt.json,e0112ca41072cbeed5ea43fd4bada7d365b9b5b9138af7654d4822115a5634db,1385
project/semantic_explanation_validation_v1/03_execution/raw_rpc/000889_FATHOM_FH2_FH2A_evm_setNextBlockTimestamp.json,08a2e15cbaa2e306def81e127108206eaf4f52ba9fbbc3fa45e1917a6deb9391,227
project/semantic_explanation_validation_v1/03_execution/raw_rpc/000890_FATHOM_FH2_FH2A_eth_sendTransaction.json,50520c9a84abcc3227a0c8b607afb8550d9307911a66b77f6c940a6ff2ad2ea8,583
project/semantic_explanation_validation_v1/03_execution/raw_rpc/000891_FATHOM_FH2_FH2A_eth_getTransactionReceipt.json,4d55e973b045f6d29e19104ed42cd195addd888c0517eeb6f0f59b2f9f725c68,1385
project/semantic_explanation_validation_v1/03_execution/raw_rpc/000892_FATHOM_FH2_FH2A_evm_setNextBlockTimestamp.json,7334c1395974070b00215a4bc4a3534a36c6c57703a2843c916254cfc9897e13,227
project/semantic_explanation_validation_v1/03_execution/raw_rpc/000893_FATHOM_FH2_FH2A_eth_sendTransaction.json,ee871179e8bdc024f6e1e608ef51430d2042ca9c17525b8838a5c10c5f07f513,455
project/semantic_explanation_validation_v1/03_execution/raw_rpc/000894_FATHOM_FH2_FH2A_eth_getTransactionReceipt.json,09f0c20a5b4bb455729540f8458f577b04b54944347a637b6c26fe4e31ed4d7a,1385
project/semantic_explanation_validation_v1/03_execution/raw_rpc/000895_FATHOM_FH2_FH2A_eth_call.json,7470a33c243263ed772fdc68455fb2904aa354a282b4a5aed371126c141727ce,498
project/semantic_explanation_validation_v1/03_execution/raw_rpc/000896_FATHOM_FH2_FH2A_eth_call.json,6f6716413f698513061d241a1ab0dd429af782c8a4bdbb3746de5da01bb75ce4,370
project/semantic_explanation_validation_v1/03_execution/raw_rpc/000897_FATHOM_FH2_FH2A_eth_call.json,9cd2f34f5cb5b4d14db94dcf6254a4e5db439c9fcf64c43e9166f9a81cea1a21,498
project/semantic_explanation_validation_v1/03_execution/raw_rpc/000898_FATHOM_FH2_FH2A_evm_setNextBlockTimestamp.json,ef34427162a4e09c2a32ccaf51967e32fb0e03b4a20ee631676ac3eba9ac4531,227
project/semantic_explanation_validation_v1/03_execution/raw_rpc/000899_FATHOM_FH2_FH2A_eth_sendTransaction.json,cc49c8785d560cc46502b9675730a392379f800e699a67e68e65233ea60e1195,496
project/semantic_explanation_validation_v1/03_execution/raw_rpc/000900_FATHOM_FH2_FH2A_eth_sendTransaction.json,e8fb8af9329a4489aac989422fb22a4a8618cc5bf6005e6ef3ac507fc6d29c50,583
project/semantic_explanation_validation_v1/03_execution/raw_rpc/000901_FATHOM_FH2_FH2A_eth_getTransactionReceipt.json,0461bfa5c2603349ec634fb9c09bc3f71f37e176bc28514ebe67e908ba3547f2,2168
project/semantic_explanation_validation_v1/03_execution/raw_rpc/000902_FATHOM_FH2_FH2A_eth_sendTransaction.json,ac68637f3e1dad395edc01111a1108376b925300587acbd383f846b9e26869c7,775
project/semantic_explanation_validation_v1/03_execution/raw_rpc/000903_FATHOM_FH2_FH2A_eth_getTransactionReceipt.json,6a2a8bdbb6bd46448276726f2f4420bb7f8f66956f238e144644b09be41b8670,3820
project/semantic_explanation_validation_v1/03_execution/raw_rpc/000904_FATHOM_FH2_FH2A_evm_setNextBlockTimestamp.json,4b8a84614561e48bcc59f5061e48f67cbd05deb7881648f459336eef5d2ac65f,227
project/semantic_explanation_validation_v1/03_execution/raw_rpc/000905_FATHOM_FH2_FH2A_eth_sendTransaction.json,f519b14ce4cf385916a956dffc86291905a8915970234d16cabc7938d2e0faea,583
project/semantic_explanation_validation_v1/03_execution/raw_rpc/000906_FATHOM_FH2_FH2A_eth_getTransactionReceipt.json,8647adde8b83da8ba18cb9ffdc021002287ad1cb3e668842b5281a6de0fb9a22,1385
project/semantic_explanation_validation_v1/03_execution/raw_rpc/000907_FATHOM_FH2_FH2A_evm_setNextBlockTimestamp.json,550b2f81c927da82e3b4021d3de940b81b3df13f559a4f92c1d4c40eb00e16f2,227
project/semantic_explanation_validation_v1/03_execution/raw_rpc/000908_FATHOM_FH2_FH2A_eth_sendTransaction.json,686061a9b15de9557d3441ad7bf60f8eb02361aab547cf8a0b41355979b21ba8,583
project/semantic_explanation_validation_v1/03_execution/raw_rpc/000909_FATHOM_FH2_FH2A_eth_getTransactionReceipt.json,c088a96b7dee2184fa8563766c8d3f397897ffb14fce4f6b4cd0336e5291cbc4,1385
project/semantic_explanation_validation_v1/03_execution/raw_rpc/000910_FATHOM_FH2_FH2A_evm_setNextBlockTimestamp.json,2776ef7af46a42e34e0712221e10c2eaa8beedab5ca81b7a26dfd2f4946a0d3f,227
project/semantic_explanation_validation_v1/03_execution/raw_rpc/000911_FATHOM_FH2_FH2A_eth_sendTransaction.json,feab1904a45319d3644fde4cf3c99c5312aed7038adb5987c03dbfb06dc49472,583
project/semantic_explanation_validation_v1/03_execution/raw_rpc/000912_FATHOM_FH2_FH2A_eth_getTransactionReceipt.json,0dede4170aa6e99cba84fd860d0186f0957c79a55f6c46407122282911a89665,1385
project/semantic_explanation_validation_v1/03_execution/raw_rpc/000913_FATHOM_FH2_FH2A_evm_setNextBlockTimestamp.json,917367718ad26f2c333d28f206de3db5b607f22597d425328898ec8da83522d4,227
project/semantic_explanation_validation_v1/03_execution/raw_rpc/000914_FATHOM_FH2_FH2A_eth_sendTransaction.json,4cffd4a14bb4f370367b0a6c9e1a88ea087df7d68722add5af544bc8cac18849,583
project/semantic_explanation_validation_v1/03_execution/raw_rpc/000915_FATHOM_FH2_FH2A_eth_getTransactionReceipt.json,61cdf00c3be184a2c3623e44455905a836284c700b780d8ca15c0e144d57ada6,1385
project/semantic_explanation_validation_v1/03_execution/raw_rpc/000916_FATHOM_FH2_FH2A_evm_setNextBlockTimestamp.json,7043149a0fb73366e2d1205f22e7032ad2bef0eea4393f68cab49c4afc667d17,227
project/semantic_explanation_validation_v1/03_execution/raw_rpc/000917_FATHOM_FH2_FH2A_eth_sendTransaction.json,b35edb0b33ac417925f872950fac91a352082f3c5b4709a089e644b61f1fe433,583
project/semantic_explanation_validation_v1/03_execution/raw_rpc/000918_FATHOM_FH2_FH2A_eth_getTransactionReceipt.json,50bef7dabd0e6225f3d6f5b85afe4c62aab45cc079b0b602a1294957125804d1,1385
project/semantic_explanation_validation_v1/03_execution/raw_rpc/000919_FATHOM_FH2_FH2A_evm_setNextBlockTimestamp.json,61b5f923e99817c9bfffa1c3d3bbddffe674c1f6bb1aea1db7fe897638c300b4,227
project/semantic_explanation_validation_v1/03_execution/raw_rpc/000920_FATHOM_FH2_FH2A_eth_sendTransaction.json,bccebd4e290c88749a76993b2285249d3ff2bc6fd15795c694ff3f2516abd8ee,583
project/semantic_explanation_validation_v1/03_execution/raw_rpc/000921_FATHOM_FH2_FH2A_eth_getTransactionReceipt.json,b58e51514af25219c9bff90da8f66a968c4d97cc2cb47d06158176bf91b6a557,1385
project/semantic_explanation_validation_v1/03_execution/raw_rpc/000922_FATHOM_FH2_FH2A_evm_setNextBlockTimestamp.json,ad83f2257fc6cf5f00fd8ec65414090f9bfd610f044423b3e6902a58f7a19996,227
project/semantic_explanation_validation_v1/03_execution/raw_rpc/000923_FATHOM_FH2_FH2A_eth_sendTransaction.json,9daf5733cf2fde2101c2abc72f4546b8f42ba054749e22bdb6643d272cc5783d,583
project/semantic_explanation_validation_v1/03_execution/raw_rpc/000924_FATHOM_FH2_FH2A_eth_getTransactionReceipt.json,fe4fc9c6379ba2055baa2c5e35a43e53370f1a4f44f43be74dca57553a91e504,1385
project/semantic_explanation_validation_v1/03_execution/raw_rpc/000925_FATHOM_FH2_FH2A_evm_setNextBlockTimestamp.json,8db756df3f82d1c890b46e8490d1bc598606c968d5ecae1c57fbed34968f3c66,227
project/semantic_explanation_validation_v1/03_execution/raw_rpc/000926_FATHOM_FH2_FH2A_eth_sendTransaction.json,6ae07885b9275f6192a8ead3bef10fd40b947651a3ae10abff987850877dea34,583
project/semantic_explanation_validation_v1/03_execution/raw_rpc/000927_FATHOM_FH2_FH2A_eth_getTransactionReceipt.json,77a564d4a9f7f3fa00768472ec1b4a71542546fceaf1689edebb1f3a95b63986,1385
project/semantic_explanation_validation_v1/03_execution/raw_rpc/000928_FATHOM_FH2_FH2A_evm_setNextBlockTimestamp.json,e0c0b163313fa0e30a524b638051f46b58fb0bc01fbc08ad8114d80384f939e2,227
project/semantic_explanation_validation_v1/03_execution/raw_rpc/000929_FATHOM_FH2_FH2A_eth_sendTransaction.json,d6f01374e8907cfcbd97a8ee4fe20bf140dc9e7abd67b5b6a6efde6818cd2890,583
project/semantic_explanation_validation_v1/03_execution/raw_rpc/000930_FATHOM_FH2_FH2A_eth_getTransactionReceipt.json,ea7cc6cdfdff134f62ed52a4831c045e27e51793e42fb864b81af9ebc7997935,1385
project/semantic_explanation_validation_v1/03_execution/raw_rpc/000931_FATHOM_FH2_FH2A_evm_setNextBlockTimestamp.json,0a8138942e88269bd9a7c4af53f361a0fac760c22f04260bc5e46a3181285bc9,227
project/semantic_explanation_validation_v1/03_execution/raw_rpc/000932_FATHOM_FH2_FH2A_eth_sendTransaction.json,0e85117282186aff29d0e2f489d7c9d76fadccdfb2e9999557b5d9cdc6981a49,583
project/semantic_explanation_validation_v1/03_execution/raw_rpc/000933_FATHOM_FH2_FH2A_eth_getTransactionReceipt.json,46f595b48487762f875365ea16a497f0f25936bc3e96294b2d97b6b3c266b8ab,1385
project/semantic_explanation_validation_v1/03_execution/raw_rpc/000934_FATHOM_FH2_FH2A_evm_setNextBlockTimestamp.json,5ce7283df86aac0b0d2514c9c810fe7d71e628c6bcdcd0a5a5a17448981e7168,227
project/semantic_explanation_validation_v1/03_execution/raw_rpc/000935_FATHOM_FH2_FH2A_eth_sendTransaction.json,804fbfe98eaec5f0ac07941376463e79dce7a080d5e6ed6be58524009317576a,583
project/semantic_explanation_validation_v1/03_execution/raw_rpc/000936_FATHOM_FH2_FH2A_eth_getTransactionReceipt.json,026b6b336ceead1f2211bb62afdb087eb6dd2b3ae96e712a83352c3cda5eb68f,1385
project/semantic_explanation_validation_v1/03_execution/raw_rpc/000937_FATHOM_FH2_FH2A_evm_setNextBlockTimestamp.json,6b077e69426416f767752e644ce91a2ec1289f8f4a44fbe8001d9fc0ebe4915b,227
project/semantic_explanation_validation_v1/03_execution/raw_rpc/000938_FATHOM_FH2_FH2A_eth_sendTransaction.json,562f3a459402f2fc565790c8ce9ccdab66f543d9c243adb4152d12558e0b78e1,583
project/semantic_explanation_validation_v1/03_execution/raw_rpc/000939_FATHOM_FH2_FH2A_eth_getTransactionReceipt.json,802bfbbdd26e66fc0e84bdb662d54e9b84f9c31fb91323346e91c929e2ea880d,1385
project/semantic_explanation_validation_v1/03_execution/raw_rpc/000940_FATHOM_FH2_FH2A_evm_setNextBlockTimestamp.json,3845d64bb16c2960c14fb8370dd71a1255df667cccd990ffd2c04963698c02cf,227
project/semantic_explanation_validation_v1/03_execution/raw_rpc/000941_FATHOM_FH2_FH2A_eth_sendTransaction.json,7ff4495e5315e805c51378b03e5c47e9d90ccfdae9f3512fc0d78a34ca52074e,583
project/semantic_explanation_validation_v1/03_execution/raw_rpc/000942_FATHOM_FH2_FH2A_eth_getTransactionReceipt.json,7913c4aa5a7cf1bd17c7e440d8c318c6abbb158d746cbd28b961a3fb007666b7,1385
project/semantic_explanation_validation_v1/03_execution/raw_rpc/000943_FATHOM_FH2_FH2A_evm_setNextBlockTimestamp.json,be74896ec76b1b14e10ba915385ec801eeb73f0f3e44f79608903f40775cf8e5,227
project/semantic_explanation_validation_v1/03_execution/raw_rpc/000944_FATHOM_FH2_FH2A_eth_sendTransaction.json,7ccba6e54cda46270cae3b7d3eb3299d44030ec13dad578c2337695673116339,583
project/semantic_explanation_validation_v1/03_execution/raw_rpc/000945_FATHOM_FH2_FH2A_eth_getTransactionReceipt.json,48378a943c8e52304d98f2bc779ad94fd855c384a1df2e86a978429b9b5e4d48,1385
project/semantic_explanation_validation_v1/03_execution/raw_rpc/000946_FATHOM_FH2_FH2A_evm_setNextBlockTimestamp.json,9c2de13df22181a200ac7c1f6c3539f29ce8804162b5b6875b9176a69dbf1721,227
project/semantic_explanation_validation_v1/03_execution/raw_rpc/000947_FATHOM_FH2_FH2A_eth_sendTransaction.json,3cb06c0fd499e78a07a4c1acf7b19cbae1ec8ea21aca55c46d1c0c3a3e9b4ef8,583
project/semantic_explanation_validation_v1/03_execution/raw_rpc/000948_FATHOM_FH2_FH2A_eth_getTransactionReceipt.json,c30f76ab17d0c95bc3e929bbdb5bcd907eaa19492250eb344a7786481e9c13b8,1385
project/semantic_explanation_validation_v1/03_execution/raw_rpc/000949_FATHOM_FH2_FH2A_evm_setNextBlockTimestamp.json,c8b8212f871e41c8e2350489c10dd56ac8627f2c62d9e6b18500ea0b549565fc,227
project/semantic_explanation_validation_v1/03_execution/raw_rpc/000950_FATHOM_FH2_FH2A_eth_call.json,f08dee78919eea4227125df8ccfcf06f0dd0ef2fa44b59feb96c659fe1f59542,434
project/semantic_explanation_validation_v1/03_execution/raw_rpc/000951_FATHOM_FH2_FH2A_eth_call.json,27556ea9b4a4174ec3f73d9c712910fd59493ea03d639e2462a0e3ac353fd687,434
project/semantic_explanation_validation_v1/03_execution/raw_rpc/000952_FATHOM_FH2_FH2A_eth_call.json,5e93deb552743e69b79de6905d220eb593a0733fd4da2169b1d78567e8fa2f90,370
project/semantic_explanation_validation_v1/03_execution/raw_rpc/000953_FATHOM_FH2_FH2A_eth_call.json,c2158293c9aa09e7fd75266633cc83a2bde52602892bacf24738c0bf2a135827,370
project/semantic_explanation_validation_v1/03_execution/raw_rpc/000954_FATHOM_FH2_FH2A_eth_call.json,562680e01f3de296c2d4b3479e44cf15c690b36b09b10619e3a7f3a7efc88758,370
project/semantic_explanation_validation_v1/03_execution/raw_rpc/000955_FATHOM_FH2_FH2A_eth_call.json,30aee3a0f70216f691594bef12059944e2b7fa2912ddd0519084cac926611cbe,370
project/semantic_explanation_validation_v1/03_execution/raw_rpc/000956_FATHOM_FH2_FH2A_eth_call.json,811897f50b2641d0406b408c5c1fe86598547df5dc327c10a79879a4352e336d,370
project/semantic_explanation_validation_v1/03_execution/raw_rpc/000957_FATHOM_FH2_FH2A_eth_call.json,06692e8a639ac55557a8b2954d00b7308c6c591f355e0585450eb69d5427ec2d,370
project/semantic_explanation_validation_v1/03_execution/raw_rpc/000958_FATHOM_FH2_FH2A_eth_sendTransaction.json,d2c7c75f286585de73947fa9ae917bc4dc88092965b9c4354b0736a00d064c1b,455
project/semantic_explanation_validation_v1/03_execution/raw_rpc/000959_FATHOM_FH2_FH2A_eth_getTransactionReceipt.json,351024d4850a2bad0b52fb2dfd476b6f0c6521fb70cfce4577e254624827a504,1385
project/semantic_explanation_validation_v1/03_execution/raw_rpc/000960_FATHOM_FH2_FH2A_debug_traceTransaction.json.gz,d81da53c5fb0b57b413ca3592bf4f946e11328c189dfbc52491496dfbbc714b8,145090
project/semantic_explanation_validation_v1/03_execution/raw_rpc/000961_FATHOM_FH2_FH2A_eth_call.json,89a5e78f3af8455cdf4d3f46565cd7c767e908ccf52a47fba32b1f6793239cba,434
project/semantic_explanation_validation_v1/03_execution/raw_rpc/000962_FATHOM_FH2_FH2A_eth_call.json,1952a674c5137f8b57bd713ee5ed6a9fee708935997c6f5e32ea9f396275dae1,434
project/semantic_explanation_validation_v1/03_execution/raw_rpc/000963_FATHOM_FH2_FH2A_eth_call.json,645973575f48495d8c2fcafddd44e63b07c2a2499dbb651ca2f3416666dd7f84,370
project/semantic_explanation_validation_v1/03_execution/raw_rpc/000964_FATHOM_FH2_FH2A_eth_call.json,2e0f54ddcecda1a98fe2fe2862efca7137393d0b21de5d933d461789d2893712,370
project/semantic_explanation_validation_v1/03_execution/raw_rpc/000965_FATHOM_FH2_FH2A_eth_call.json,ba7a53655889cb9cba6329fff53fb1dea142cea272b0f7a87e02495610a64712,370
project/semantic_explanation_validation_v1/03_execution/raw_rpc/000966_FATHOM_FH2_FH2A_eth_call.json,3237530fcf71d9daa4c648ed4b87c1e853255f6feca163925984224d0e4c6752,370
project/semantic_explanation_validation_v1/03_execution/raw_rpc/000967_FATHOM_FH2_FH2A_eth_call.json,60817a36e1d8f1c37592171e9042c3a1af0c7279880696e7f329a58fd209a1db,370
project/semantic_explanation_validation_v1/03_execution/raw_rpc/000968_FATHOM_FH2_FH2A_eth_call.json,2869b29873fe005896ab76cd06301e0f55316ba1fd724518676c11ae68320abd,370
project/semantic_explanation_validation_v1/03_execution/raw_rpc/000969_FATHOM_FH2_FH2B_hardhat_reset.json,d1a0817f0eac68b7085066ef2fe964698fae5b336176c08186610f7a48986ae1,322
project/semantic_explanation_validation_v1/03_execution/raw_rpc/000970_FATHOM_FH2_FH2B_eth_getBlockByNumber.json,d9f74f755767e8c8c96984920be4451cfa636e6862ef8e00d9fb1ed16e6c9264,12118
project/semantic_explanation_validation_v1/03_execution/raw_rpc/000971_FATHOM_FH2_FH2B_hardhat_impersonateAccount.json,7d170af6dec2e7f7ac1b3da4bc96de01c0724f06dbfe4c6f498d344520ce7311,254
project/semantic_explanation_validation_v1/03_execution/raw_rpc/000972_FATHOM_FH2_FH2B_hardhat_setBalance.json,801611f4ef6b853fb13ff6f9a32a9da612c8b933d0d44063f8dd2cd2501adf2b,277
project/semantic_explanation_validation_v1/03_execution/raw_rpc/000973_FATHOM_FH2_FH2B_evm_setNextBlockTimestamp.json,aa6673a473d120f27d4020e62491a9b11c7ade9a83b98abee372807f0b0a89ad,227
project/semantic_explanation_validation_v1/03_execution/raw_rpc/000974_FATHOM_FH2_FH2B_eth_sendTransaction.json,1bc36c7a6468b596d06ce46906b76ef69ea258608e5fd0d59b66ce4f6ab325f6,583
project/semantic_explanation_validation_v1/03_execution/raw_rpc/000975_FATHOM_FH2_FH2B_eth_getTransactionReceipt.json,049640244454db84eb3ee434c27f949e4d65bdec28342e063139bce5c5d7529f,1386
project/semantic_explanation_validation_v1/03_execution/raw_rpc/000976_FATHOM_FH2_FH2B_evm_setNextBlockTimestamp.json,08fee963977a408758aa096adeed97ff13b0ba5ba1d05bd7ff3772abed2e48ef,227
project/semantic_explanation_validation_v1/03_execution/raw_rpc/000977_FATHOM_FH2_FH2B_eth_sendTransaction.json,cbd80fe426a83609ceca6e848118bf9b1969c6a3289bea27eab6303ea8158a2b,583
project/semantic_explanation_validation_v1/03_execution/raw_rpc/000978_FATHOM_FH2_FH2B_eth_getTransactionReceipt.json,7bd76b50f74c132a70f28558afd96d7e3db0a057e8233b45147b7ec8e97b4b1d,1386
project/semantic_explanation_validation_v1/03_execution/raw_rpc/000979_FATHOM_FH2_FH2B_evm_setNextBlockTimestamp.json,3171a448261b68b0d99a44d35be81cf5842d32d6b0f4de2b12e018f6eb3c6998,227
project/semantic_explanation_validation_v1/03_execution/raw_rpc/000980_FATHOM_FH2_FH2B_eth_sendTransaction.json,a90622a4716289c109ec1d85452527ce653e1021ad0ee641c1a99174f503e053,583
project/semantic_explanation_validation_v1/03_execution/raw_rpc/000981_FATHOM_FH2_FH2B_eth_getTransactionReceipt.json,5191e8a428c0cd5773d1c37cf5351fbecb6bd45905400b49474af532c55e043a,1386
project/semantic_explanation_validation_v1/03_execution/raw_rpc/000982_FATHOM_FH2_FH2B_evm_setNextBlockTimestamp.json,005a7fd174a8274182b3211408ac859018adca497abaeeb29caea3ed833292d7,227
project/semantic_explanation_validation_v1/03_execution/raw_rpc/000983_FATHOM_FH2_FH2B_eth_sendTransaction.json,c1dcc7acf6679204d19a1c6b62223b5c5866ed95ecf0cb3fa961ed87a67d8059,583
project/semantic_explanation_validation_v1/03_execution/raw_rpc/000984_FATHOM_FH2_FH2B_eth_getTransactionReceipt.json,6dc2d26f5280cf46ba8ababe43ccbf09c01d8f7c9e8ca8530c9decfd20ceb11c,1386
project/semantic_explanation_validation_v1/03_execution/raw_rpc/000985_FATHOM_FH2_FH2B_evm_setNextBlockTimestamp.json,e0ebab44c928b69bc95cc09edfc7bf04e10df593887aa904ff5db1c4dc12201e,227
project/semantic_explanation_validation_v1/03_execution/raw_rpc/000986_FATHOM_FH2_FH2B_eth_sendTransaction.json,5040e2338458458912566876ff26c9d6f9c210b087b34a27a00d7c7c0a5d6b79,583
project/semantic_explanation_validation_v1/03_execution/raw_rpc/000987_FATHOM_FH2_FH2B_eth_getTransactionReceipt.json,1f49bfe5b7167d22304f67bc1f87b7ebf94d9627a0c133471c802cf56ec0d389,1386
project/semantic_explanation_validation_v1/03_execution/raw_rpc/000988_FATHOM_FH2_FH2B_evm_setNextBlockTimestamp.json,b9204a89cfe4e775aea995134eb31a47fea4dee0083527b21c560cf32408aaa1,227
project/semantic_explanation_validation_v1/03_execution/raw_rpc/000989_FATHOM_FH2_FH2B_eth_sendTransaction.json,753da26600d183e3b98ae4218a61f88abe571152c3f8ee039d3ec76ac4d296c5,583
project/semantic_explanation_validation_v1/03_execution/raw_rpc/000990_FATHOM_FH2_FH2B_eth_getTransactionReceipt.json,e4310954bb3120c5cfb57769fab4cbc7adac6d8560599db8dbefef694a68e660,1386
project/semantic_explanation_validation_v1/03_execution/raw_rpc/000991_FATHOM_FH2_FH2B_evm_setNextBlockTimestamp.json,cc67d0be1da4a484bd113206ea1bdd919f328ec70dde415242eee8cb87fae1f2,227
project/semantic_explanation_validation_v1/03_execution/raw_rpc/000992_FATHOM_FH2_FH2B_eth_sendTransaction.json,2e2007b1f8fc7ed4b3adf1784bc20b1809ed4af76689aeff5cc635b26e0d3ed6,583
project/semantic_explanation_validation_v1/03_execution/raw_rpc/000993_FATHOM_FH2_FH2B_eth_getTransactionReceipt.json,683e33a1e3c82977586f7c6946a2bf6911b1eefcc1149419c83d1748e002685d,1386
project/semantic_explanation_validation_v1/03_execution/raw_rpc/000994_FATHOM_FH2_FH2B_evm_setNextBlockTimestamp.json,fe9343a15d5a18ef3322b75968a8d49ede2a55c8f8eb325617894c9253f74edb,227
project/semantic_explanation_validation_v1/03_execution/raw_rpc/000995_FATHOM_FH2_FH2B_eth_sendTransaction.json,52b2b292284e10622333ffed826d138aa5a3008a9778c83fa6556ee519d1afdf,583
project/semantic_explanation_validation_v1/03_execution/raw_rpc/000996_FATHOM_FH2_FH2B_eth_getTransactionReceipt.json,b3a8046a5d28943ed7b76da36dba110db48cce71b79ff92759335d031e9e5d0e,1386
project/semantic_explanation_validation_v1/03_execution/raw_rpc/000997_FATHOM_FH2_FH2B_evm_setNextBlockTimestamp.json,7c706beef1df5ca7f7fb293a2372bba618b97022c69b497ff3d4b90246c8437a,227
project/semantic_explanation_validation_v1/03_execution/raw_rpc/000998_FATHOM_FH2_FH2B_eth_sendTransaction.json,a0ebf70b6b4730f003377bb962c09a089b16cacd1d16d23e2676fb8fbaf1e65f,583
project/semantic_explanation_validation_v1/03_execution/raw_rpc/000999_FATHOM_FH2_FH2B_eth_getTransactionReceipt.json,14cc42822b38cd74e8e61aa367778c42f364397f6e3f7c0c7c7cd52da4a16f6e,1386
project/semantic_explanation_validation_v1/03_execution/raw_rpc/001000_FATHOM_FH2_FH2B_evm_setNextBlockTimestamp.json,60601b5a6cc014bda2213e7612c251f7d8ffa228be46e06800dfeb5f2e124b7c,229
project/semantic_explanation_validation_v1/03_execution/raw_rpc/001001_FATHOM_FH2_FH2B_eth_sendTransaction.json,4bb30914e8fa7d5b19fbf493fe560cbebc59ad33018e764a3cddfae6fdffb245,585
project/semantic_explanation_validation_v1/03_execution/raw_rpc/001002_FATHOM_FH2_FH2B_eth_getTransactionReceipt.json,4261b00d6c586b9b80f01a9f7bca73003a15fb8e550373fbe0bba9af318a7664,1388
project/semantic_explanation_validation_v1/03_execution/raw_rpc/001003_FATHOM_FH2_FH2B_evm_setNextBlockTimestamp.json,fbf507a40e32e1d8bb5a5b92e2c43c6a5902deabbb54b6121f671f9ed306111a,229
project/semantic_explanation_validation_v1/03_execution/raw_rpc/001004_FATHOM_FH2_FH2B_eth_sendTransaction.json,516716159d33a9fa8cf0a7ac0a7f49800e3c15bc4c2d4afa1ed210edc3f6412a,585
project/semantic_explanation_validation_v1/03_execution/raw_rpc/001005_FATHOM_FH2_FH2B_eth_getTransactionReceipt.json,c6a2227924bd918714ac5aedb783928db00a1e7a7c9c0e728916ad194d152ce5,1387
project/semantic_explanation_validation_v1/03_execution/raw_rpc/001006_FATHOM_FH2_FH2B_evm_setNextBlockTimestamp.json,9f5cd7cd618cd2adf5b9706764f589a4d667c35e6503ea1a856a630635d074b3,229
project/semantic_explanation_validation_v1/03_execution/raw_rpc/001007_FATHOM_FH2_FH2B_eth_sendTransaction.json,04a8f63737833257c95352ec573cc5432eeb1f5c5fc013b025fba504d387edeb,585
project/semantic_explanation_validation_v1/03_execution/raw_rpc/001008_FATHOM_FH2_FH2B_eth_getTransactionReceipt.json,b40ff2ac3589be60ba36c0417a48ad810e11cf36ff6a36b104da2b5307cc1cbc,1387
project/semantic_explanation_validation_v1/03_execution/raw_rpc/001009_FATHOM_FH2_FH2B_evm_setNextBlockTimestamp.json,344f0d942f1f839cee38e946048856e5af38a4c4b952618d34d7e81f397f696b,229
project/semantic_explanation_validation_v1/03_execution/raw_rpc/001010_FATHOM_FH2_FH2B_eth_sendTransaction.json,49c71be5bc0c6ca6329334dcbfd526726af12afe2bbfab1d70af072f826fc8c2,585
project/semantic_explanation_validation_v1/03_execution/raw_rpc/001011_FATHOM_FH2_FH2B_eth_getTransactionReceipt.json,6e54aa7cb7be68f4a7d87beeb43b7fb57e6abcc58efad5ead6eb41798fef076d,1387
project/semantic_explanation_validation_v1/03_execution/raw_rpc/001012_FATHOM_FH2_FH2B_evm_setNextBlockTimestamp.json,6efc61a66d25c42f281b2f8187afdb56b0de63e2a3158fb675fe0a30c5e646bc,229
project/semantic_explanation_validation_v1/03_execution/raw_rpc/001013_FATHOM_FH2_FH2B_eth_sendTransaction.json,e46c69f972903eaac278c1de493efca28b5c869c53b098f3ef666e6992c074c6,585
project/semantic_explanation_validation_v1/03_execution/raw_rpc/001014_FATHOM_FH2_FH2B_eth_getTransactionReceipt.json,bee69f836bbf08ca28626a721edd96299049d75ee1b2a691b6afc0c35e63c182,1387
project/semantic_explanation_validation_v1/03_execution/raw_rpc/001015_FATHOM_FH2_FH2B_evm_setNextBlockTimestamp.json,cf9da65743ac0b9336e9cb39c17a6526e8edafe8d43dadb370c6e4d210eb69ed,229
project/semantic_explanation_validation_v1/03_execution/raw_rpc/001016_FATHOM_FH2_FH2B_eth_sendTransaction.json,c803444dab3f8c2556cc546d3ac4c8127776eee320402b1a1b37c9499d336e1f,585
project/semantic_explanation_validation_v1/03_execution/raw_rpc/001017_FATHOM_FH2_FH2B_eth_getTransactionReceipt.json,42a5fc3b2b151d25457c4842c04ef1cdabf6ffd907b1225abc5782c274be2ed9,1387
project/semantic_explanation_validation_v1/03_execution/raw_rpc/001018_FATHOM_FH2_FH2B_evm_setNextBlockTimestamp.json,11328e94ae22273d16313c7c4b6c3ba75001b685b00499cb45b89b5ce7c2b4ce,229
project/semantic_explanation_validation_v1/03_execution/raw_rpc/001019_FATHOM_FH2_FH2B_eth_sendTransaction.json,2f85ee3784df597a1363e6a1e8c3fb3b1139a2fd4f61e8a5de36f0af356430c6,457
project/semantic_explanation_validation_v1/03_execution/raw_rpc/001020_FATHOM_FH2_FH2B_eth_getTransactionReceipt.json,a4a282d701665f0171eab7879596a41a931792250f366c7ab68c28bf2840f9e5,1387
project/semantic_explanation_validation_v1/03_execution/raw_rpc/001021_FATHOM_FH2_FH2B_evm_setNextBlockTimestamp.json,c364215d629a5d2c80d5a2c7d8b9f7d3e5109a2c9c5e82e89fe1a9fe9093de87,229
project/semantic_explanation_validation_v1/03_execution/raw_rpc/001022_FATHOM_FH2_FH2B_eth_sendTransaction.json,77f4c2694e8fec9322e75b66b71cced47a202f3750135121390c31d43a13b9e1,585
project/semantic_explanation_validation_v1/03_execution/raw_rpc/001023_FATHOM_FH2_FH2B_eth_getTransactionReceipt.json,ff7ddbcd5e4656101fb3da34529c8ec8aa1dd9828689db3b7d420eab88a6ebc2,1387
project/semantic_explanation_validation_v1/03_execution/raw_rpc/001024_FATHOM_FH2_FH2B_evm_setNextBlockTimestamp.json,d2136c8e1306683c75449df7ea5127dabca61b81506936582a0a587f3be13ce3,229
project/semantic_explanation_validation_v1/03_execution/raw_rpc/001025_FATHOM_FH2_FH2B_eth_sendTransaction.json,3a59631746a120fcb99ab27b05e2af90bdc4534cd1e62f1203bd94c47c1945b9,585
project/semantic_explanation_validation_v1/03_execution/raw_rpc/001026_FATHOM_FH2_FH2B_eth_getTransactionReceipt.json,7632299ad71fbf6a60e3d9a618774c622476ed4f7747c1badc49cfebad249cfb,1387
project/semantic_explanation_validation_v1/03_execution/raw_rpc/001027_FATHOM_FH2_FH2B_evm_setNextBlockTimestamp.json,00bd8afa25aecef687bf92d68e2af58a39a255cb0b252be99f5c6030dd257277,229
project/semantic_explanation_validation_v1/03_execution/raw_rpc/001028_FATHOM_FH2_FH2B_eth_sendTransaction.json,7749923b89104154e777150ac11aba167ce4668d59083ee859aaf68ead4cc12e,585
project/semantic_explanation_validation_v1/03_execution/raw_rpc/001029_FATHOM_FH2_FH2B_eth_getTransactionReceipt.json,2422029a0bc6cc6f5d6d79755a1424112e9c030bd9a37ce7309022634532fc11,1387
project/semantic_explanation_validation_v1/03_execution/raw_rpc/001030_FATHOM_FH2_FH2B_evm_setNextBlockTimestamp.json,cad1098ede1201d6f72890df129380849a6a99c86d17c2103a4316ce3f28e93c,229
project/semantic_explanation_validation_v1/03_execution/raw_rpc/001031_FATHOM_FH2_FH2B_eth_sendTransaction.json,153b346cfe5cf1adceb30e228c537d04c4f995c989bea1bc0b44f1ba0ccdb9e7,585
project/semantic_explanation_validation_v1/03_execution/raw_rpc/001032_FATHOM_FH2_FH2B_eth_getTransactionReceipt.json,b7e118dde4287ebbbd09e3085cad641c95182c363917590a523c128eb0570e91,1387
project/semantic_explanation_validation_v1/03_execution/raw_rpc/001033_FATHOM_FH2_FH2B_evm_setNextBlockTimestamp.json,1ae227ec06334bf3dba248745e217ec8972f0aa7aab48824acb792d8db1f8138,229
project/semantic_explanation_validation_v1/03_execution/raw_rpc/001034_FATHOM_FH2_FH2B_eth_sendTransaction.json,98f5b1c84814bd6be3b23620095388acdf0d7563f0dff39026892b9049f66172,585
project/semantic_explanation_validation_v1/03_execution/raw_rpc/001035_FATHOM_FH2_FH2B_eth_getTransactionReceipt.json,c414aa493796d99fbd7d137c4a7c8fd3bdbafcbd8cbec882dcf63aff5faa563f,1387
project/semantic_explanation_validation_v1/03_execution/raw_rpc/001036_FATHOM_FH2_FH2B_evm_setNextBlockTimestamp.json,a6b410e8c6f31341882c9ea87a7fbe5b67a8d5ea09b407d7040f0a69c3197820,229
project/semantic_explanation_validation_v1/03_execution/raw_rpc/001037_FATHOM_FH2_FH2B_eth_sendTransaction.json,b6870eca37efee2160194d854bb6f87c89a569ef2234a1523f8fa01f6088532d,585
project/semantic_explanation_validation_v1/03_execution/raw_rpc/001038_FATHOM_FH2_FH2B_eth_getTransactionReceipt.json,0a2c33805f4b9d55ed3ee0b2772a0ba73896c9ecb8482d7170281ee95e041403,1387
project/semantic_explanation_validation_v1/03_execution/raw_rpc/001039_FATHOM_FH2_FH2B_evm_setNextBlockTimestamp.json,8aaeb48b2c0fda2a0c22874ace15d36c782a6d871d261197414459bab9508d71,229
project/semantic_explanation_validation_v1/03_execution/raw_rpc/001040_FATHOM_FH2_FH2B_eth_sendTransaction.json,ffd4a634ad699ceed1c46be96b2afe7dc534ce9d5b3d29bb4caf87d775145b72,585
project/semantic_explanation_validation_v1/03_execution/raw_rpc/001041_FATHOM_FH2_FH2B_eth_getTransactionReceipt.json,5a909e4324d8a190dae15f8f97e8ba4fa25b09ef62285ce787cc122ea16af03f,1387
project/semantic_explanation_validation_v1/03_execution/raw_rpc/001042_FATHOM_FH2_FH2B_evm_setNextBlockTimestamp.json,4231e0a22501bdbe5fb64f085ab3c0ecdfef8b6c931fe8b809e5028ee8687b47,229
project/semantic_explanation_validation_v1/03_execution/raw_rpc/001043_FATHOM_FH2_FH2B_eth_sendTransaction.json,a9024f58ecae60526faf066a11c52b7678a27e0664c71ed3183d2f3ef68b572a,585
project/semantic_explanation_validation_v1/03_execution/raw_rpc/001044_FATHOM_FH2_FH2B_eth_getTransactionReceipt.json,26ae4dac7b5e631a913f9b839ed19b28e5f8de4790da40cd96f91e09c5f75a71,1387
project/semantic_explanation_validation_v1/03_execution/raw_rpc/001045_FATHOM_FH2_FH2B_evm_setNextBlockTimestamp.json,75c4ae4ad094aa880603e5b7a5cc3e53eb39e5b427f06f4ba8e946893ae5dfd4,229
project/semantic_explanation_validation_v1/03_execution/raw_rpc/001046_FATHOM_FH2_FH2B_eth_sendTransaction.json,803a7fd0ebf86df4c3605635cf6218f3cbfe1e6d488951d7292182505a7d48f3,585
project/semantic_explanation_validation_v1/03_execution/raw_rpc/001047_FATHOM_FH2_FH2B_eth_getTransactionReceipt.json,08c6f08ba9686fc1f20e162abe97d356bbc3549b1dc6d7020a4cdcca6f2d73d0,1387
project/semantic_explanation_validation_v1/03_execution/raw_rpc/001048_FATHOM_FH2_FH2B_evm_setNextBlockTimestamp.json,ea6f3d7ecbe385e85b1581bd062c0c3775c013307cc3ce900fdcc13b3a2b010a,229
project/semantic_explanation_validation_v1/03_execution/raw_rpc/001049_FATHOM_FH2_FH2B_eth_sendTransaction.json,bb4376955efbdbb08f0872957e4aa1c1112077cc948d675bcb6bbe964d740baa,585
project/semantic_explanation_validation_v1/03_execution/raw_rpc/001050_FATHOM_FH2_FH2B_eth_getTransactionReceipt.json,7f63e1a7551813e0bde4de74c87fba78435a901baea206a543b87ff383d99894,1387
project/semantic_explanation_validation_v1/03_execution/raw_rpc/001051_FATHOM_FH2_FH2B_evm_setNextBlockTimestamp.json,e24d598a0a5e18a50b242aa3ad91d789d103162cfd5874caf2dbdddc35b4693f,229
project/semantic_explanation_validation_v1/03_execution/raw_rpc/001052_FATHOM_FH2_FH2B_eth_sendTransaction.json,c570bdd69581fede7094e72ce6a525bb3f3f3b5ec6a1b06ce197c39224096ce3,585
project/semantic_explanation_validation_v1/03_execution/raw_rpc/001053_FATHOM_FH2_FH2B_eth_getTransactionReceipt.json,8acb546ff772d1b840e60bfe56a2090927d0601b623f3d10639dab8632fbff83,1387
project/semantic_explanation_validation_v1/03_execution/raw_rpc/001054_FATHOM_FH2_FH2B_evm_setNextBlockTimestamp.json,476e750c465785306390795a841a18f6542999a77a2872198ea9cb0d8ec6f690,229
project/semantic_explanation_validation_v1/03_execution/raw_rpc/001055_FATHOM_FH2_FH2B_eth_sendTransaction.json,96d11f81e9b5ac3b4e9becd711541d866ce6d94d9a789e1f0e044304ca04cf4d,585
project/semantic_explanation_validation_v1/03_execution/raw_rpc/001056_FATHOM_FH2_FH2B_eth_getTransactionReceipt.json,262d6222fecefc239264e28bb4e3ca601f096370d999776f73db9ec75c02a5fd,1387
project/semantic_explanation_validation_v1/03_execution/raw_rpc/001057_FATHOM_FH2_FH2B_evm_setNextBlockTimestamp.json,1436a4478f8d27c1ba2e1b4ab999a53bcbf2f7394128984d732b950de7e2a6ca,229
project/semantic_explanation_validation_v1/03_execution/raw_rpc/001058_FATHOM_FH2_FH2B_eth_sendTransaction.json,61b30a67a7a0ae5f70b6858376678e71adb5d1dbf75a13146ee7bbe5caf3c259,585
project/semantic_explanation_validation_v1/03_execution/raw_rpc/001059_FATHOM_FH2_FH2B_eth_getTransactionReceipt.json,f5be971dff62293a74d28daf10ed045e88904adb2bbc76f2c072a0cbd54fa311,1387
project/semantic_explanation_validation_v1/03_execution/raw_rpc/001060_FATHOM_FH2_FH2B_evm_setNextBlockTimestamp.json,4f5343147cba9cb6cb26c2cc5d2f6384552a3a513ccc7c3dc535de53997f4a23,229
project/semantic_explanation_validation_v1/03_execution/raw_rpc/001061_FATHOM_FH2_FH2B_eth_sendTransaction.json,04188a5c9b04c99386d4a727b925e4c2fb9923269936ab749304afe44837c5fe,585
project/semantic_explanation_validation_v1/03_execution/raw_rpc/001062_FATHOM_FH2_FH2B_eth_getTransactionReceipt.json,59adfcfa5157b3fc50c84e2b74041fd818daa921a87748a2fb3ddfda340596b0,1387
project/semantic_explanation_validation_v1/03_execution/raw_rpc/001063_FATHOM_FH2_FH2B_evm_setNextBlockTimestamp.json,63991f1b454b531c2268476521fc5f1f1447aea6ff8097b15086dfe75ce74644,229
project/semantic_explanation_validation_v1/03_execution/raw_rpc/001064_FATHOM_FH2_FH2B_eth_sendTransaction.json,305ee4ab6b8b73a8c63823d91868de9465ac159799d37d165c261da9e29d7087,585
project/semantic_explanation_validation_v1/03_execution/raw_rpc/001065_FATHOM_FH2_FH2B_eth_getTransactionReceipt.json,1cfc78789e0a045dab9c8b8fb79f219462fd6f572ad0296b1becb0243ac310d5,1387
project/semantic_explanation_validation_v1/03_execution/raw_rpc/001066_FATHOM_FH2_FH2B_evm_setNextBlockTimestamp.json,0d162e423c312b9f7be418b9c2c1641922fa2bf1e2f3abae203086d05e74dee4,229
project/semantic_explanation_validation_v1/03_execution/raw_rpc/001067_FATHOM_FH2_FH2B_eth_sendTransaction.json,f94a283ddda082491da45bb8cbee2d8f20a9e9c3f464e66c6a5e46451d09f8dd,457
project/semantic_explanation_validation_v1/03_execution/raw_rpc/001068_FATHOM_FH2_FH2B_eth_getTransactionReceipt.json,ed9901985b44b9d98d49bb17d30ae2ece979f652d223a9eb163837c5886ceed8,1387
project/semantic_explanation_validation_v1/03_execution/raw_rpc/001069_FATHOM_FH2_FH2B_eth_call.json,940d7d0097aad091af63b7347dba6aee96158ce442a807654153442b5a392eea,500
project/semantic_explanation_validation_v1/03_execution/raw_rpc/001070_FATHOM_FH2_FH2B_eth_call.json,bcaf53df14deeb21af3d4d563020b774f6134d149858dfb9f44a954427e069ac,372
project/semantic_explanation_validation_v1/03_execution/raw_rpc/001071_FATHOM_FH2_FH2B_eth_call.json,b3e0237e7101e7764774ae86a1336c1629e38eb281d6d08a181a18cde2a6ca13,500
project/semantic_explanation_validation_v1/03_execution/raw_rpc/001072_FATHOM_FH2_FH2B_evm_setNextBlockTimestamp.json,452be2e0331787c5836d88ade15e83de86db2351495c425e1e17db0309a9867a,229
project/semantic_explanation_validation_v1/03_execution/raw_rpc/001073_FATHOM_FH2_FH2B_eth_sendTransaction.json,09e347fdd19dcac84f075447ffd56fc0a1e6884db14697b473978bac8d32b84f,498
project/semantic_explanation_validation_v1/03_execution/raw_rpc/001074_FATHOM_FH2_FH2B_eth_sendTransaction.json,0414e2f882d958639ea3911b2430f5b17ab7488350e0185a9a3ed69a8c1cfb23,585
project/semantic_explanation_validation_v1/03_execution/raw_rpc/001075_FATHOM_FH2_FH2B_eth_getTransactionReceipt.json,e8a0541ecc8c127b902dbc3c7ebf4a0d16aa4d3a6775e79ae410d5c3ae0b4a51,2170
project/semantic_explanation_validation_v1/03_execution/raw_rpc/001076_FATHOM_FH2_FH2B_eth_sendTransaction.json,8b808d19e13daced5fb0ae603a614e19dd1b9b2a5bfc71f60b9929891c297603,777
project/semantic_explanation_validation_v1/03_execution/raw_rpc/001077_FATHOM_FH2_FH2B_eth_getTransactionReceipt.json,74b0f3172ad862fae03b5cf87fd1150a1d3744c1958ed3f71007c28cf3e8aa16,3822
project/semantic_explanation_validation_v1/03_execution/raw_rpc/001078_FATHOM_FH2_FH2B_evm_setNextBlockTimestamp.json,5b6ad0e86cd034cfc65ef45bb1c7361ea852227317cd3ee99853f1bc2c65f697,229
project/semantic_explanation_validation_v1/03_execution/raw_rpc/001079_FATHOM_FH2_FH2B_eth_sendTransaction.json,7ef8d25cc427099f2fa248b54704a25469f222dcce7f82941da7e2a601aa68cf,585
project/semantic_explanation_validation_v1/03_execution/raw_rpc/001080_FATHOM_FH2_FH2B_eth_getTransactionReceipt.json,582bf7199e3fdbb491de3225619c10197a77ad234a547cc1a1f8f6b0204cf745,1387
project/semantic_explanation_validation_v1/03_execution/raw_rpc/001081_FATHOM_FH2_FH2B_evm_setNextBlockTimestamp.json,3cda3f633589c93de82229aa8b81c8ada9793a92ddb217117f0b590540c7231e,229
project/semantic_explanation_validation_v1/03_execution/raw_rpc/001082_FATHOM_FH2_FH2B_eth_sendTransaction.json,7b22c80f4e59d6202e6f7443fcdff8d67e39ea5c7259d2f7d234153df28280bd,585
project/semantic_explanation_validation_v1/03_execution/raw_rpc/001083_FATHOM_FH2_FH2B_eth_getTransactionReceipt.json,439cf2446b25aae4d07671ed1ef299a6d90684e0a6d7b96e303d8269e0a9fcea,1387
project/semantic_explanation_validation_v1/03_execution/raw_rpc/001084_FATHOM_FH2_FH2B_evm_setNextBlockTimestamp.json,1e50597adcdd8e1f5a2cbad6490c83b76bae13509f9e69b13d0ae32d6e90216f,229
project/semantic_explanation_validation_v1/03_execution/raw_rpc/001085_FATHOM_FH2_FH2B_eth_sendTransaction.json,59c287ebea42691ee30c3f9e586a2c750a957cf066d1f295cb0ea7b9c2a80ce9,585
project/semantic_explanation_validation_v1/03_execution/raw_rpc/001086_FATHOM_FH2_FH2B_eth_getTransactionReceipt.json,a89a7c7eb194c502edd2b9736d523f981b5057d6d5e08b234b0507b183450689,1387
project/semantic_explanation_validation_v1/03_execution/raw_rpc/001087_FATHOM_FH2_FH2B_evm_setNextBlockTimestamp.json,ebf4598e6efc1239f9506dcbe407d68a2e2263d94371f2ad8c6feb96c6b40c5d,229
project/semantic_explanation_validation_v1/03_execution/raw_rpc/001088_FATHOM_FH2_FH2B_eth_sendTransaction.json,29b1e31f67763e045c51b639cda4794d82c92435e6c1f652278df3a8e884345d,585
project/semantic_explanation_validation_v1/03_execution/raw_rpc/001089_FATHOM_FH2_FH2B_eth_getTransactionReceipt.json,7da4178ff38fa7f7619715a22a81491fe57edcb278d7815dcc8dd98ef3a1fb9c,1387
project/semantic_explanation_validation_v1/03_execution/raw_rpc/001090_FATHOM_FH2_FH2B_evm_setNextBlockTimestamp.json,548d83345e3f006a9389a418bcc217c7a440a5491442f4daac2841d910db423a,229
project/semantic_explanation_validation_v1/03_execution/raw_rpc/001091_FATHOM_FH2_FH2B_eth_sendTransaction.json,d4231a892f2c24d8e5de31eada0c727cc1fa796011eee5058e13315284d91dc9,585
project/semantic_explanation_validation_v1/03_execution/raw_rpc/001092_FATHOM_FH2_FH2B_eth_getTransactionReceipt.json,ee4d56e0c7cdc2c80c4e3c3f545bc7ba15b8b2321e322215afd27c666f6730e2,1387
project/semantic_explanation_validation_v1/03_execution/raw_rpc/001093_FATHOM_FH2_FH2B_evm_setNextBlockTimestamp.json,3717436746a966e4ec01ad346229285a8a4e8e9285338d90f289efec81cb0f7f,229
project/semantic_explanation_validation_v1/03_execution/raw_rpc/001094_FATHOM_FH2_FH2B_eth_sendTransaction.json,7b24068a5216fa5fed7df557fb705d8185557cfff46805eab5d862750080e4e1,585
project/semantic_explanation_validation_v1/03_execution/raw_rpc/001095_FATHOM_FH2_FH2B_eth_getTransactionReceipt.json,8f63c8ac63b84034479fb33b834637f55c65d9c7017248f4ba044a96c3627a1c,1387
project/semantic_explanation_validation_v1/03_execution/raw_rpc/001096_FATHOM_FH2_FH2B_evm_setNextBlockTimestamp.json,81dde6522cf013f5c3d77483ada3ce6107c5ebe185beb38d8ffc4a17afa44763,229
project/semantic_explanation_validation_v1/03_execution/raw_rpc/001097_FATHOM_FH2_FH2B_eth_sendTransaction.json,147fb7be78baf393db360494a49ceb04e048442fa6beb1b09a43c052afda5e25,585
project/semantic_explanation_validation_v1/03_execution/raw_rpc/001098_FATHOM_FH2_FH2B_eth_getTransactionReceipt.json,45705837a697e70338ebdddbf4fc6250ff27572fafa89da28865808d0a06717f,1387
project/semantic_explanation_validation_v1/03_execution/raw_rpc/001099_FATHOM_FH2_FH2B_evm_setNextBlockTimestamp.json,cf9cfd13ba19c38d342b26f9f10b1c42eee45f97dcc3fca0cc911ed30ad219e1,229
project/semantic_explanation_validation_v1/03_execution/raw_rpc/001100_FATHOM_FH2_FH2B_eth_sendTransaction.json,ee48e19f9ac9b2c7bc01092cc336d81d6f32a5b8aa61198a72a52d3e4e81ae89,585
project/semantic_explanation_validation_v1/03_execution/raw_rpc/001101_FATHOM_FH2_FH2B_eth_getTransactionReceipt.json,8b81e3b94504cf34727778a328384c303fc0131feb0a0337e73ab52d18830b1e,1387
project/semantic_explanation_validation_v1/03_execution/raw_rpc/001102_FATHOM_FH2_FH2B_evm_setNextBlockTimestamp.json,61ffdeb71351f9af09fe92b945126637479cf3dbe8b2ce261d7b40a0984a9f3d,229
project/semantic_explanation_validation_v1/03_execution/raw_rpc/001103_FATHOM_FH2_FH2B_eth_sendTransaction.json,0062fe274b6c320271fc16ae1c7be8e48918e9507d49f8186164dc6e870c9f8e,585
project/semantic_explanation_validation_v1/03_execution/raw_rpc/001104_FATHOM_FH2_FH2B_eth_getTransactionReceipt.json,78a0c3e38150e31e754d0ea21cbb096e9284276e4f6f876863377e4ba2ee3eac,1387
project/semantic_explanation_validation_v1/03_execution/raw_rpc/001105_FATHOM_FH2_FH2B_evm_setNextBlockTimestamp.json,f5fda2a75fa99aae9c10749e14c840f7d9acdb396743fd6c1a69a891d241278a,229
project/semantic_explanation_validation_v1/03_execution/raw_rpc/001106_FATHOM_FH2_FH2B_eth_sendTransaction.json,30c4406119cc2eacb2f2fb63b1da87367907e7215924f06604e6786b2b81525d,585
project/semantic_explanation_validation_v1/03_execution/raw_rpc/001107_FATHOM_FH2_FH2B_eth_getTransactionReceipt.json,9f0976bc82cf5d958e92cf84228a5f60cd0171fb2cba0907d073be84d3cfcba1,1387
project/semantic_explanation_validation_v1/03_execution/raw_rpc/001108_FATHOM_FH2_FH2B_evm_setNextBlockTimestamp.json,65fbda1093722babb6f7e7ba735caa8a323a098248ccd5ca8ea0920d7ef04d40,229
project/semantic_explanation_validation_v1/03_execution/raw_rpc/001109_FATHOM_FH2_FH2B_eth_sendTransaction.json,b5546f9a42e0a840b1c4bcb84ccb62f8fb9bcec913f382fe9d58437352b054c0,585
project/semantic_explanation_validation_v1/03_execution/raw_rpc/001110_FATHOM_FH2_FH2B_eth_getTransactionReceipt.json,cf656c75f2b3ae0c256be20d645f006815ea60fff8ae117e290e01008d906f89,1387
project/semantic_explanation_validation_v1/03_execution/raw_rpc/001111_FATHOM_FH2_FH2B_evm_setNextBlockTimestamp.json,65ba856503e100250d468ad407db83e8e6aaefec0d6efa4d4323cb37d7d09bc8,229
project/semantic_explanation_validation_v1/03_execution/raw_rpc/001112_FATHOM_FH2_FH2B_eth_sendTransaction.json,47f171e21a63c578f3a6f63d1ba5e2701f7e0dd8dca5a45d50b49257c8e9fac9,585
project/semantic_explanation_validation_v1/03_execution/raw_rpc/001113_FATHOM_FH2_FH2B_eth_getTransactionReceipt.json,f3508725e1dc2bfd967ea87d98df5b8ec1fad9a83a750243ad44c37f96bfa934,1387
project/semantic_explanation_validation_v1/03_execution/raw_rpc/001114_FATHOM_FH2_FH2B_evm_setNextBlockTimestamp.json,594ca706418a484cb52f6db8d94377be2f039696bc12bd5831050202fb07f2e7,229
project/semantic_explanation_validation_v1/03_execution/raw_rpc/001115_FATHOM_FH2_FH2B_eth_sendTransaction.json,74af4fb822f8c8800331b866a2dcd577961a20874449bfbffd2925b1fd2733a7,585
project/semantic_explanation_validation_v1/03_execution/raw_rpc/001116_FATHOM_FH2_FH2B_eth_getTransactionReceipt.json,6e52683008fdcef0dc5e0047f9e9ac1e389251642a71312071ef2a2e0b732ffa,1387
project/semantic_explanation_validation_v1/03_execution/raw_rpc/001117_FATHOM_FH2_FH2B_evm_setNextBlockTimestamp.json,2d6ec77e2b2b812f2ae7c106d2c17a5d6e7063a3be8e492b33272fa8b094cf75,229
project/semantic_explanation_validation_v1/03_execution/raw_rpc/001118_FATHOM_FH2_FH2B_eth_sendTransaction.json,b94166f5d764d61e64b0fcebd827bc2f5af52b1e34d23b1df1e46f7ce3424dae,585
project/semantic_explanation_validation_v1/03_execution/raw_rpc/001119_FATHOM_FH2_FH2B_eth_getTransactionReceipt.json,cfb6cbb1d8b59bdd4757d2f65d035c3bab72640913019a6b6cc0e94fd98d1600,1387
project/semantic_explanation_validation_v1/03_execution/raw_rpc/001120_FATHOM_FH2_FH2B_evm_setNextBlockTimestamp.json,ffbe59ba239f15b4d61abab97ab9f9d0585c16279bf5af82de69473646881dac,229
project/semantic_explanation_validation_v1/03_execution/raw_rpc/001121_FATHOM_FH2_FH2B_eth_sendTransaction.json,faa489cb21478ebc8c87434d69f0faa76df6dcbb2162a207bb944b8d6abf9944,585
project/semantic_explanation_validation_v1/03_execution/raw_rpc/001122_FATHOM_FH2_FH2B_eth_getTransactionReceipt.json,0701c1d7447f30fe5e895484b72711a203dd9efd2587e6ab0499e5bb940b61b2,1387
project/semantic_explanation_validation_v1/03_execution/raw_rpc/001123_FATHOM_FH2_FH2B_evm_setNextBlockTimestamp.json,1eaee51ffbf2e0d83b5b4e916e06a260d5e62757c6e5248a896334ac188d7654,229
project/semantic_explanation_validation_v1/03_execution/raw_rpc/001124_FATHOM_FH2_FH2B_eth_sendTransaction.json,c9a52eb6709e5b91fa911f52575d02f8bac372711655410c32f8975721ecf991,457
project/semantic_explanation_validation_v1/03_execution/raw_rpc/001125_FATHOM_FH2_FH2B_eth_getTransactionReceipt.json,fea52f2c734037cd1537cc7f72ca665389c232868bd051b19b8a89d4f6e224fb,1387
project/semantic_explanation_validation_v1/03_execution/raw_rpc/001126_FATHOM_FH2_FH2B_evm_setNextBlockTimestamp.json,c705153718077ea8bdd9c5cf600bf988d046b421da9f075933a0fbd5a9fe91ee,229
project/semantic_explanation_validation_v1/03_execution/raw_rpc/001127_FATHOM_FH2_FH2B_eth_sendTransaction.json,a4b644c28764153f216a7ae4ae77063cd9e980198e23ec96d87c4fda3c76b710,585
project/semantic_explanation_validation_v1/03_execution/raw_rpc/001128_FATHOM_FH2_FH2B_eth_getTransactionReceipt.json,6f1b790d5d2b0aa5b15579ce76a69799092814444cdfb5bb216dba0cb5a49710,1387
project/semantic_explanation_validation_v1/03_execution/raw_rpc/001129_FATHOM_FH2_FH2B_evm_setNextBlockTimestamp.json,f9cf9910547186ec4a5a0bce74364a0b584da1dcc725f4cd2f8072102489ef6d,229
project/semantic_explanation_validation_v1/03_execution/raw_rpc/001130_FATHOM_FH2_FH2B_eth_sendTransaction.json,4511def29210323b7fc7e9a545c7a60bccdf8560e14da6fce27c3aaac361926a,585
project/semantic_explanation_validation_v1/03_execution/raw_rpc/001131_FATHOM_FH2_FH2B_eth_getTransactionReceipt.json,9a4e81d963cde019b496ebe3cbeb3852fe30f481ff3716a4de191e3606d1e298,1387
project/semantic_explanation_validation_v1/03_execution/raw_rpc/001132_FATHOM_FH2_FH2B_evm_setNextBlockTimestamp.json,f193e515c639917fbff2292c5634b36a71843c270d13e9de59b55e836ecd40bc,229
project/semantic_explanation_validation_v1/03_execution/raw_rpc/001133_FATHOM_FH2_FH2B_eth_sendTransaction.json,94e9cd1b2299c709c5f3524e025b97829225c7213a260e5061c1f5ac8cfc796e,585
project/semantic_explanation_validation_v1/03_execution/raw_rpc/001134_FATHOM_FH2_FH2B_eth_getTransactionReceipt.json,b23490b6ea069b501c846d7102201086d621038bca99a128898d732b67ac1c7b,1387
project/semantic_explanation_validation_v1/03_execution/raw_rpc/001135_FATHOM_FH2_FH2B_evm_setNextBlockTimestamp.json,42a101a14e7a56106ed5ca8b0240c47f0f4541a970404463cd4e329549477714,229
project/semantic_explanation_validation_v1/03_execution/raw_rpc/001136_FATHOM_FH2_FH2B_eth_sendTransaction.json,fae9abc2ec7c6414ff633e9a00dd4f9bb8a69caac407681adf1fd92a1f318834,585
project/semantic_explanation_validation_v1/03_execution/raw_rpc/001137_FATHOM_FH2_FH2B_eth_getTransactionReceipt.json,1502a8221432685b27396c9aec992d9acdbc96c9a393d90fed219a9ff94dac73,1387
project/semantic_explanation_validation_v1/03_execution/raw_rpc/001138_FATHOM_FH2_FH2B_evm_setNextBlockTimestamp.json,1fc20fd566810e8ac341a05b9536b468905fd7b20104cd5ed4c77e9188a59cbf,229
project/semantic_explanation_validation_v1/03_execution/raw_rpc/001139_FATHOM_FH2_FH2B_eth_sendTransaction.json,af0f6f1507a9ba524761c2b8ac31db8fdbe29142aa01ccd05e77df58bb703cf8,585
project/semantic_explanation_validation_v1/03_execution/raw_rpc/001140_FATHOM_FH2_FH2B_eth_getTransactionReceipt.json,5c2d82daa1ce9955db528135fb9465c0e76be565f40685354d3658f838ba9708,1387
project/semantic_explanation_validation_v1/03_execution/raw_rpc/001141_FATHOM_FH2_FH2B_evm_setNextBlockTimestamp.json,fc6a92b55e751d4c46094f118b02250f9ba30057c272866495eb74d51060632f,229
project/semantic_explanation_validation_v1/03_execution/raw_rpc/001142_FATHOM_FH2_FH2B_eth_sendTransaction.json,3379ad9be0d50ad6d47eeffd755f7c445bfa80a1365e47bc149b94df0a3e366a,585
project/semantic_explanation_validation_v1/03_execution/raw_rpc/001143_FATHOM_FH2_FH2B_eth_getTransactionReceipt.json,4174b9d82e75303b48763e9cc66f7ed525ab2e914e1a7791d1aab902315cf2c9,1387
project/semantic_explanation_validation_v1/03_execution/raw_rpc/001144_FATHOM_FH2_FH2B_evm_setNextBlockTimestamp.json,d772d0601ce7d9177a81d47fd69d2e73ed563eee2911c22786f75fdd1980431e,229
project/semantic_explanation_validation_v1/03_execution/raw_rpc/001145_FATHOM_FH2_FH2B_eth_sendTransaction.json,6628dc0aec2d3c14815dfaf3b72db41d28669f892b838a170261f11eea0204eb,585
project/semantic_explanation_validation_v1/03_execution/raw_rpc/001146_FATHOM_FH2_FH2B_eth_getTransactionReceipt.json,3fb7fdf826951358797063a374b949f88af71d6b114204d8a9a5a311baf38061,1387
project/semantic_explanation_validation_v1/03_execution/raw_rpc/001147_FATHOM_FH2_FH2B_evm_setNextBlockTimestamp.json,cfd277c384e93d8b47446fa2aca5ac5034e72a1fa24bdca505a3dffde33d8767,229
project/semantic_explanation_validation_v1/03_execution/raw_rpc/001148_FATHOM_FH2_FH2B_eth_sendTransaction.json,281fb60a14c1b01dcc163267a984cd9a2d40949ca17bb84a83fb2fb0c2b7a429,585
project/semantic_explanation_validation_v1/03_execution/raw_rpc/001149_FATHOM_FH2_FH2B_eth_getTransactionReceipt.json,29fab2808accd334253dc5e1d529b86fc85ea429fc358550ed167be633d98cf8,1387
project/semantic_explanation_validation_v1/03_execution/raw_rpc/001150_FATHOM_FH2_FH2B_evm_setNextBlockTimestamp.json,eb4cff83ab5c870ff42c6fdcf5e5d578cfa52ad2d1432d5381b7f3a85db2cd65,229
project/semantic_explanation_validation_v1/03_execution/raw_rpc/001151_FATHOM_FH2_FH2B_eth_sendTransaction.json,6a8de7bb619fc357102e105a507d8899091cc84fac0be42d17d3856533b5f02d,585
project/semantic_explanation_validation_v1/03_execution/raw_rpc/001152_FATHOM_FH2_FH2B_eth_getTransactionReceipt.json,98e22a2a09b16a4b76a2f1f3982cf047c05279cb85394dc3e8fede4dff307fbe,1387
project/semantic_explanation_validation_v1/03_execution/raw_rpc/001153_FATHOM_FH2_FH2B_evm_setNextBlockTimestamp.json,9862bd3e5f359c074479cd00f8a7506f0610bc76563516a8cc77964edd9070cf,229
project/semantic_explanation_validation_v1/03_execution/raw_rpc/001154_FATHOM_FH2_FH2B_eth_sendTransaction.json,7836c9809f32e373f6b2838e0c08d35ef8d126c2f110056621288939f1fcf485,585
project/semantic_explanation_validation_v1/03_execution/raw_rpc/001155_FATHOM_FH2_FH2B_eth_getTransactionReceipt.json,0d68d916e68037445dd56025a363b7e8bc53eceb5598be5160cf335992ff9d3c,1387
project/semantic_explanation_validation_v1/03_execution/raw_rpc/001156_FATHOM_FH2_FH2B_evm_setNextBlockTimestamp.json,45f46e4b9bebfbd826bb14cc861b8f272b13885a7b62a2d80d6fc4f785ebd02b,229
project/semantic_explanation_validation_v1/03_execution/raw_rpc/001157_FATHOM_FH2_FH2B_eth_sendTransaction.json,885fb87035dd9212e04b331153a14fe335c0c39b34a2baae236122e772e2a870,585
project/semantic_explanation_validation_v1/03_execution/raw_rpc/001158_FATHOM_FH2_FH2B_eth_getTransactionReceipt.json,b145e86b5aa9688f2916e136f0786951c6e7d91c287b08bb2375b08e2d65a968,1387
project/semantic_explanation_validation_v1/03_execution/raw_rpc/001159_FATHOM_FH2_FH2B_evm_setNextBlockTimestamp.json,fd64006035fa8ea30a448ec464f894ac7db2a7be9889e31f9b1d38e167afa15a,229
project/semantic_explanation_validation_v1/03_execution/raw_rpc/001160_FATHOM_FH2_FH2B_eth_sendTransaction.json,986b48c1d107b07cb12dc8adb1ca703253e2debc48a464f0161079cf0eaf8dc0,585
project/semantic_explanation_validation_v1/03_execution/raw_rpc/001161_FATHOM_FH2_FH2B_eth_getTransactionReceipt.json,f2d108392ae4d53dcad89a8c007147f17785c485ef51d3bedf0cb55311e4a890,1387
project/semantic_explanation_validation_v1/03_execution/raw_rpc/001162_FATHOM_FH2_FH2B_evm_setNextBlockTimestamp.json,d14eb92cc4c6d3adb808b3bdb619d4e845d86512b17bb387c3a7ab2ce7817837,229
project/semantic_explanation_validation_v1/03_execution/raw_rpc/001163_FATHOM_FH2_FH2B_eth_sendTransaction.json,dcfcbff69c8fac1a6ffb5e4e9369c27195e91319ee6de44e27ad4c3f2de067ed,585
project/semantic_explanation_validation_v1/03_execution/raw_rpc/001164_FATHOM_FH2_FH2B_eth_getTransactionReceipt.json,fb70018dd14b886cdb6e0fa0fca7c3760e4388e04a6fa76ba7857973d99a8f14,1387
project/semantic_explanation_validation_v1/03_execution/raw_rpc/001165_FATHOM_FH2_FH2B_evm_setNextBlockTimestamp.json,aaf340d04e22c082d0d6c9121a998b3669546984b9f44106a72568cb9226b058,229
project/semantic_explanation_validation_v1/03_execution/raw_rpc/001166_FATHOM_FH2_FH2B_eth_sendTransaction.json,75b244c363edee14e65738e78a849d7e9c0e5065ef069cf6782cf1f7f98b8b29,585
project/semantic_explanation_validation_v1/03_execution/raw_rpc/001167_FATHOM_FH2_FH2B_eth_getTransactionReceipt.json,cf14cb5562435946e2671a848b024621c0c6ed4bfa360ff45dd550e7c0adebbd,1387
project/semantic_explanation_validation_v1/03_execution/raw_rpc/001168_FATHOM_FH2_FH2B_evm_setNextBlockTimestamp.json,f79d6520e8e1940babc6bf9b9d697ecefcca44b370625ca57ad0ea1d74da5805,229
project/semantic_explanation_validation_v1/03_execution/raw_rpc/001169_FATHOM_FH2_FH2B_eth_sendTransaction.json,64c7304d403ef8aa3317c15784762c4c9568e2860ecb55e43607b9a982cc8927,585
project/semantic_explanation_validation_v1/03_execution/raw_rpc/001170_FATHOM_FH2_FH2B_eth_getTransactionReceipt.json,977aacd4acc555625700e859527d4c59861fe7af815d1e4591f6a4d1d2da1e84,1387
project/semantic_explanation_validation_v1/03_execution/raw_rpc/001171_FATHOM_FH2_FH2B_evm_setNextBlockTimestamp.json,ee1efb18ef0bdfff98107554325ba4b17ad4f6060df8f27216912e4f8e5714dd,229
project/semantic_explanation_validation_v1/03_execution/raw_rpc/001172_FATHOM_FH2_FH2B_eth_call.json,c2804328424188fda1deefe42cf08fa620dd8fbfd6c511232689205d82a43b61,436
project/semantic_explanation_validation_v1/03_execution/raw_rpc/001173_FATHOM_FH2_FH2B_eth_call.json,4d86815d3b86fffac6c097c40143577b53802d79e8a4778795d30bac6f501eac,436
project/semantic_explanation_validation_v1/03_execution/raw_rpc/001174_FATHOM_FH2_FH2B_eth_call.json,8dd6379b006e2d12bbfc0bf86d0542a0c4677cdcc7ea55a137f5988abf7f5a65,372
project/semantic_explanation_validation_v1/03_execution/raw_rpc/001175_FATHOM_FH2_FH2B_eth_call.json,dcaa3c0511876afefc8382c93ef2be8eb29edd67b67711ac768b68855e7ea3c6,372
project/semantic_explanation_validation_v1/03_execution/raw_rpc/001176_FATHOM_FH2_FH2B_eth_call.json,4cd278dbeccda8b05e34d436b2591178b49af8c11dff2f61be32344c098842bb,372
project/semantic_explanation_validation_v1/03_execution/raw_rpc/001177_FATHOM_FH2_FH2B_eth_call.json,ebb922c0377dfea4e41504d5cbb79739550fd48878e488e8eeb82bfce7c62d3e,372
project/semantic_explanation_validation_v1/03_execution/raw_rpc/001178_FATHOM_FH2_FH2B_eth_call.json,cf557d6054ea6de19747c57f1b8ae278caea4c04429ec458db06d6d80f4b5550,372
project/semantic_explanation_validation_v1/03_execution/raw_rpc/001179_FATHOM_FH2_FH2B_eth_call.json,ad1d34d86e7d5b595e62d884e9233d743b0aaef191d0461abdab02819abebc71,372
project/semantic_explanation_validation_v1/03_execution/raw_rpc/001180_FATHOM_FH2_FH2B_eth_sendTransaction.json,c46cb499a92c7e7fdfb993078877c960ffc7c3bee9ffa0e8d3dfe2a6df847323,457
project/semantic_explanation_validation_v1/03_execution/raw_rpc/001181_FATHOM_FH2_FH2B_eth_getTransactionReceipt.json,27489d417ef536916787d52d49934f59bf13d5aeca478ff041dd0ec2a507d343,1387
project/semantic_explanation_validation_v1/03_execution/raw_rpc/001182_FATHOM_FH2_FH2B_debug_traceTransaction.json.gz,b97b785fa001b72fa6f2ea65d03fe319a0e48ca0959d284e6e410631cf95643d,140338
project/semantic_explanation_validation_v1/03_execution/raw_rpc/001183_FATHOM_FH2_FH2B_eth_call.json,5ddd4481286eadb8b9bbd5bda12d7ce66dc4a1132d9e1d5ebc02bcc434321818,436
project/semantic_explanation_validation_v1/03_execution/raw_rpc/001184_FATHOM_FH2_FH2B_eth_call.json,5226a1c68b8ef4a615a599b690680565a7358d872e255df09fcf41ef7d5e6064,436
project/semantic_explanation_validation_v1/03_execution/raw_rpc/001185_FATHOM_FH2_FH2B_eth_call.json,e96ed1b5a3d10430212f125f746f1f10f98c425b72a834e1b314f28cd2859444,372
project/semantic_explanation_validation_v1/03_execution/raw_rpc/001186_FATHOM_FH2_FH2B_eth_call.json,f486feace42a037e98069626a9c9f91df6530da1bf78324217f9b4be598529c2,372
project/semantic_explanation_validation_v1/03_execution/raw_rpc/001187_FATHOM_FH2_FH2B_eth_call.json,66b175ae2288f3ad61c08b7ba34190950dc175e9954bb3babb305b60e32058ec,372
project/semantic_explanation_validation_v1/03_execution/raw_rpc/001188_FATHOM_FH2_FH2B_eth_call.json,0cda7ee2b75f808483c45ac4f64f67eaa1f51faee84745b095c17328c38b9608,372
project/semantic_explanation_validation_v1/03_execution/raw_rpc/001189_FATHOM_FH2_FH2B_eth_call.json,8199d61d14cbcf331b7cb075917f63ec8a6e78084be4ea2ffb072917b8c74d4a,372
project/semantic_explanation_validation_v1/03_execution/raw_rpc/001190_FATHOM_FH2_FH2B_eth_call.json,d0a90d86ff4a06a36dcb0a93fe06f3a9bc25bca7658b8e576c8c0fa3560847ca,372
project/semantic_explanation_validation_v1/03_execution/raw_rpc/001191_FATHOM_FH3_FH3A_hardhat_reset.json,0e699ad8ba69110866f81c9fab78c2769e7e9cdf3e752463d82336f55d992f83,324
project/semantic_explanation_validation_v1/03_execution/raw_rpc/001192_FATHOM_FH3_FH3A_eth_getBlockByNumber.json,257700eac064319f9fe56be3fad820aa655355c1368a4ae531552355c8cac8ff,12120
project/semantic_explanation_validation_v1/03_execution/raw_rpc/001193_FATHOM_FH3_FH3A_hardhat_impersonateAccount.json,89b06036b8224d3325dbea2525debf5da64bf49b75ac5858bbf7e09f0f909760,256
project/semantic_explanation_validation_v1/03_execution/raw_rpc/001194_FATHOM_FH3_FH3A_hardhat_setBalance.json,6e3866774c59757f7fe6b7c7e957094b9d0b54416f0e1a7779a3621522bbb9bb,279
project/semantic_explanation_validation_v1/03_execution/raw_rpc/001195_FATHOM_FH3_FH3A_evm_setNextBlockTimestamp.json,afe1749deb4f923bd5bf98dc6003e15f6932487ee1262f7d7506191a38007b01,229
project/semantic_explanation_validation_v1/03_execution/raw_rpc/001196_FATHOM_FH3_FH3A_eth_sendTransaction.json,54380b74d0cf38da3764ba0fc6e2303f697f2d9cc4bd4817c77405413d351a7f,585
project/semantic_explanation_validation_v1/03_execution/raw_rpc/001197_FATHOM_FH3_FH3A_eth_getTransactionReceipt.json,6723557536197026f2e195c43b6588fa28b921004c449fcc444d270884e9cd15,1388
project/semantic_explanation_validation_v1/03_execution/raw_rpc/001198_FATHOM_FH3_FH3A_evm_setNextBlockTimestamp.json,b0d9aa86324e38c540bc1bec8c5b0a762dd385be00c259c7386263e3f39dbf14,229
project/semantic_explanation_validation_v1/03_execution/raw_rpc/001199_FATHOM_FH3_FH3A_eth_sendTransaction.json,07b2f9618ad3192fc5fe3ac42d5bd8cb44c758382812e93c9458b40e20c1a485,585
project/semantic_explanation_validation_v1/03_execution/raw_rpc/001200_FATHOM_FH3_FH3A_eth_getTransactionReceipt.json,d387dbbb6722010a60a35c8bcf7c98d0c5eb257843dd037f7e799ac3d864a1a8,1388
project/semantic_explanation_validation_v1/03_execution/raw_rpc/001201_FATHOM_FH3_FH3A_evm_setNextBlockTimestamp.json,13f439a0d3cb1ec6ff469970bc8142fdb465f8ac22d6d821db4ad40b0665536b,229
project/semantic_explanation_validation_v1/03_execution/raw_rpc/001202_FATHOM_FH3_FH3A_eth_sendTransaction.json,9cfcabf9a10038bd55550449a49db321a47ab6c49f60508734e4b82ae60db11e,585
project/semantic_explanation_validation_v1/03_execution/raw_rpc/001203_FATHOM_FH3_FH3A_eth_getTransactionReceipt.json,386a8a338797648a0a7f05bf9766fa5b21064f6a48cbd9c34a3625c2da068fc5,1388
project/semantic_explanation_validation_v1/03_execution/raw_rpc/001204_FATHOM_FH3_FH3A_evm_setNextBlockTimestamp.json,2001595a267ac02ba9709d1ba19ecb28b168060e80814e4b98fa6422643c14e1,229
project/semantic_explanation_validation_v1/03_execution/raw_rpc/001205_FATHOM_FH3_FH3A_eth_sendTransaction.json,2bc08296612b7197e1f0040c6533de057c8fec6069d067c24f76adb3ecf75384,585
project/semantic_explanation_validation_v1/03_execution/raw_rpc/001206_FATHOM_FH3_FH3A_eth_getTransactionReceipt.json,e5350a003a4ffa15ca0faf42f773ce05331d3a7478f4a939ece602c5aafaf432,1388
project/semantic_explanation_validation_v1/03_execution/raw_rpc/001207_FATHOM_FH3_FH3A_evm_setNextBlockTimestamp.json,cb3c40f04ca3c9c753b2df2a0320a158b612ecda94267a676095a660ec92177b,229
project/semantic_explanation_validation_v1/03_execution/raw_rpc/001208_FATHOM_FH3_FH3A_eth_sendTransaction.json,737d12982a0171e09c717dd019afb12de33ae796083b4b4635998b96db474b63,585
project/semantic_explanation_validation_v1/03_execution/raw_rpc/001209_FATHOM_FH3_FH3A_eth_getTransactionReceipt.json,9a7bb09e5238834e8282233724b055a220311756ba2809b5f1d246ebc2b186db,1388
project/semantic_explanation_validation_v1/03_execution/raw_rpc/001210_FATHOM_FH3_FH3A_evm_setNextBlockTimestamp.json,a81887c4ef2bee17977db05585dfba83038dea3773bf0ea2bc74e73bd9a15d3c,229
project/semantic_explanation_validation_v1/03_execution/raw_rpc/001211_FATHOM_FH3_FH3A_eth_sendTransaction.json,f8c1a84580a2f4f2ac57716c9e9b40d3ed2da03756dc341fe1512509a7658343,585
project/semantic_explanation_validation_v1/03_execution/raw_rpc/001212_FATHOM_FH3_FH3A_eth_getTransactionReceipt.json,ecb72e14a97eb01c4c079e270e46d1ee5bb5a0a92d0c166fae3997c90b85a9da,1388
project/semantic_explanation_validation_v1/03_execution/raw_rpc/001213_FATHOM_FH3_FH3A_evm_setNextBlockTimestamp.json,4b273f6394215e57fdec49cb2820a22b9ca3481bd0a49d0e5a9f43acc04adb81,229
project/semantic_explanation_validation_v1/03_execution/raw_rpc/001214_FATHOM_FH3_FH3A_eth_sendTransaction.json,e8036a99072aac02af7f73eb6bdac164da24a15cb51df42b33202b31f8e2cd9b,585
project/semantic_explanation_validation_v1/03_execution/raw_rpc/001215_FATHOM_FH3_FH3A_eth_getTransactionReceipt.json,a08632f6338311ab7fb3640ae9a5a74a17e1c38cbdd7140807a7d137061b681d,1388
project/semantic_explanation_validation_v1/03_execution/raw_rpc/001216_FATHOM_FH3_FH3A_evm_setNextBlockTimestamp.json,81df0fdb40a1d01e73be9893b6ff4acc1970cc37f03b5d779f39939fa2242bed,229
project/semantic_explanation_validation_v1/03_execution/raw_rpc/001217_FATHOM_FH3_FH3A_eth_sendTransaction.json,40d69b9b80153cf3966f6923e846a4238c1602e330af56fe3d2a3f3991cd57f2,585
project/semantic_explanation_validation_v1/03_execution/raw_rpc/001218_FATHOM_FH3_FH3A_eth_getTransactionReceipt.json,de24e9ec5a535fe85b2ff85acb1e3e446caea29c1e925b1b3ccf23cf7fff2909,1388
project/semantic_explanation_validation_v1/03_execution/raw_rpc/001219_FATHOM_FH3_FH3A_evm_setNextBlockTimestamp.json,aa8018f7867e1a274b2b9323acde37a10d86920e4f9e0e913649f65c7991c930,229
project/semantic_explanation_validation_v1/03_execution/raw_rpc/001220_FATHOM_FH3_FH3A_eth_sendTransaction.json,93c35ad819ae71c2fbcb3a0aaf4a5774cf3f18dde2ee8801ede30dec88eac36d,585
project/semantic_explanation_validation_v1/03_execution/raw_rpc/001221_FATHOM_FH3_FH3A_eth_getTransactionReceipt.json,dc9428d4d444ef33844b7d15e66d9c1af70f6638b9a81ad91316dee7651fca4c,1388
project/semantic_explanation_validation_v1/03_execution/raw_rpc/001222_FATHOM_FH3_FH3A_evm_setNextBlockTimestamp.json,67ab66dba30ab0d53fe7a16dfc73676cd14315da81c64c0c33779ca8076a6e55,229
project/semantic_explanation_validation_v1/03_execution/raw_rpc/001223_FATHOM_FH3_FH3A_eth_sendTransaction.json,a06f3dca7a4090656a3f574c5364592ea270181c64448dbe1c4b8c8404d31831,585
project/semantic_explanation_validation_v1/03_execution/raw_rpc/001224_FATHOM_FH3_FH3A_eth_getTransactionReceipt.json,c59ed38a38cc6812a8a4deeef7cbc58f984f8fa84d3b6ded455790a15a49f291,1388
project/semantic_explanation_validation_v1/03_execution/raw_rpc/001225_FATHOM_FH3_FH3A_evm_setNextBlockTimestamp.json,d5b764544bccc8dbd15d9ec0a14565c940e7a77de003331b706d130c26c5f05e,229
project/semantic_explanation_validation_v1/03_execution/raw_rpc/001226_FATHOM_FH3_FH3A_eth_sendTransaction.json,904390c1b0dc9fe43ef8922cd1c56e632f18f4daf60a90212523af12ff70d764,585
project/semantic_explanation_validation_v1/03_execution/raw_rpc/001227_FATHOM_FH3_FH3A_eth_getTransactionReceipt.json,59e375252803e265a9107adfab8ad460757ceaaef02fc5b2aef6c5e2b65fc2d2,1387
project/semantic_explanation_validation_v1/03_execution/raw_rpc/001228_FATHOM_FH3_FH3A_evm_setNextBlockTimestamp.json,5d4712086bc496a4a54b57ae3f1ebb01e4f0729c3f8673e30f2ad668e229d8bb,229
project/semantic_explanation_validation_v1/03_execution/raw_rpc/001229_FATHOM_FH3_FH3A_eth_sendTransaction.json,d91211b34426afafa0f0658c69532f55a20e4442393a0ed49387021c3adbe05f,585
project/semantic_explanation_validation_v1/03_execution/raw_rpc/001230_FATHOM_FH3_FH3A_eth_getTransactionReceipt.json,778cd77eadf8e95f4851d7a66ca8a9563aebbc1cec3c12aba312c62fdbee37fb,1387
project/semantic_explanation_validation_v1/03_execution/raw_rpc/001231_FATHOM_FH3_FH3A_evm_setNextBlockTimestamp.json,72c1c14c18a6f4580e801b6c9faada08a16bef68a14ad85875c102802547f30e,229
project/semantic_explanation_validation_v1/03_execution/raw_rpc/001232_FATHOM_FH3_FH3A_eth_sendTransaction.json,0979370900a7709a3949a6bae7a8fe45398c1d0a3518628640669977a71ed91e,585
project/semantic_explanation_validation_v1/03_execution/raw_rpc/001233_FATHOM_FH3_FH3A_eth_getTransactionReceipt.json,7414e46b5dfef8bba03a2cb610b900076691a79e17c5e0e113b351e9a3262ca2,1387
project/semantic_explanation_validation_v1/03_execution/raw_rpc/001234_FATHOM_FH3_FH3A_evm_setNextBlockTimestamp.json,6d8766e585ca7ee6ed7d759a51bfcebfed871c76489ba52c5f38dbab4b5e3da6,229
project/semantic_explanation_validation_v1/03_execution/raw_rpc/001235_FATHOM_FH3_FH3A_eth_sendTransaction.json,a044bfe945c8415194ea79d61ea1efdd2e3a44072a03d79b40889869b9127107,585
project/semantic_explanation_validation_v1/03_execution/raw_rpc/001236_FATHOM_FH3_FH3A_eth_getTransactionReceipt.json,a81c6de7316c8aed69ac5da450564cfc65bf44aa33bd1a85c11581d5d766e6bb,1387
project/semantic_explanation_validation_v1/03_execution/raw_rpc/001237_FATHOM_FH3_FH3A_evm_setNextBlockTimestamp.json,43ba280ff53cf3b868ce3ffdc56c525bdfb7bb3f60436cb8c6e57576d70745a8,229
project/semantic_explanation_validation_v1/03_execution/raw_rpc/001238_FATHOM_FH3_FH3A_eth_sendTransaction.json,4c5ead0dd55ac0a9bff2f440b062173b1dc5aedbff71415c92cc51e0ef36a0be,585
project/semantic_explanation_validation_v1/03_execution/raw_rpc/001239_FATHOM_FH3_FH3A_eth_getTransactionReceipt.json,34952448ffee6cd9a7b42835296705df66bfa2cb53975f334cc5dbf2943334c8,1387
project/semantic_explanation_validation_v1/03_execution/raw_rpc/001240_FATHOM_FH3_FH3A_evm_setNextBlockTimestamp.json,d63defa96252b3f38d1d70537ad53d97904d8c2c03a249f0a2d036ee342141a8,229
project/semantic_explanation_validation_v1/03_execution/raw_rpc/001241_FATHOM_FH3_FH3A_eth_sendTransaction.json,0d1a4b5dce705d10728cbcf1115dea4acc221f67eab802b48ad6a33b972d2351,457
project/semantic_explanation_validation_v1/03_execution/raw_rpc/001242_FATHOM_FH3_FH3A_eth_getTransactionReceipt.json,3b50fdd36defe7ada008406d2194549e7c6f45276c9568989a25549bacbaed96,1387
project/semantic_explanation_validation_v1/03_execution/raw_rpc/001243_FATHOM_FH3_FH3A_evm_setNextBlockTimestamp.json,2acda272ee3e55d6c6596fc34465f8983744f2b8ee363875d095eee177870939,229
project/semantic_explanation_validation_v1/03_execution/raw_rpc/001244_FATHOM_FH3_FH3A_eth_sendTransaction.json,f5efa26d9fac08bf7fd2b76122122bed85869c16d45107deede9de68b6aae92c,585
project/semantic_explanation_validation_v1/03_execution/raw_rpc/001245_FATHOM_FH3_FH3A_eth_getTransactionReceipt.json,f1d3f13aca6a07fe178bf362fce1c209242982d55dc7ce349cf54d79ddfef939,1387
project/semantic_explanation_validation_v1/03_execution/raw_rpc/001246_FATHOM_FH3_FH3A_evm_setNextBlockTimestamp.json,343e1dae852e3d54a4041dabbded328013bd3f19eccbd174a8aa4e19602fe900,229
project/semantic_explanation_validation_v1/03_execution/raw_rpc/001247_FATHOM_FH3_FH3A_eth_sendTransaction.json,2455a2df37c1119f67d4d772b679190298917c0f9bff232d384974038533db1e,585
project/semantic_explanation_validation_v1/03_execution/raw_rpc/001248_FATHOM_FH3_FH3A_eth_getTransactionReceipt.json,98fd33f00829b7db824e20ffcc4bce67295a5746e10e2eab256f3fc0f8b8954f,1387
project/semantic_explanation_validation_v1/03_execution/raw_rpc/001249_FATHOM_FH3_FH3A_evm_setNextBlockTimestamp.json,487435b39375490cdabcfc33f8e1ed38f2a4add0f1462cfa6e4921d3ebe6212a,229
project/semantic_explanation_validation_v1/03_execution/raw_rpc/001250_FATHOM_FH3_FH3A_eth_sendTransaction.json,7b56fa103822fdae39efa9766250c09e436d7644124cc490a079edf69ae0c375,585
project/semantic_explanation_validation_v1/03_execution/raw_rpc/001251_FATHOM_FH3_FH3A_eth_getTransactionReceipt.json,fc86979860a6ab1a1e50fd367bd87b5a3e668c596171b4f3c0bec0ceb409963c,1387
project/semantic_explanation_validation_v1/03_execution/raw_rpc/001252_FATHOM_FH3_FH3A_evm_setNextBlockTimestamp.json,f4f429fed1ccf4c6f62fc8b701b0b720a50915ad59bfe9efb1a67a7fadb48c76,229
project/semantic_explanation_validation_v1/03_execution/raw_rpc/001253_FATHOM_FH3_FH3A_eth_sendTransaction.json,3db9f4862a89344c21435eba13d3a8cffa63f865f1bbf1e4c8279647c34661dd,585
project/semantic_explanation_validation_v1/03_execution/raw_rpc/001254_FATHOM_FH3_FH3A_eth_getTransactionReceipt.json,b644c07b91f9d760b59e8d965bb6a7c420ac73689ab52dc05276e4c41759ebbc,1387
project/semantic_explanation_validation_v1/03_execution/raw_rpc/001255_FATHOM_FH3_FH3A_evm_setNextBlockTimestamp.json,128dcbb6a06d64d2bbc3b34b435140a02818c5e6f80707848dbaa0b447b46762,229
project/semantic_explanation_validation_v1/03_execution/raw_rpc/001256_FATHOM_FH3_FH3A_eth_sendTransaction.json,0491f28b4b8f33ef9c09f9e485b1c5c50873c22c3a322bb89ad24662d38c1ba5,585
project/semantic_explanation_validation_v1/03_execution/raw_rpc/001257_FATHOM_FH3_FH3A_eth_getTransactionReceipt.json,34c270abdbe7e95aa6ae9f0511effe0c9b09e7a9550b7da806be7e67711839a4,1387
project/semantic_explanation_validation_v1/03_execution/raw_rpc/001258_FATHOM_FH3_FH3A_evm_setNextBlockTimestamp.json,5c7a00a3340b8355ad580f4f21e6594a3a0fe14986332e4d7cb2cd1e4e48b6aa,229
project/semantic_explanation_validation_v1/03_execution/raw_rpc/001259_FATHOM_FH3_FH3A_eth_sendTransaction.json,11e83d06c7bee663c1a3d1f5ac72f5546fea3438d5efbdd8dd8908c9a388f74f,585
project/semantic_explanation_validation_v1/03_execution/raw_rpc/001260_FATHOM_FH3_FH3A_eth_getTransactionReceipt.json,5006152e9ed7b243ff1e8c25d22532a69749a610217e253d265241b4c5015965,1387
project/semantic_explanation_validation_v1/03_execution/raw_rpc/001261_FATHOM_FH3_FH3A_evm_setNextBlockTimestamp.json,89afefca58677c893493af0109e9685802d92da135bfa93b8893cb9165341627,229
project/semantic_explanation_validation_v1/03_execution/raw_rpc/001262_FATHOM_FH3_FH3A_eth_sendTransaction.json,fb9b58f2fe739d55a46d65c876617a34fe911b257e390dad2cec6c12a3f7fe33,585
project/semantic_explanation_validation_v1/03_execution/raw_rpc/001263_FATHOM_FH3_FH3A_eth_getTransactionReceipt.json,26a370168dfe6542822f2c893c78df144f5a571beda96b42ac65b6a661f8ab2f,1387
project/semantic_explanation_validation_v1/03_execution/raw_rpc/001264_FATHOM_FH3_FH3A_evm_setNextBlockTimestamp.json,23b1ecacd0543ef404b4d7e9e59bbe13e4227a8528f717cce935750454181827,229
project/semantic_explanation_validation_v1/03_execution/raw_rpc/001265_FATHOM_FH3_FH3A_eth_sendTransaction.json,eecb58364d2a9b52dfbd9304f4de89a9e29470998222dcf5492dcf70a0007a79,585
project/semantic_explanation_validation_v1/03_execution/raw_rpc/001266_FATHOM_FH3_FH3A_eth_getTransactionReceipt.json,ee448cc97ebe0c75ee03f5ab3f13111325f7418da250e22d44572a53cce30a65,1387
project/semantic_explanation_validation_v1/03_execution/raw_rpc/001267_FATHOM_FH3_FH3A_evm_setNextBlockTimestamp.json,b03b9099ff69e052e0ac507c1b7833bc447b27d77e79b1e5a856ea3fd94aad07,229
project/semantic_explanation_validation_v1/03_execution/raw_rpc/001268_FATHOM_FH3_FH3A_eth_sendTransaction.json,04d06bde34f2a881338b5fcb7f21f2dd7ebef492fa4502ecc7767e4b727ecc2e,585
project/semantic_explanation_validation_v1/03_execution/raw_rpc/001269_FATHOM_FH3_FH3A_eth_getTransactionReceipt.json,6753c1eb76c90a50686c0c4cee30398782872b8582ab6a77041e4e04f6a4b971,1387
project/semantic_explanation_validation_v1/03_execution/raw_rpc/001270_FATHOM_FH3_FH3A_evm_setNextBlockTimestamp.json,bb2767d0087ec63566808b6b156f16cb8dadfeecf9fe73e39ee2672a5d1c4d2e,229
project/semantic_explanation_validation_v1/03_execution/raw_rpc/001271_FATHOM_FH3_FH3A_eth_sendTransaction.json,912c6a810f4c82555327d2af257624d66d9ce7f2eecf5bf7963ae8d61dc3cc55,585
project/semantic_explanation_validation_v1/03_execution/raw_rpc/001272_FATHOM_FH3_FH3A_eth_getTransactionReceipt.json,d73945b76a18103b8fb6e3268edf068301879b3e8a846063222dd9465892a4a3,1387
project/semantic_explanation_validation_v1/03_execution/raw_rpc/001273_FATHOM_FH3_FH3A_evm_setNextBlockTimestamp.json,bb53063c4b24b252f57973bf21279b840b18543b1e0fa0fd0522b3d46a3989af,229
project/semantic_explanation_validation_v1/03_execution/raw_rpc/001274_FATHOM_FH3_FH3A_eth_sendTransaction.json,9744fdaf501c2dc22024ce3f4c4ce0fb3b2aecfcffadd4c42cea09db6bfee956,585
project/semantic_explanation_validation_v1/03_execution/raw_rpc/001275_FATHOM_FH3_FH3A_eth_getTransactionReceipt.json,666ff1207c71adf9eedc37465baa716b0bd60d12215cb6c2816cc21710154dc5,1387
project/semantic_explanation_validation_v1/03_execution/raw_rpc/001276_FATHOM_FH3_FH3A_evm_setNextBlockTimestamp.json,63ad09077b21eef3ff424911117099b48839f75fc9a6ec3fbe6e751f7f7ab62f,229
project/semantic_explanation_validation_v1/03_execution/raw_rpc/001277_FATHOM_FH3_FH3A_eth_sendTransaction.json,536bbd969ae1827e7d0dd58491ec977c0cc08627ec7040ee2c6a55d0bc6dac21,585
project/semantic_explanation_validation_v1/03_execution/raw_rpc/001278_FATHOM_FH3_FH3A_eth_getTransactionReceipt.json,1360d6e89ee523fb1b7388fe24471773a9d00f53c423b877b540386d0195760e,1387
project/semantic_explanation_validation_v1/03_execution/raw_rpc/001279_FATHOM_FH3_FH3A_evm_setNextBlockTimestamp.json,f62085b63a42b46d8c971ba8fa5e571ae16041eee49ec0cd272f21c670c63773,229
project/semantic_explanation_validation_v1/03_execution/raw_rpc/001280_FATHOM_FH3_FH3A_eth_sendTransaction.json,2750fb9c2d08a504e26b00d84f2c79dbb7e7f0b38e501cdb85459037730b3f1c,585
project/semantic_explanation_validation_v1/03_execution/raw_rpc/001281_FATHOM_FH3_FH3A_eth_getTransactionReceipt.json,6e86469694d8b9baac1fc9252f695211ede4ab4a6e4fe776d2275757fa5d0897,1387
project/semantic_explanation_validation_v1/03_execution/raw_rpc/001282_FATHOM_FH3_FH3A_evm_setNextBlockTimestamp.json,1e9bd0405aee94e2fa58a77b14dc594fa74366e89a351cc3ae0ed5d1cf3c8580,229
project/semantic_explanation_validation_v1/03_execution/raw_rpc/001283_FATHOM_FH3_FH3A_eth_sendTransaction.json,e618bc9d502d20686646c30dc7abd3cf664e1e39d836f3a117c59ddecd0044aa,585
project/semantic_explanation_validation_v1/03_execution/raw_rpc/001284_FATHOM_FH3_FH3A_eth_getTransactionReceipt.json,78534620df2cd69a42fdfb7a0d93465d219aba279f4f895a3d64e29a99180a63,1387
project/semantic_explanation_validation_v1/03_execution/raw_rpc/001285_FATHOM_FH3_FH3A_evm_setNextBlockTimestamp.json,0f8e07c4e315275173ec80da1e621e35b07a488571c5ade487535b51401512f3,229
project/semantic_explanation_validation_v1/03_execution/raw_rpc/001286_FATHOM_FH3_FH3A_eth_sendTransaction.json,3aef7f26b19736c15533bf0560cf48427e0c30b094fe63a20b61a684a259c43f,585
project/semantic_explanation_validation_v1/03_execution/raw_rpc/001287_FATHOM_FH3_FH3A_eth_getTransactionReceipt.json,740c8b675fec18b985544b99a5f2760b8a8d351fd6f521e0214962de93071d2a,1387
project/semantic_explanation_validation_v1/03_execution/raw_rpc/001288_FATHOM_FH3_FH3A_evm_setNextBlockTimestamp.json,de3f8ec626e8c6a62e125d36f9b390a69721f0a8ccc56b37d4238db369f8bb59,229
project/semantic_explanation_validation_v1/03_execution/raw_rpc/001289_FATHOM_FH3_FH3A_eth_sendTransaction.json,b8e6d86a7adcd47590709bda9a4b258801640c2c4398f8cca63804b4a7f367bc,457
project/semantic_explanation_validation_v1/03_execution/raw_rpc/001290_FATHOM_FH3_FH3A_eth_getTransactionReceipt.json,9af076230a2eb538136681637fc18d2aad6f5e605be70283a31d7f6792dadbe5,1387
project/semantic_explanation_validation_v1/03_execution/raw_rpc/001291_FATHOM_FH3_FH3A_eth_getBlockByNumber.json,086ff84f423a2fe19798a8be3ba2592d8b12403a6c92d4d8fbda6b956d84eec0,2265
project/semantic_explanation_validation_v1/03_execution/raw_rpc/001292_FATHOM_FH3_FH3A_evm_setNextBlockTimestamp.json,614a352c8c76a2495bc1b3a7e1a05f2d4ec0e49da281f0d37b9e225c83f9c352,229
project/semantic_explanation_validation_v1/03_execution/raw_rpc/001293_FATHOM_FH3_FH3A_eth_call.json,07590a0a5c15566d28211485a3adcda63657c5cbc8e0eee0b1329cfbb2f6a43f,436
project/semantic_explanation_validation_v1/03_execution/raw_rpc/001294_FATHOM_FH3_FH3A_eth_call.json,ef8dec22dc76dc93f83ea5101c484ba865f5f701a79e94535dc44c94e2a2ffb4,436
project/semantic_explanation_validation_v1/03_execution/raw_rpc/001295_FATHOM_FH3_FH3A_eth_call.json,10ae04be12dc71a7cec4bb51eba54bf8fa87b80d8c1f6ca679b85d33edbdc52c,372
project/semantic_explanation_validation_v1/03_execution/raw_rpc/001296_FATHOM_FH3_FH3A_eth_call.json,50a41e10437a8b1bd43cf1b5d037abc704cdb47244a6636005d535543257a6eb,372
project/semantic_explanation_validation_v1/03_execution/raw_rpc/001297_FATHOM_FH3_FH3A_eth_call.json,03950c05bda393af4a88d7cf365f1770562711b3b50ed81bddf76ca703a875e1,372
project/semantic_explanation_validation_v1/03_execution/raw_rpc/001298_FATHOM_FH3_FH3A_eth_call.json,691ad166f3e263d20eff32e358c77f07495c3fe5e210dd9bc75e898b726620d1,372
project/semantic_explanation_validation_v1/03_execution/raw_rpc/001299_FATHOM_FH3_FH3A_eth_call.json,bc5213656b0f9f5f2cff164da9ba78107e04ac197180231bb8eeb4b0c093c0a5,372
project/semantic_explanation_validation_v1/03_execution/raw_rpc/001300_FATHOM_FH3_FH3A_eth_call.json,54865968221f20aa1bb3a5e2dd28eeea60cdd2190b38da6ac75ed36a4e9543cc,372
project/semantic_explanation_validation_v1/03_execution/raw_rpc/001301_FATHOM_FH3_FH3A_eth_sendTransaction.json,0548e546ddc25a161bcd6422238e96119a5a4bdda0c1fbf37468508365c43e36,457
project/semantic_explanation_validation_v1/03_execution/raw_rpc/001302_FATHOM_FH3_FH3A_eth_getTransactionReceipt.json,4faf66e0675661238011bc53d0adf4e196507b57721b21f3d121e47bd3c7e053,1385
project/semantic_explanation_validation_v1/03_execution/raw_rpc/001303_FATHOM_FH3_FH3A_debug_traceTransaction.json.gz,4e3e61d1b430521d1e7df3996aac20bf6c10200bc9121b7d1b34f59ec9ef555e,34822
project/semantic_explanation_validation_v1/03_execution/raw_rpc/001304_FATHOM_FH3_FH3A_eth_call.json,456801ff56389f576d3c77a540cd45b0a43e02e046748bceb3dea1ce9c8e9e79,436
project/semantic_explanation_validation_v1/03_execution/raw_rpc/001305_FATHOM_FH3_FH3A_eth_call.json,5e9bf5213119ffe17bca66a7f97142281211ccb83b1b66e7f471dea3ecface03,436
project/semantic_explanation_validation_v1/03_execution/raw_rpc/001306_FATHOM_FH3_FH3A_eth_call.json,ecbaecd81e863e7f7754f9827670ea4b46beac2b8d2e8530b020725bc3ccdbde,372
project/semantic_explanation_validation_v1/03_execution/raw_rpc/001307_FATHOM_FH3_FH3A_eth_call.json,35363239c591042c3d1e6b3fcb5cd137ce5ea1c5b7b92d826d140ef12eaba939,372
project/semantic_explanation_validation_v1/03_execution/raw_rpc/001308_FATHOM_FH3_FH3A_eth_call.json,04bed305e08adb183fb33f1985bda154ed4622ea62760cb6a27054694af2a7cb,372
project/semantic_explanation_validation_v1/03_execution/raw_rpc/001309_FATHOM_FH3_FH3A_eth_call.json,ec8f2258fe1b4800bfeb7340fc8c4aa340b3b6ace392b7bceaa39576f4b36d5b,372
project/semantic_explanation_validation_v1/03_execution/raw_rpc/001310_FATHOM_FH3_FH3A_eth_call.json,51ed9c794546d6a2192407c4f85410d1da1d8e62b1d6bb2b0836659faca8fe9c,372
project/semantic_explanation_validation_v1/03_execution/raw_rpc/001311_FATHOM_FH3_FH3A_eth_call.json,7ed73b3cca56252d8e9cbb541a28d78cee929b439a77227a49706820384266b3,372
project/semantic_explanation_validation_v1/03_execution/raw_rpc/001312_FATHOM_FH3_FH3B_hardhat_reset.json,0c4f7bd3369901e65a59788fe0abc950ad9df428c59c0146f59848305129286c,324
project/semantic_explanation_validation_v1/03_execution/raw_rpc/001313_FATHOM_FH3_FH3B_eth_getBlockByNumber.json,247f05c61f3a7e2d98bff344c1ac9be467fe6711eca1682ffe931195a56951ac,12120
project/semantic_explanation_validation_v1/03_execution/raw_rpc/001314_FATHOM_FH3_FH3B_hardhat_impersonateAccount.json,2c98639f143ae9fead6a98ef85a543fa779fa3e4d81eb1855dc076a5c47672d9,256
project/semantic_explanation_validation_v1/03_execution/raw_rpc/001315_FATHOM_FH3_FH3B_hardhat_setBalance.json,203841721d9bd4d47306b03694529621a17e22b963416750221fd9dbac965969,279
project/semantic_explanation_validation_v1/03_execution/raw_rpc/001316_FATHOM_FH3_FH3B_evm_setNextBlockTimestamp.json,024f506aeab16b5f01cddd6f48acba6c895061f5fc35c8931135ea3664ad3dee,229
project/semantic_explanation_validation_v1/03_execution/raw_rpc/001317_FATHOM_FH3_FH3B_eth_sendTransaction.json,27a0948c2950b141e3b1159d822c030578b02fa9d764323fcb15fcb1e654c5db,585
project/semantic_explanation_validation_v1/03_execution/raw_rpc/001318_FATHOM_FH3_FH3B_eth_getTransactionReceipt.json,f3c62803dd19add0ed029ccfdedf8bd3544fe2b618e0ec06ca83bbd1b3d03079,1388
project/semantic_explanation_validation_v1/03_execution/raw_rpc/001319_FATHOM_FH3_FH3B_evm_setNextBlockTimestamp.json,c24417dcf5aef42f19855dda9d18164d1992ac26c77d38504a5e778f8ff507f5,229
project/semantic_explanation_validation_v1/03_execution/raw_rpc/001320_FATHOM_FH3_FH3B_eth_sendTransaction.json,1757ffe9d7f30c8166e7e2bf3cde000917a07ec4e8c0c1567336c438feb74a79,585
project/semantic_explanation_validation_v1/03_execution/raw_rpc/001321_FATHOM_FH3_FH3B_eth_getTransactionReceipt.json,e78dcb501c2b8f17cade8861b84be7b9667a4f4ee95e895de2a818497aa8929c,1388
project/semantic_explanation_validation_v1/03_execution/raw_rpc/001322_FATHOM_FH3_FH3B_evm_setNextBlockTimestamp.json,26f4a4f48188710248651e5beba356f442e19a00cdd977d9fc970cec794cd853,229
project/semantic_explanation_validation_v1/03_execution/raw_rpc/001323_FATHOM_FH3_FH3B_eth_sendTransaction.json,969161d6cff1516fa0731ec808cba6491e54915704a504a08f0a2ea8db7f5b5a,585
project/semantic_explanation_validation_v1/03_execution/raw_rpc/001324_FATHOM_FH3_FH3B_eth_getTransactionReceipt.json,8afeef930d7af84d04c8ba1d5463388eb1c522ece4e1c7fa1d0514639b13fc15,1388
project/semantic_explanation_validation_v1/03_execution/raw_rpc/001325_FATHOM_FH3_FH3B_evm_setNextBlockTimestamp.json,fc740095988c1392677ddde8a5a40b8242fcdd89873067da754655280e009660,229
project/semantic_explanation_validation_v1/03_execution/raw_rpc/001326_FATHOM_FH3_FH3B_eth_sendTransaction.json,7e26ae664fbce643ae4a0f2375a229264637ced84230c80b3c09a2e3be3fd10e,585
project/semantic_explanation_validation_v1/03_execution/raw_rpc/001327_FATHOM_FH3_FH3B_eth_getTransactionReceipt.json,5012d9d7d72a690740556dce108f759381040b42c9ebd379e7949c2b0a2954db,1388
project/semantic_explanation_validation_v1/03_execution/raw_rpc/001328_FATHOM_FH3_FH3B_evm_setNextBlockTimestamp.json,4e82cb7a967ff16fe4791d0bbb4505ed08e4961a2e018f405a5f6968f26585da,229
project/semantic_explanation_validation_v1/03_execution/raw_rpc/001329_FATHOM_FH3_FH3B_eth_sendTransaction.json,35a56ba9c034d3d6fa2fea2f334db7d205d5d30b59e22a8c14775991c566f699,585
project/semantic_explanation_validation_v1/03_execution/raw_rpc/001330_FATHOM_FH3_FH3B_eth_getTransactionReceipt.json,e11f704732b98d2a564149bbd9407bb8f7af0a3e1ba7e19c6c0a172f4d62ea5d,1388
project/semantic_explanation_validation_v1/03_execution/raw_rpc/001331_FATHOM_FH3_FH3B_evm_setNextBlockTimestamp.json,7693b5d428cfe54873b3b22677e2e263aa004b00ba581a9699804a9f69de22d1,229
project/semantic_explanation_validation_v1/03_execution/raw_rpc/001332_FATHOM_FH3_FH3B_eth_sendTransaction.json,c8e15cb667a4ef0818191b1292a6d5164c904111d2492b4d96aad651d4c96f81,585
project/semantic_explanation_validation_v1/03_execution/raw_rpc/001333_FATHOM_FH3_FH3B_eth_getTransactionReceipt.json,64d723727bced70e11c8cc26718c95be9bf30eba893f0139927ed9ea4816b036,1388
project/semantic_explanation_validation_v1/03_execution/raw_rpc/001334_FATHOM_FH3_FH3B_evm_setNextBlockTimestamp.json,7527d9ec9f6c0d1c0c8c88b7c41259a486aecd4160a91bd089d370629dcb2708,229
project/semantic_explanation_validation_v1/03_execution/raw_rpc/001335_FATHOM_FH3_FH3B_eth_sendTransaction.json,9eabcd855c598f3ff7898a614b85abda2db40ed0af71d83578f48fbc7282b3fb,585
project/semantic_explanation_validation_v1/03_execution/raw_rpc/001336_FATHOM_FH3_FH3B_eth_getTransactionReceipt.json,155fe0641a188e5313c2f0ae934163d267f0de9c4e39272fc4bab072355ff939,1388
project/semantic_explanation_validation_v1/03_execution/raw_rpc/001337_FATHOM_FH3_FH3B_evm_setNextBlockTimestamp.json,2d1feb1dc88b6436acf5e431dda5115c6cc16a6de06574bec20d31a13d820b15,229
project/semantic_explanation_validation_v1/03_execution/raw_rpc/001338_FATHOM_FH3_FH3B_eth_sendTransaction.json,643c71c3e70e2ac2d11c461f534c8209e50d5672cdc39cb3201c1bdacf79b5ac,585
project/semantic_explanation_validation_v1/03_execution/raw_rpc/001339_FATHOM_FH3_FH3B_eth_getTransactionReceipt.json,07a0d0bbbf9a8e28dd783cf404498f5fb33297a5caacae8fb408d0e2ff85b794,1388
project/semantic_explanation_validation_v1/03_execution/raw_rpc/001340_FATHOM_FH3_FH3B_evm_setNextBlockTimestamp.json,75169737a25bc061e59f67a62492377b445fddd8fd7d3723ad7036af8aa1a90e,229
project/semantic_explanation_validation_v1/03_execution/raw_rpc/001341_FATHOM_FH3_FH3B_eth_sendTransaction.json,bda6189d8e31253510440c2d5739ddd643212177d6d8f9af60079584628abf83,585
project/semantic_explanation_validation_v1/03_execution/raw_rpc/001342_FATHOM_FH3_FH3B_eth_getTransactionReceipt.json,9f3346d6b9a352f3c9e60287522d1d40e66b33ae2d2fc4f99ec4d0ca213387d6,1388
project/semantic_explanation_validation_v1/03_execution/raw_rpc/001343_FATHOM_FH3_FH3B_evm_setNextBlockTimestamp.json,b3721bc1c75837b2467a0e87bdaecfd3f767d1a9d26d970ef322f138ec3dc5cb,229
project/semantic_explanation_validation_v1/03_execution/raw_rpc/001344_FATHOM_FH3_FH3B_eth_sendTransaction.json,c7995b6f72c2968a36a3e73bcf38402c11bba0b7cb29575eaefd82b5ac9f641a,585
project/semantic_explanation_validation_v1/03_execution/raw_rpc/001345_FATHOM_FH3_FH3B_eth_getTransactionReceipt.json,f8339180a287f976905f45e65a4c5163038a724d5facdb2977cb55dde7005460,1388
project/semantic_explanation_validation_v1/03_execution/raw_rpc/001346_FATHOM_FH3_FH3B_evm_setNextBlockTimestamp.json,01e5a31e0fcdb9f4d31322a392e9862b8c065e7a86cb0df2123b7479c9dd6d48,229
project/semantic_explanation_validation_v1/03_execution/raw_rpc/001347_FATHOM_FH3_FH3B_eth_sendTransaction.json,f039aae238484dbb0cc7b9ca98d57eba96e39c23c107b0daa4d560b8077c71af,585
project/semantic_explanation_validation_v1/03_execution/raw_rpc/001348_FATHOM_FH3_FH3B_eth_getTransactionReceipt.json,82d517eb511c767e53dfb87a91776e78f63a38f8c619ce38259b7571e81b3dcb,1387
project/semantic_explanation_validation_v1/03_execution/raw_rpc/001349_FATHOM_FH3_FH3B_evm_setNextBlockTimestamp.json,543ea542eef0e6de50bd6162760997ecd0fa643d0d8874ec3b2c5435050abace,229
project/semantic_explanation_validation_v1/03_execution/raw_rpc/001350_FATHOM_FH3_FH3B_eth_sendTransaction.json,b8462961ba948595f89b8a5b6790b13d0b6da36bdc19a9dc42d847f5d717b031,585
project/semantic_explanation_validation_v1/03_execution/raw_rpc/001351_FATHOM_FH3_FH3B_eth_getTransactionReceipt.json,2efdd8847e68b2f01003a62ab2503759a695248b217968b3d2d6fa163987734d,1387
project/semantic_explanation_validation_v1/03_execution/raw_rpc/001352_FATHOM_FH3_FH3B_evm_setNextBlockTimestamp.json,7ad3aa52154b788c48bfa2424078b7470daced7d211e3c7d74019ab8f385eb4e,229
project/semantic_explanation_validation_v1/03_execution/raw_rpc/001353_FATHOM_FH3_FH3B_eth_sendTransaction.json,9fd9aff8a3055ef39aa7ee1490e81f1d062335a35443011e03caa6e3ad136a16,585
project/semantic_explanation_validation_v1/03_execution/raw_rpc/001354_FATHOM_FH3_FH3B_eth_getTransactionReceipt.json,b2a3b4f6383fe61fff9ce23d948622402a3d2c67ebc033164cce3913100cd104,1387
project/semantic_explanation_validation_v1/03_execution/raw_rpc/001355_FATHOM_FH3_FH3B_evm_setNextBlockTimestamp.json,bc4420fbf7e2f030986c7e670fc39fbbbda6bef1cfa9079ef4f6f2173011d4f7,229
project/semantic_explanation_validation_v1/03_execution/raw_rpc/001356_FATHOM_FH3_FH3B_eth_sendTransaction.json,d9aa11d8102eb52a227add66df2a98c411f70043d6082793ee22679fd8d94eb6,585
project/semantic_explanation_validation_v1/03_execution/raw_rpc/001357_FATHOM_FH3_FH3B_eth_getTransactionReceipt.json,437344d0108ddb23e4f3358dfae83a160a86dc4de12ba1a10e18f998ed2e3d82,1387
project/semantic_explanation_validation_v1/03_execution/raw_rpc/001358_FATHOM_FH3_FH3B_evm_setNextBlockTimestamp.json,d70b0ada83abec83120d9e9d22c9d8d0eca7a5bb9e014487dc340bf14acd8824,229
project/semantic_explanation_validation_v1/03_execution/raw_rpc/001359_FATHOM_FH3_FH3B_eth_sendTransaction.json,49aa4d22b726e242a302e99e7a623b0bc041305e331d03e078fe9c468c85871a,585
project/semantic_explanation_validation_v1/03_execution/raw_rpc/001360_FATHOM_FH3_FH3B_eth_getTransactionReceipt.json,6aa4b794c2aca034ea42c45b8e1c734ce6f11f1f75356415e4b92224d381ab6c,1387
project/semantic_explanation_validation_v1/03_execution/raw_rpc/001361_FATHOM_FH3_FH3B_evm_setNextBlockTimestamp.json,d964a96b5634500ee9b451d4d06c38800ad0b256d84378e799ce8085f33b9ca4,229
project/semantic_explanation_validation_v1/03_execution/raw_rpc/001362_FATHOM_FH3_FH3B_eth_sendTransaction.json,9bc453b4e8cb10aad5162e690ff8a4cab20e017191f19b8d385083a5d478a4ec,457
project/semantic_explanation_validation_v1/03_execution/raw_rpc/001363_FATHOM_FH3_FH3B_eth_getTransactionReceipt.json,6776aec947655e41e8269e64df2d455dbd7448a4dc02ea128270b5efcdeb5db0,1387
project/semantic_explanation_validation_v1/03_execution/raw_rpc/001364_FATHOM_FH3_FH3B_evm_setNextBlockTimestamp.json,5dc7185d097f35534d77c9364873c55790e8965d849695c73e2cab97b05b73dc,229
project/semantic_explanation_validation_v1/03_execution/raw_rpc/001365_FATHOM_FH3_FH3B_eth_sendTransaction.json,c0d11eeccf1c4e4b94f175663b9e865f2e5efee772200babea4bc898d1cf11fa,585
project/semantic_explanation_validation_v1/03_execution/raw_rpc/001366_FATHOM_FH3_FH3B_eth_getTransactionReceipt.json,7988cd79abe6df338548fb33548257ab0d9b04412cf99991b7c1c531b2ae5c26,1387
project/semantic_explanation_validation_v1/03_execution/raw_rpc/001367_FATHOM_FH3_FH3B_evm_setNextBlockTimestamp.json,3385b754d94e9859676f0149a87e4173d9eb197b9a2ffc3e515f355982ac1ea0,229
project/semantic_explanation_validation_v1/03_execution/raw_rpc/001368_FATHOM_FH3_FH3B_eth_sendTransaction.json,6dfe477a591ae56348bc9f0f7b170980ed9b5dfc719a6130f05553342a7616a6,585
project/semantic_explanation_validation_v1/03_execution/raw_rpc/001369_FATHOM_FH3_FH3B_eth_getTransactionReceipt.json,92899430537c7b9c93277cc0ae07aa29708793052fcbe215aef1be100b587ca0,1387
project/semantic_explanation_validation_v1/03_execution/raw_rpc/001370_FATHOM_FH3_FH3B_evm_setNextBlockTimestamp.json,7b2717a5c8f2a94154b8bf4a5527be3b07b279d5205e73b387303c1bbe28b67a,229
project/semantic_explanation_validation_v1/03_execution/raw_rpc/001371_FATHOM_FH3_FH3B_eth_sendTransaction.json,8a73ce858ea8e4f4a314cf39544b476f3bdb89e9e69de1d767b7d1d05967fef2,585
project/semantic_explanation_validation_v1/03_execution/raw_rpc/001372_FATHOM_FH3_FH3B_eth_getTransactionReceipt.json,2693514c03303956dfd3571d33bc7e8053f60637b69b3aa92aaf153c538146fd,1387
project/semantic_explanation_validation_v1/03_execution/raw_rpc/001373_FATHOM_FH3_FH3B_evm_setNextBlockTimestamp.json,1094f1322b3c83096ce093ada169dac24c6e139ae31b868c3da6acfbb345a7d9,229
project/semantic_explanation_validation_v1/03_execution/raw_rpc/001374_FATHOM_FH3_FH3B_eth_sendTransaction.json,de82b08172e6ec1cdb90da2149acd68a7ceb106a1048d8c208e7552c907c899a,585
project/semantic_explanation_validation_v1/03_execution/raw_rpc/001375_FATHOM_FH3_FH3B_eth_getTransactionReceipt.json,50a4298c8a9e22e6eb0e1adcf09c99fcc10f709df4e10b0e1588b2d641c4924e,1387
project/semantic_explanation_validation_v1/03_execution/raw_rpc/001376_FATHOM_FH3_FH3B_evm_setNextBlockTimestamp.json,e5542c0a3db0a7efe17401875ef7ee6dae3305947559d7521aebf47db90d59ae,229
project/semantic_explanation_validation_v1/03_execution/raw_rpc/001377_FATHOM_FH3_FH3B_eth_sendTransaction.json,cb9e9585c29861ba7040fc460d5190d16cb808d6e0b07b5f55a09be6b5dd0334,585
project/semantic_explanation_validation_v1/03_execution/raw_rpc/001378_FATHOM_FH3_FH3B_eth_getTransactionReceipt.json,b7e0bdd8ea11811dee76687cabab1eee26cda43d0c8b25ca132b2c3d9296e101,1387
project/semantic_explanation_validation_v1/03_execution/raw_rpc/001379_FATHOM_FH3_FH3B_evm_setNextBlockTimestamp.json,130edde3ac2612002a523ebd1e93dcb5ec49da090f3bb55cc9710f935defeb2b,229
project/semantic_explanation_validation_v1/03_execution/raw_rpc/001380_FATHOM_FH3_FH3B_eth_sendTransaction.json,5e2087bb581d3161b7aec0a10d659afe411ed0f4fd872e2ba3188c546f249ee5,585
project/semantic_explanation_validation_v1/03_execution/raw_rpc/001381_FATHOM_FH3_FH3B_eth_getTransactionReceipt.json,e7cdef39b9c34b4f91d9190bc0e3e1e951e8a64a715d4b7cf75fa71ee2c135d3,1387
project/semantic_explanation_validation_v1/03_execution/raw_rpc/001382_FATHOM_FH3_FH3B_evm_setNextBlockTimestamp.json,f83f29658b227d769e23a4c6dde0ea135aed0df4169ec4c943deb6bae621ed31,229
project/semantic_explanation_validation_v1/03_execution/raw_rpc/001383_FATHOM_FH3_FH3B_eth_sendTransaction.json,eb2cfa1ea72c292754e5351169efdd459c5bb6a29502cffc922282bea8c86757,585
project/semantic_explanation_validation_v1/03_execution/raw_rpc/001384_FATHOM_FH3_FH3B_eth_getTransactionReceipt.json,84662f57108d7287320482c93aec2edcc70b24641addc268ac1326609a7712dc,1387
project/semantic_explanation_validation_v1/03_execution/raw_rpc/001385_FATHOM_FH3_FH3B_evm_setNextBlockTimestamp.json,8ae8635a7c511d13eb384c1ac724affb09caf7d6a310d4348edd40f97c653bed,229
project/semantic_explanation_validation_v1/03_execution/raw_rpc/001386_FATHOM_FH3_FH3B_eth_sendTransaction.json,21f9c2b3781b309eeab62aad06c6b36ce86c04ba87d9e46a62cf3976fd969a66,585
project/semantic_explanation_validation_v1/03_execution/raw_rpc/001387_FATHOM_FH3_FH3B_eth_getTransactionReceipt.json,b2c0536649beec412ba6c0989a3ea4fa482a3e874884ead21bce05dffe1fd7e0,1387
project/semantic_explanation_validation_v1/03_execution/raw_rpc/001388_FATHOM_FH3_FH3B_evm_setNextBlockTimestamp.json,bf1b85f44c36a94cc6e2e5871d9605b33bf0225e49399fa268dff008f77efbbc,229
project/semantic_explanation_validation_v1/03_execution/raw_rpc/001389_FATHOM_FH3_FH3B_eth_sendTransaction.json,bee16f89dfd392894dc5ac8f83df086f7645878ba0eb66ddf3de2de050b2703b,585
project/semantic_explanation_validation_v1/03_execution/raw_rpc/001390_FATHOM_FH3_FH3B_eth_getTransactionReceipt.json,14eb6242a774dd0d382eb313708d1472ea56f10f4b11ae525bdbb64e63ffee2e,1387
project/semantic_explanation_validation_v1/03_execution/raw_rpc/001391_FATHOM_FH3_FH3B_evm_setNextBlockTimestamp.json,a88dfe41822b1fc1ad1de90cbb0b59d9180d7bd90a70a393a6273aca5d29560c,229
project/semantic_explanation_validation_v1/03_execution/raw_rpc/001392_FATHOM_FH3_FH3B_eth_sendTransaction.json,98a417326b72f5f1b160338bc3090731b1fc59b729b7329aa0a2ba32c1269bf5,585
project/semantic_explanation_validation_v1/03_execution/raw_rpc/001393_FATHOM_FH3_FH3B_eth_getTransactionReceipt.json,fbff4d36fcff3f23af6d382ffd17db6f9155de1725cfe81bbd3f14a2917741bd,1387
project/semantic_explanation_validation_v1/03_execution/raw_rpc/001394_FATHOM_FH3_FH3B_evm_setNextBlockTimestamp.json,97ad3220d0437a205cabdc47797182dbb2ac6b07901390887252ecec52260d05,229
project/semantic_explanation_validation_v1/03_execution/raw_rpc/001395_FATHOM_FH3_FH3B_eth_sendTransaction.json,4e09ea61f8ddcbdf99eb703ba3634bbdc1b6545222706481cea1688047418efc,585
project/semantic_explanation_validation_v1/03_execution/raw_rpc/001396_FATHOM_FH3_FH3B_eth_getTransactionReceipt.json,7befe972ea0df75aa34f2ddf4573c192b76646190d8ed587931fb7b26d5e9836,1387
project/semantic_explanation_validation_v1/03_execution/raw_rpc/001397_FATHOM_FH3_FH3B_evm_setNextBlockTimestamp.json,18f3534c3d9db1aee0f3e215832fe1837453a978a041b67ff8a2debddff3f98d,229
project/semantic_explanation_validation_v1/03_execution/raw_rpc/001398_FATHOM_FH3_FH3B_eth_sendTransaction.json,0e8d8c56b42e7580ec539215d444c4b5bfc13084143177d8270214169b639ad4,585
project/semantic_explanation_validation_v1/03_execution/raw_rpc/001399_FATHOM_FH3_FH3B_eth_getTransactionReceipt.json,c7d8d4bc45545c957e8fd7489b0a34550de435637605e8bcdf6644a5fac2207a,1387
project/semantic_explanation_validation_v1/03_execution/raw_rpc/001400_FATHOM_FH3_FH3B_evm_setNextBlockTimestamp.json,58f9fde74932e306eb1b710fd2910404f6e62950b9239938b1945062989c54fb,229
project/semantic_explanation_validation_v1/03_execution/raw_rpc/001401_FATHOM_FH3_FH3B_eth_sendTransaction.json,e780d4ad5fdda71584ce69446a66eba42ab9dc7ed5f25b37d28f8841e48753da,585
project/semantic_explanation_validation_v1/03_execution/raw_rpc/001402_FATHOM_FH3_FH3B_eth_getTransactionReceipt.json,73bc6b41aea0748b5d4e8150cb170101d2fb8b5a1b59f3872fd34fc149899c94,1387
project/semantic_explanation_validation_v1/03_execution/raw_rpc/001403_FATHOM_FH3_FH3B_evm_setNextBlockTimestamp.json,b7a7e402634b8764569f15c2ea94c397ecf8a2f055b7acec1d16bbd68b9eb680,229
project/semantic_explanation_validation_v1/03_execution/raw_rpc/001404_FATHOM_FH3_FH3B_eth_sendTransaction.json,935ca98b61740806e9b90eda11c9221f21cba5a2eede8798ef08f3d40f83eecf,585
project/semantic_explanation_validation_v1/03_execution/raw_rpc/001405_FATHOM_FH3_FH3B_eth_getTransactionReceipt.json,0cd2bda04a262d5f3cfc3bf6e85ad82b7e9b0aa3ad33e85bc9fdc43bf5474ce3,1387
project/semantic_explanation_validation_v1/03_execution/raw_rpc/001406_FATHOM_FH3_FH3B_evm_setNextBlockTimestamp.json,772f47e5b2436fd857d4bee2949b90886c5fa8e667ab9cb6ff2d04f46de23175,229
project/semantic_explanation_validation_v1/03_execution/raw_rpc/001407_FATHOM_FH3_FH3B_eth_sendTransaction.json,7f74ac6e680990bb9567eee3b6eb8047ba796668965c2f1234e0e31adb6bec4c,585
project/semantic_explanation_validation_v1/03_execution/raw_rpc/001408_FATHOM_FH3_FH3B_eth_getTransactionReceipt.json,6360a23821b6575dded5e52e907b2aea5f1b893b7e3acf4038c03dcb43d2fc60,1387
project/semantic_explanation_validation_v1/03_execution/raw_rpc/001409_FATHOM_FH3_FH3B_evm_setNextBlockTimestamp.json,ded7711b06c16bc38eece100a983512ee20bc56aaefafda8fdf655e3adb91f86,229
project/semantic_explanation_validation_v1/03_execution/raw_rpc/001410_FATHOM_FH3_FH3B_eth_sendTransaction.json,f1e38f021ac8df71e87d80fc69737aa72e6162b401bfc45dd6b53ea4828d9468,457
project/semantic_explanation_validation_v1/03_execution/raw_rpc/001411_FATHOM_FH3_FH3B_eth_getTransactionReceipt.json,5da459c647e36eb1d2c23d9f3476a7117768aa45b05309375610c66e807fad8b,1387
project/semantic_explanation_validation_v1/03_execution/raw_rpc/001412_FATHOM_FH3_FH3B_evm_setNextBlockTimestamp.json,9064e1ac1b8fee4e3079a16df98a72fc67ba8b533def57fc684e72275004aae4,229
project/semantic_explanation_validation_v1/03_execution/raw_rpc/001413_FATHOM_FH3_FH3B_eth_call.json,a38d827dd5ba6220b2cdcce612199c5abbd0b56511cd48dd32dc7ed8605dd54c,436
project/semantic_explanation_validation_v1/03_execution/raw_rpc/001414_FATHOM_FH3_FH3B_eth_call.json,eed1e55db275475071c7bf9c144bf9762fe2de22b5b707b335e886809f7a92ea,436
project/semantic_explanation_validation_v1/03_execution/raw_rpc/001415_FATHOM_FH3_FH3B_eth_call.json,e421239ac37091639699d04ec47b362b34bab7081c14cab68816f6aca5c2730e,372
project/semantic_explanation_validation_v1/03_execution/raw_rpc/001416_FATHOM_FH3_FH3B_eth_call.json,9625d2620cc9faec9bbfec071d1e7da6e8613696765ca4ed1b144da2e5d623fc,372
project/semantic_explanation_validation_v1/03_execution/raw_rpc/001417_FATHOM_FH3_FH3B_eth_call.json,7c5cc3432cc957b3d450abd3c99c68e543cfa72f0f4f2a88dda4e150f99f45d2,372
project/semantic_explanation_validation_v1/03_execution/raw_rpc/001418_FATHOM_FH3_FH3B_eth_call.json,fa701ff56eff3e0185ecc5d470995fc785abaa617bb0a1eb774a7bfc8035d9c4,372
project/semantic_explanation_validation_v1/03_execution/raw_rpc/001419_FATHOM_FH3_FH3B_eth_call.json,a486b3e3ad7d63244ccab05612a70472ea26717dd14cac72f9eb5419aab194d1,372
project/semantic_explanation_validation_v1/03_execution/raw_rpc/001420_FATHOM_FH3_FH3B_eth_call.json,0b4a2354930920f6ff69bbadf494063acdd6758000253b788d0512226f0a28a5,372
project/semantic_explanation_validation_v1/03_execution/raw_rpc/001421_FATHOM_FH3_FH3B_eth_sendTransaction.json,1753b2c6dbfcbeeac4b29fb1cc78083f8021f66da91d7e5cf2ba4f14d97fe7c2,457
project/semantic_explanation_validation_v1/03_execution/raw_rpc/001422_FATHOM_FH3_FH3B_eth_getTransactionReceipt.json,5243dab6b254eb9a8c51de203021c446f94f3130ad1b1052172092816ee37193,2282
project/semantic_explanation_validation_v1/03_execution/raw_rpc/001423_FATHOM_FH3_FH3B_debug_traceTransaction.json.gz,fcdb3449a54d3ed46d4c6b7770242386117c3a324b44a6916ad7668d4d9f244b,70260
project/semantic_explanation_validation_v1/03_execution/raw_rpc/001424_FATHOM_FH3_FH3B_eth_call.json,d1b3e3dfefc32d333240417c514b246416becb0db6f4f008a91e9d36f953c7d6,436
project/semantic_explanation_validation_v1/03_execution/raw_rpc/001425_FATHOM_FH3_FH3B_eth_call.json,4e959f46b31551ebfad63266aea21c6e4b81486738cb8de8d8eb145db6153e4f,436
project/semantic_explanation_validation_v1/03_execution/raw_rpc/001426_FATHOM_FH3_FH3B_eth_call.json,b7db46bbc7788171ccfa50c6705fa02ea016f41002a742a15842d02a326df8b2,372
project/semantic_explanation_validation_v1/03_execution/raw_rpc/001427_FATHOM_FH3_FH3B_eth_call.json,cd22c66797cc2f8b58ed23bd9d1a9c24a629dfab823f5d262130e717b2d076f2,372
project/semantic_explanation_validation_v1/03_execution/raw_rpc/001428_FATHOM_FH3_FH3B_eth_call.json,8c62530d5d9d7fa1c0e8f2059c147b6bb9aa0c42ebf0ccdc8d28fc9b78377306,372
project/semantic_explanation_validation_v1/03_execution/raw_rpc/001429_FATHOM_FH3_FH3B_eth_call.json,c530cdf06c038f4fc5b001a5d76f2c5421dac05e13b6c42cc43e8c3af7ba24fd,372
project/semantic_explanation_validation_v1/03_execution/raw_rpc/001430_FATHOM_FH3_FH3B_eth_call.json,ff3b6bc928b37725e48d5d767542135466b3a4aef7bfb93a1618208db726a9ed,372
project/semantic_explanation_validation_v1/03_execution/raw_rpc/001431_FATHOM_FH3_FH3B_eth_call.json,be8f2e99add90adab3a0eec4ddff6a7d856ebf1cdb0bb156a037f64872785800,372
project/semantic_explanation_validation_v1/03_execution/raw_rpc/001432_FATHOM_FH4_FH4A_hardhat_reset.json,04d159d73efb5814880d7670b7395f25f27d6afab8265eba10cdf55d66b01190,324
project/semantic_explanation_validation_v1/03_execution/raw_rpc/001433_FATHOM_FH4_FH4A_eth_getBlockByNumber.json,bc7a1ec3eb1389ef462ae310053abef2ac088783919d0f2007ee29421828d16b,12120
project/semantic_explanation_validation_v1/03_execution/raw_rpc/001434_FATHOM_FH4_FH4A_hardhat_impersonateAccount.json,1572368536b8a8951773b2850a67c994be053bcd66cc7e9547e1b8f83b0f53a0,256
project/semantic_explanation_validation_v1/03_execution/raw_rpc/001435_FATHOM_FH4_FH4A_hardhat_setBalance.json,3de08a7de207f3a5876760beeebbfa8e78d5626a6ef3699cbe99e554f046d087,279
project/semantic_explanation_validation_v1/03_execution/raw_rpc/001436_FATHOM_FH4_FH4A_evm_setNextBlockTimestamp.json,8d7012216d0dd237e87a3a7014a680f18d056822e3238ea7173a420a16b22f60,229
project/semantic_explanation_validation_v1/03_execution/raw_rpc/001437_FATHOM_FH4_FH4A_eth_sendTransaction.json,0ef0df774f5f8dc274504f13acf8b474af2fd96e6eef1fe38ebb895d1ffc3003,585
project/semantic_explanation_validation_v1/03_execution/raw_rpc/001438_FATHOM_FH4_FH4A_eth_getTransactionReceipt.json,3b055a4d5fe1f44b6829f37a79d6c5b3a9472247c23ed5edb681cdaaebd152e9,1388
project/semantic_explanation_validation_v1/03_execution/raw_rpc/001439_FATHOM_FH4_FH4A_evm_setNextBlockTimestamp.json,93cc23c77c4e7b44c984bb0ac20ebc88ae241ad80b7d96622fcc35c813bee3df,229
project/semantic_explanation_validation_v1/03_execution/raw_rpc/001440_FATHOM_FH4_FH4A_eth_sendTransaction.json,db3ee3f271ecfb47ed367cfe5919989707dc572d6599867db3d57ac8c633b736,585
project/semantic_explanation_validation_v1/03_execution/raw_rpc/001441_FATHOM_FH4_FH4A_eth_getTransactionReceipt.json,2f1ab7536c2e8aaf54ba1d57ce253752df94f5b65d5085085cbf9cf026bed387,1388
project/semantic_explanation_validation_v1/03_execution/raw_rpc/001442_FATHOM_FH4_FH4A_evm_setNextBlockTimestamp.json,e6f648ad1177858eb8ab31fdfbd227de71547ab2fc9eea9a846cd77a444026f0,229
project/semantic_explanation_validation_v1/03_execution/raw_rpc/001443_FATHOM_FH4_FH4A_eth_sendTransaction.json,9b047ef58ec8c43a11411b00ae6a59ce5b6c12921eba29bb221cc9ff8981a9f2,585
project/semantic_explanation_validation_v1/03_execution/raw_rpc/001444_FATHOM_FH4_FH4A_eth_getTransactionReceipt.json,cc98eb4a29b862cd5f83e80f22e3112c2c3825bf397f651cd05a778ee4bc15ec,1388
project/semantic_explanation_validation_v1/03_execution/raw_rpc/001445_FATHOM_FH4_FH4A_evm_setNextBlockTimestamp.json,55a022d1ba19aa58ddeb1d74359c90a28294cd70068482955d1b966e62ba1ed3,229
project/semantic_explanation_validation_v1/03_execution/raw_rpc/001446_FATHOM_FH4_FH4A_eth_sendTransaction.json,b37eabf9244fdc43bad66e56c25895a868d80f4ee1acc11f8e4d42de3ac0e946,585
project/semantic_explanation_validation_v1/03_execution/raw_rpc/001447_FATHOM_FH4_FH4A_eth_getTransactionReceipt.json,7aafd629cc149a81540ced660704b58fe72f0158b27163cb9b0b5a3bb07d836d,1388
project/semantic_explanation_validation_v1/03_execution/raw_rpc/001448_FATHOM_FH4_FH4A_evm_setNextBlockTimestamp.json,477a3e8f914368c515d4a4afb35a1fa8d31aa2f11814fc4b086decf3c1cb000e,229
project/semantic_explanation_validation_v1/03_execution/raw_rpc/001449_FATHOM_FH4_FH4A_eth_sendTransaction.json,b190955976c725258ca49f13db840d371a1ac367f5325e4de7a1bd862404d587,585
project/semantic_explanation_validation_v1/03_execution/raw_rpc/001450_FATHOM_FH4_FH4A_eth_getTransactionReceipt.json,bd5a3b4c3593b311f8559b58366a7608fd51522e95aa37070634020a5dcb04b4,1388
project/semantic_explanation_validation_v1/03_execution/raw_rpc/001451_FATHOM_FH4_FH4A_evm_setNextBlockTimestamp.json,76ea00d583f41f9cdd7142ee5920ef2b9798a3168d9f3240a09a80f443fb4d38,229
project/semantic_explanation_validation_v1/03_execution/raw_rpc/001452_FATHOM_FH4_FH4A_eth_sendTransaction.json,036dacc91e5e4cbe10737c05d8b5012f5aa84d539852d701ed9e161c5225c4dc,585
project/semantic_explanation_validation_v1/03_execution/raw_rpc/001453_FATHOM_FH4_FH4A_eth_getTransactionReceipt.json,a79289465af7ccbbc8ba5b5388fd151101a8d4f1a31b0a9a664d7f372e915d1d,1388
project/semantic_explanation_validation_v1/03_execution/raw_rpc/001454_FATHOM_FH4_FH4A_evm_setNextBlockTimestamp.json,67a3daa4ea8716b7e201230a6a69b862e17292e4b416ed3c95716c66c5125d96,229
project/semantic_explanation_validation_v1/03_execution/raw_rpc/001455_FATHOM_FH4_FH4A_eth_sendTransaction.json,3064d1371a2caee3cc6c793b4637c761c67f1695a722970dd62347322706844b,585
project/semantic_explanation_validation_v1/03_execution/raw_rpc/001456_FATHOM_FH4_FH4A_eth_getTransactionReceipt.json,2bbc1c79eafa10f81188ce6202f2a7f7c2f867f4b51ad4139265d5b4ecc20ec3,1388
project/semantic_explanation_validation_v1/03_execution/raw_rpc/001457_FATHOM_FH4_FH4A_evm_setNextBlockTimestamp.json,1b29e563cb4d05317afe06144adbd16bae27a52f8ba8b053504806af42f28516,229
project/semantic_explanation_validation_v1/03_execution/raw_rpc/001458_FATHOM_FH4_FH4A_eth_sendTransaction.json,d77867ec15c2147f2320c6432935432a7395ee85532e630727939f48b0c19cbe,585
project/semantic_explanation_validation_v1/03_execution/raw_rpc/001459_FATHOM_FH4_FH4A_eth_getTransactionReceipt.json,a7de369f8850547da4901f012cb8318725e97ee6860cc3de774cff2a04cbfe13,1388
project/semantic_explanation_validation_v1/03_execution/raw_rpc/001460_FATHOM_FH4_FH4A_evm_setNextBlockTimestamp.json,37f869bbbe7ceaff96f6c9bbbf069b71afcc74e0ac5b387a4da4af4e11dc1bd1,229
project/semantic_explanation_validation_v1/03_execution/raw_rpc/001461_FATHOM_FH4_FH4A_eth_sendTransaction.json,511b12f184d2b05938e3274df224c2d2f47921f2f4f28c4f5c64e574507e1e47,585
project/semantic_explanation_validation_v1/03_execution/raw_rpc/001462_FATHOM_FH4_FH4A_eth_getTransactionReceipt.json,621942b961b64aa206872f45c6322ec51a35b354373aeccde05c9df7c95102e2,1388
project/semantic_explanation_validation_v1/03_execution/raw_rpc/001463_FATHOM_FH4_FH4A_evm_setNextBlockTimestamp.json,cbec786e3df508496d608129d9aefb151584b1a3ff8394fbc9ea103c26beefb4,229
project/semantic_explanation_validation_v1/03_execution/raw_rpc/001464_FATHOM_FH4_FH4A_eth_sendTransaction.json,cb33f5298956a72e87bd9055144bfc5a8d2ea8caa3d8e89bed4d08d9c21e91b1,585
project/semantic_explanation_validation_v1/03_execution/raw_rpc/001465_FATHOM_FH4_FH4A_eth_getTransactionReceipt.json,9113c2de0e73d2e818502c35679b93725bfb1734c75ccd6de5a9dd2272d9a1d1,1388
project/semantic_explanation_validation_v1/03_execution/raw_rpc/001466_FATHOM_FH4_FH4A_evm_setNextBlockTimestamp.json,2106aec360d880ec963332e3eadc9fc83bee173d23f6d1b7162127c56ef7c077,229
project/semantic_explanation_validation_v1/03_execution/raw_rpc/001467_FATHOM_FH4_FH4A_eth_sendTransaction.json,dee4686ed720824d89340dc0a33932521d8f97d694a0d4be5a1eacd8473594f2,585
project/semantic_explanation_validation_v1/03_execution/raw_rpc/001468_FATHOM_FH4_FH4A_eth_getTransactionReceipt.json,d87f12a941e8903b66355194f5e7ac54c6f52e24458f920bfa7cca6aebb3ae63,1387
project/semantic_explanation_validation_v1/03_execution/raw_rpc/001469_FATHOM_FH4_FH4A_evm_setNextBlockTimestamp.json,df3bb9e8a0f81381b55ab0eb045a72ba59354ca1703a6c04c690838d10334007,229
project/semantic_explanation_validation_v1/03_execution/raw_rpc/001470_FATHOM_FH4_FH4A_eth_sendTransaction.json,18a48e2528f97cf468a180cdb885e1ebbee1ff351b6ed353e77b805b55d5d108,585
project/semantic_explanation_validation_v1/03_execution/raw_rpc/001471_FATHOM_FH4_FH4A_eth_getTransactionReceipt.json,7a3a9827d57ecdde37ca3d4adfadda93f8604809da673b62b0e2088ee9879169,1387
project/semantic_explanation_validation_v1/03_execution/raw_rpc/001472_FATHOM_FH4_FH4A_evm_setNextBlockTimestamp.json,5925d76a39a147a26636328252e4857889593247564bf38a7eee7e7b15f35953,229
project/semantic_explanation_validation_v1/03_execution/raw_rpc/001473_FATHOM_FH4_FH4A_eth_sendTransaction.json,62b9468470f32d0d818e15b835ebfc22ca8a8d90ad80afc99ff80dad5dc58d7c,585
project/semantic_explanation_validation_v1/03_execution/raw_rpc/001474_FATHOM_FH4_FH4A_eth_getTransactionReceipt.json,96d6db2f1a1a59f5e7e9a40ec9df7b7fa38fb4f673526eaedb769943c2fb954b,1387
project/semantic_explanation_validation_v1/03_execution/raw_rpc/001475_FATHOM_FH4_FH4A_evm_setNextBlockTimestamp.json,82b17068e7c8580c5f5299ef0eaeca333beec9cdaa177316ea603c746d230ba0,229
project/semantic_explanation_validation_v1/03_execution/raw_rpc/001476_FATHOM_FH4_FH4A_eth_sendTransaction.json,d4d23ef8a5f657b8c06b48660dc2dc6f531033587165afa4b8c7b96c194b3229,585
project/semantic_explanation_validation_v1/03_execution/raw_rpc/001477_FATHOM_FH4_FH4A_eth_getTransactionReceipt.json,d7e19e46d63effc2f6aaf84fff49fdd2e25c381af0d04138d737e681012af1ec,1387
project/semantic_explanation_validation_v1/03_execution/raw_rpc/001478_FATHOM_FH4_FH4A_evm_setNextBlockTimestamp.json,7f90868d3500434213bc35065c6da97f39613f4bbc554b76e072a54de7a73e49,229
project/semantic_explanation_validation_v1/03_execution/raw_rpc/001479_FATHOM_FH4_FH4A_eth_sendTransaction.json,f9522872a66309537aed9080caa2b7ce1a937c6897204e2f8622c723d49e1335,585
project/semantic_explanation_validation_v1/03_execution/raw_rpc/001480_FATHOM_FH4_FH4A_eth_getTransactionReceipt.json,2a12b3f427d8fab45d44901c16c7db161f6a3d83a8b770624ac5560a4777f51a,1387
project/semantic_explanation_validation_v1/03_execution/raw_rpc/001481_FATHOM_FH4_FH4A_evm_setNextBlockTimestamp.json,7d3225e7b5fd955d3b494816746e1d0991c14948cf239304ffd69dee60864213,229
project/semantic_explanation_validation_v1/03_execution/raw_rpc/001482_FATHOM_FH4_FH4A_eth_sendTransaction.json,553120e8901fabeb70c5e8bfb061e26aa4574eb8ed37f9e26c9898c5a2c4e9f9,457
project/semantic_explanation_validation_v1/03_execution/raw_rpc/001483_FATHOM_FH4_FH4A_eth_getTransactionReceipt.json,7acc512432f3cfd15c7e2de818b5eea0b70c1d625759b8dfa76b4419e627147c,1387
project/semantic_explanation_validation_v1/03_execution/raw_rpc/001484_FATHOM_FH4_FH4A_evm_setNextBlockTimestamp.json,4407938829e5eb1e59321d4afeec090a5f2232b9a40de73c6945b51c60a676c0,229
project/semantic_explanation_validation_v1/03_execution/raw_rpc/001485_FATHOM_FH4_FH4A_eth_sendTransaction.json,80261b0af32b57030ee5335be4e3bb09c3d5588723dc59c1a474386ee5fc268f,585
project/semantic_explanation_validation_v1/03_execution/raw_rpc/001486_FATHOM_FH4_FH4A_eth_getTransactionReceipt.json,a288294b81aefaddfb9f13168c6c1094e4f512ad129ec1fcccba736f0a4d6d24,1387
project/semantic_explanation_validation_v1/03_execution/raw_rpc/001487_FATHOM_FH4_FH4A_evm_setNextBlockTimestamp.json,17720b5d51827d2ecfca23a4a1f084ae9dba6cf753afaf5e4ce325efb12bdf2a,229
project/semantic_explanation_validation_v1/03_execution/raw_rpc/001488_FATHOM_FH4_FH4A_eth_sendTransaction.json,145b1e0e9d5f41224f1cb4b4d6b1e23641b4350cf4db929b6ba811f87be319e2,585
project/semantic_explanation_validation_v1/03_execution/raw_rpc/001489_FATHOM_FH4_FH4A_eth_getTransactionReceipt.json,d5786360da72d4a02b93d71fa53c92d10d16750f10a77e2875d984e84d67fb99,1387
project/semantic_explanation_validation_v1/03_execution/raw_rpc/001490_FATHOM_FH4_FH4A_evm_setNextBlockTimestamp.json,9180bb699c7c3a55b2c2e512396c27965149469f7f7a6de270490184885fbee1,229
project/semantic_explanation_validation_v1/03_execution/raw_rpc/001491_FATHOM_FH4_FH4A_eth_sendTransaction.json,3b0a3c58424d725ddb820e1a1d54000ff915f227cfd0e80d5e77665e41ff1dbf,585
project/semantic_explanation_validation_v1/03_execution/raw_rpc/001492_FATHOM_FH4_FH4A_eth_getTransactionReceipt.json,610957ae5b49e80ffc376db13817111d987ef9c54a97ff98c5f5c1f347c37052,1387
project/semantic_explanation_validation_v1/03_execution/raw_rpc/001493_FATHOM_FH4_FH4A_evm_setNextBlockTimestamp.json,a44cdf4f943f35500eff3da134d4bd2f60e5d04f26a60bddb032a46200b639fd,229
project/semantic_explanation_validation_v1/03_execution/raw_rpc/001494_FATHOM_FH4_FH4A_eth_sendTransaction.json,1e45b4c7785037dfda9892c4916c1bb14e08bd89c62cc13314fe6f26954a9c8c,585
project/semantic_explanation_validation_v1/03_execution/raw_rpc/001495_FATHOM_FH4_FH4A_eth_getTransactionReceipt.json,a1795feb11a5a58b00351a3bfa26477601a892da07354ba1e256c15d44a37d04,1387
project/semantic_explanation_validation_v1/03_execution/raw_rpc/001496_FATHOM_FH4_FH4A_evm_setNextBlockTimestamp.json,2fd0f6faba11f614013d49a37a2dc2e6d2c99405e133c481f2879baa8b974ba0,229
project/semantic_explanation_validation_v1/03_execution/raw_rpc/001497_FATHOM_FH4_FH4A_eth_sendTransaction.json,1dfec611eb6ac47bd2ac5c9d35c681e7039aec678a4a7a59d9c543230a74a355,585
project/semantic_explanation_validation_v1/03_execution/raw_rpc/001498_FATHOM_FH4_FH4A_eth_getTransactionReceipt.json,faf84c3f8c807cca98173d5eead9a9dc9d1cac2d7b43c6b1cfa777e3fc259446,1387
project/semantic_explanation_validation_v1/03_execution/raw_rpc/001499_FATHOM_FH4_FH4A_evm_setNextBlockTimestamp.json,bea225e4291e8451e01c337f1e6efe235bdf07cede9d569b17931c5d58602d4a,229
project/semantic_explanation_validation_v1/03_execution/raw_rpc/001500_FATHOM_FH4_FH4A_eth_sendTransaction.json,3c82d519fa9e3c754344d3a545e0ca40a7f7076f667fd5d66f9f2dd30e749b36,585
project/semantic_explanation_validation_v1/03_execution/raw_rpc/001501_FATHOM_FH4_FH4A_eth_getTransactionReceipt.json,95cf801e74def969e1a3ef9232d35813ee5770247a3d499909db7457ffa0bf12,1387
project/semantic_explanation_validation_v1/03_execution/raw_rpc/001502_FATHOM_FH4_FH4A_evm_setNextBlockTimestamp.json,d47d286b26b372d70c3982b994948d89c1a94019aee17f7149a13e19fd78a4d7,229
project/semantic_explanation_validation_v1/03_execution/raw_rpc/001503_FATHOM_FH4_FH4A_eth_sendTransaction.json,75ed5b49bd39583a6c808d667099b341321c04db70d9bff9a1cdad24767dbdf9,585
project/semantic_explanation_validation_v1/03_execution/raw_rpc/001504_FATHOM_FH4_FH4A_eth_getTransactionReceipt.json,e9f685920b82c23226f80188b914ddeb92c93e663e79f06b35518440b7536bdb,1387
project/semantic_explanation_validation_v1/03_execution/raw_rpc/001505_FATHOM_FH4_FH4A_evm_setNextBlockTimestamp.json,9de05059ddde4e07e349a3ebcdc1ad99f0d261394c6961d2395a5a48a32ab5ee,229
project/semantic_explanation_validation_v1/03_execution/raw_rpc/001506_FATHOM_FH4_FH4A_eth_sendTransaction.json,16c59279046d05816f1adcb7493a37ab57bf5607893697d03b29aef8374796f3,585
project/semantic_explanation_validation_v1/03_execution/raw_rpc/001507_FATHOM_FH4_FH4A_eth_getTransactionReceipt.json,1c90d478e3568f6b5bda76e095336dbf8b433ec3a0b61753e55b2619e2205fea,1387
project/semantic_explanation_validation_v1/03_execution/raw_rpc/001508_FATHOM_FH4_FH4A_evm_setNextBlockTimestamp.json,5c137f60408e0a94329c0181810cc34205cc8f79200f0d5d8b0556aa06233b02,229
project/semantic_explanation_validation_v1/03_execution/raw_rpc/001509_FATHOM_FH4_FH4A_eth_sendTransaction.json,7277a9351524de2bab09f707f1cc1daf3f3d7da2e37274a9490ae1083ebb0b56,585
project/semantic_explanation_validation_v1/03_execution/raw_rpc/001510_FATHOM_FH4_FH4A_eth_getTransactionReceipt.json,7ac98c6d6793a5f09fb34825f6c8b10202036ef8b00cc0c9ebbf74ad7194e21d,1387
project/semantic_explanation_validation_v1/03_execution/raw_rpc/001511_FATHOM_FH4_FH4A_evm_setNextBlockTimestamp.json,98deea1eab252622554c3e0b460fc87dd37965b8d83ed7f4b6d0379e5ee4aecc,229
project/semantic_explanation_validation_v1/03_execution/raw_rpc/001512_FATHOM_FH4_FH4A_eth_sendTransaction.json,5237000938c31f8c0cbcd97c28ee8f9ee85e3f50d57df2ac476a75cde04a4f91,585
project/semantic_explanation_validation_v1/03_execution/raw_rpc/001513_FATHOM_FH4_FH4A_eth_getTransactionReceipt.json,ab9678d398871d13dabc218599f76d657e2be8f6699c6adffec5d121ebee68da,1387
project/semantic_explanation_validation_v1/03_execution/raw_rpc/001514_FATHOM_FH4_FH4A_evm_setNextBlockTimestamp.json,8ad10cde8f7401949c2c176cdcda959edd7bf36726cd63c0e540efcee4ae7043,229
project/semantic_explanation_validation_v1/03_execution/raw_rpc/001515_FATHOM_FH4_FH4A_eth_sendTransaction.json,5d5ff702e2072d4298268c8804c8249bf0492fed4f49bf75f464b57dfe948168,585
project/semantic_explanation_validation_v1/03_execution/raw_rpc/001516_FATHOM_FH4_FH4A_eth_getTransactionReceipt.json,d1eb73681b9040a154be3b242dcc2c792918496ec90c3cb432a2677c609bb724,1387
project/semantic_explanation_validation_v1/03_execution/raw_rpc/001517_FATHOM_FH4_FH4A_evm_setNextBlockTimestamp.json,9874a80e0cdec0f787afd52c08eed70691a38ec2dd758f797086a7946319f0df,229
project/semantic_explanation_validation_v1/03_execution/raw_rpc/001518_FATHOM_FH4_FH4A_eth_sendTransaction.json,867271b15c30617555960c0b300dc18940c1ec15576b2739531c9a0f84e8cbee,585
project/semantic_explanation_validation_v1/03_execution/raw_rpc/001519_FATHOM_FH4_FH4A_eth_getTransactionReceipt.json,8551aa1b0f47421b71dbeeac7b85f3310abbca5961a94c2df326a78a08cbaf6a,1387
project/semantic_explanation_validation_v1/03_execution/raw_rpc/001520_FATHOM_FH4_FH4A_evm_setNextBlockTimestamp.json,d33887b721b7cbe64f848bf0085d9ac7cff3e96f0d29fa6ce5b5be96d73e6062,229
project/semantic_explanation_validation_v1/03_execution/raw_rpc/001521_FATHOM_FH4_FH4A_eth_sendTransaction.json,74f143c55c5efae923671ee93f727e8689bddf1ae0f46d4b58c9de508bd66420,585
project/semantic_explanation_validation_v1/03_execution/raw_rpc/001522_FATHOM_FH4_FH4A_eth_getTransactionReceipt.json,c785f93655d3e140fac91fbbf4fef5935edc8d4e7b3065ef4e25e2c223fb62df,1387
project/semantic_explanation_validation_v1/03_execution/raw_rpc/001523_FATHOM_FH4_FH4A_evm_setNextBlockTimestamp.json,1e1aa8b8a6c14bb931cb723e2e1391d789cc0bcb1229464d7516205e6fc7dbfb,229
project/semantic_explanation_validation_v1/03_execution/raw_rpc/001524_FATHOM_FH4_FH4A_eth_sendTransaction.json,1dbb6c37e2bf8456c3abe6a2c406486dc6200d5335714e490e156b233c590a9e,585
project/semantic_explanation_validation_v1/03_execution/raw_rpc/001525_FATHOM_FH4_FH4A_eth_getTransactionReceipt.json,105b1bbe6a08302b1e3a63f0a04ddfa7fe228c20b65fd5c56c81e2d06d48bc24,1387
project/semantic_explanation_validation_v1/03_execution/raw_rpc/001526_FATHOM_FH4_FH4A_evm_setNextBlockTimestamp.json,8ba8eb5726b891d22fcc7cdd8400295b13f90376f7584f23ce4c1a6d827d03c6,229
project/semantic_explanation_validation_v1/03_execution/raw_rpc/001527_FATHOM_FH4_FH4A_eth_sendTransaction.json,914823f38ad566bfb780375ef9aa367a8df368236b9a8f7c10895533cd993cc7,585
project/semantic_explanation_validation_v1/03_execution/raw_rpc/001528_FATHOM_FH4_FH4A_eth_getTransactionReceipt.json,5cd4cc2e6da0478dada5465edacfb90a63f3d165fbf8fefb4458943e5da8e878,1387
project/semantic_explanation_validation_v1/03_execution/raw_rpc/001529_FATHOM_FH4_FH4A_evm_setNextBlockTimestamp.json,3ea1455c9a3af63625e27ff6f234d94cb68835462924ede6b3afb991ee7454ef,229
project/semantic_explanation_validation_v1/03_execution/raw_rpc/001530_FATHOM_FH4_FH4A_eth_sendTransaction.json,1fef9065060625483b2c9d5723520a147bdce8cb8a9b0450435d7b689d48c9d5,457
project/semantic_explanation_validation_v1/03_execution/raw_rpc/001531_FATHOM_FH4_FH4A_eth_getTransactionReceipt.json,6794c5b34e000bfa6c1c3792c58737796fa61a743f2da87a3721f2894f0c401e,1387
project/semantic_explanation_validation_v1/03_execution/raw_rpc/001532_FATHOM_FH4_FH4A_evm_setNextBlockTimestamp.json,d9567cf06572088d53b4bf4ad3b139111f8e8ec32b1d4602e32ae5f11f143032,229
project/semantic_explanation_validation_v1/03_execution/raw_rpc/001533_FATHOM_FH4_FH4A_eth_sendTransaction.json,503deb76ccc2397ebf03f96f7dce228e494077ce72e9cfb03090b5cc10dd3024,585
project/semantic_explanation_validation_v1/03_execution/raw_rpc/001534_FATHOM_FH4_FH4A_eth_getTransactionReceipt.json,0eb9c40970deff2c8742fa202ecd59398cec25958df1112be2bf7ce4772ba3c2,1387
project/semantic_explanation_validation_v1/03_execution/raw_rpc/001535_FATHOM_FH4_FH4A_evm_setNextBlockTimestamp.json,db6528fda31ecb7915c6d9bf3d4908d136901742fbf9e4dbb9c8a7152ba888aa,229
project/semantic_explanation_validation_v1/03_execution/raw_rpc/001536_FATHOM_FH4_FH4A_eth_sendTransaction.json,3f65aeacab9b3c8dfcdc7ed402a950762cf56efe09f116fa08240189e4d3a2b1,585
project/semantic_explanation_validation_v1/03_execution/raw_rpc/001537_FATHOM_FH4_FH4A_eth_getTransactionReceipt.json,6d345cb20dc417315530f91f01320201c997fad58a0d477930554316cea1cac6,1387
project/semantic_explanation_validation_v1/03_execution/raw_rpc/001538_FATHOM_FH4_FH4A_evm_setNextBlockTimestamp.json,9bb2ae664082179d825def605cd5b788394519647919e93615e3dd0a52cb3fbf,229
project/semantic_explanation_validation_v1/03_execution/raw_rpc/001539_FATHOM_FH4_FH4A_eth_sendTransaction.json,d245ddec0715f2656510fc1d8bb8a1a36ebcacd90143e046f39f80c986e1fa17,585
project/semantic_explanation_validation_v1/03_execution/raw_rpc/001540_FATHOM_FH4_FH4A_eth_getTransactionReceipt.json,9f5ddaa5c6c1ca073d7619aad8bb8b9c407b6a6e73bc4eb4fd5801b650f70f2c,1387
project/semantic_explanation_validation_v1/03_execution/raw_rpc/001541_FATHOM_FH4_FH4A_evm_setNextBlockTimestamp.json,d589f904738e9f5e04beb8d8ea05699ac1d8be7af3317ee787da5d09de201795,229
project/semantic_explanation_validation_v1/03_execution/raw_rpc/001542_FATHOM_FH4_FH4A_eth_sendTransaction.json,9b6dfbb4d530e6c5a536918edc5cb11cc895119f106f5363c45e4a9544df8747,585
project/semantic_explanation_validation_v1/03_execution/raw_rpc/001543_FATHOM_FH4_FH4A_eth_getTransactionReceipt.json,dd3980133ad70796906e6e5d27857f1021c97e681808bdd311e8b9933ab44d9a,1387
project/semantic_explanation_validation_v1/03_execution/raw_rpc/001544_FATHOM_FH4_FH4A_evm_setNextBlockTimestamp.json,e6537815d934ce250b6075993b2009c768070b713c0fcddc83d394fa10a2ed52,229
project/semantic_explanation_validation_v1/03_execution/raw_rpc/001545_FATHOM_FH4_FH4A_eth_sendTransaction.json,1cde57010dfda5b8a77e5647ff29a76d0b13387ae0a2300baa75de9af9385712,585
project/semantic_explanation_validation_v1/03_execution/raw_rpc/001546_FATHOM_FH4_FH4A_eth_getTransactionReceipt.json,267d0f1080f84fd08598db3e31d636724c4c4cee3a638dde3359f59ece97be46,1387
project/semantic_explanation_validation_v1/03_execution/raw_rpc/001547_FATHOM_FH4_FH4A_evm_setNextBlockTimestamp.json,ec74df8ba287750b6c816267eabc17e9601e295f3131de749991fd93415af4f8,229
project/semantic_explanation_validation_v1/03_execution/raw_rpc/001548_FATHOM_FH4_FH4A_eth_sendTransaction.json,1f0c40003ac1804f121718bb4d160722eed362d71091c485484b0f6d9b197d9a,585
project/semantic_explanation_validation_v1/03_execution/raw_rpc/001549_FATHOM_FH4_FH4A_eth_getTransactionReceipt.json,70eab9538fb782c09d49d302d4ad60c8d14d0b33d7246402727375de79a3bf8d,1387
project/semantic_explanation_validation_v1/03_execution/raw_rpc/001550_FATHOM_FH4_FH4A_evm_setNextBlockTimestamp.json,d5b89fcc669bd052680fbe3c1f27db6a386643da5d0653af089bf4c5b0475523,229
project/semantic_explanation_validation_v1/03_execution/raw_rpc/001551_FATHOM_FH4_FH4A_eth_sendTransaction.json,28e9923a66d17ac18967f87f3be2742294ab160c7d9b8eac04b82a305251e5aa,585
project/semantic_explanation_validation_v1/03_execution/raw_rpc/001552_FATHOM_FH4_FH4A_eth_getTransactionReceipt.json,c065d2506c35326e386c04291a1904a286d7331c9c5ec60700d6407abc4e1c55,1387
project/semantic_explanation_validation_v1/03_execution/raw_rpc/001553_FATHOM_FH4_FH4A_evm_setNextBlockTimestamp.json,74a470947c1df4713747af9805304c7f5c0ca3bdab08877e50e1da7ea8a02801,229
project/semantic_explanation_validation_v1/03_execution/raw_rpc/001554_FATHOM_FH4_FH4A_eth_sendTransaction.json,47c40482aa0de8cc74ba7671e08aa41139844f9bee62268d742f292878fde9fc,585
project/semantic_explanation_validation_v1/03_execution/raw_rpc/001555_FATHOM_FH4_FH4A_eth_getTransactionReceipt.json,0f15f34ebb61cdec88611a4bb8122818ece19a59e4476e91a0aa8453d93b0dfc,1387
project/semantic_explanation_validation_v1/03_execution/raw_rpc/001556_FATHOM_FH4_FH4A_evm_setNextBlockTimestamp.json,da1c08bc687a0b09d949557eaa82a71a415ffe112b15ce4491ff37c093af769e,229
project/semantic_explanation_validation_v1/03_execution/raw_rpc/001557_FATHOM_FH4_FH4A_eth_sendTransaction.json,6fd5bb28c66c1f648d0281bd4d0f8127d462feaeb5a695d321b6d971f63d703c,585
project/semantic_explanation_validation_v1/03_execution/raw_rpc/001558_FATHOM_FH4_FH4A_eth_getTransactionReceipt.json,4f59d5415348ebdf6470173287740527d4ecf5df802038e4118724bc451e6866,1387
project/semantic_explanation_validation_v1/03_execution/raw_rpc/001559_FATHOM_FH4_FH4A_evm_setNextBlockTimestamp.json,1dfbaaa67bd522c8d652c409053bcec6f8b3920bb9e6697bfab9008ccd61d156,229
project/semantic_explanation_validation_v1/03_execution/raw_rpc/001560_FATHOM_FH4_FH4A_eth_sendTransaction.json,b4d7d50941d4a7024dcc56f1ce2634f3768b2d054c01977192777850c4da284c,585
project/semantic_explanation_validation_v1/03_execution/raw_rpc/001561_FATHOM_FH4_FH4A_eth_getTransactionReceipt.json,8855f3e4f0fb62c78566ce3d24cc954218730d848f5b9ad4a146f3ff6362eaeb,1387
project/semantic_explanation_validation_v1/03_execution/raw_rpc/001562_FATHOM_FH4_FH4A_evm_setNextBlockTimestamp.json,cef747f75d9564e6aed8babf07f01501294c57558413aebc01905be00b7a31f6,229
project/semantic_explanation_validation_v1/03_execution/raw_rpc/001563_FATHOM_FH4_FH4A_eth_sendTransaction.json,5eac15587023cb17cfd91be3089496ffb4ce0edc15d05221d73516ebc7d2223b,585
project/semantic_explanation_validation_v1/03_execution/raw_rpc/001564_FATHOM_FH4_FH4A_eth_getTransactionReceipt.json,c93d42805ea234c5a3f2aaeec7ab80c674e77769b4cf9bddf12be1f3761f9aec,1387
project/semantic_explanation_validation_v1/03_execution/raw_rpc/001565_FATHOM_FH4_FH4A_evm_setNextBlockTimestamp.json,7166f5aca9bf90d0e67f7615c85342294035ea44f36e8024a9a92ede39eee1fe,229
project/semantic_explanation_validation_v1/03_execution/raw_rpc/001566_FATHOM_FH4_FH4A_eth_sendTransaction.json,97aefe2d938b67c802612a7910f2c8e7c94d06348bb5b5b8b045e7eff6a0dcf7,585
project/semantic_explanation_validation_v1/03_execution/raw_rpc/001567_FATHOM_FH4_FH4A_eth_getTransactionReceipt.json,1ca515b7b66c3b9e3194d7f7b4ffdcef0a3d7a1eb7fbeadd6b22854fd4fffb71,1387
project/semantic_explanation_validation_v1/03_execution/raw_rpc/001568_FATHOM_FH4_FH4A_evm_setNextBlockTimestamp.json,c1b37f547180294cf0e4e95b13513c7a66255495bf0ce23a3be03300305cc506,229
project/semantic_explanation_validation_v1/03_execution/raw_rpc/001569_FATHOM_FH4_FH4A_eth_sendTransaction.json,ba35c3e4e858b15e9d2297d5226119cd894ecbef35f19fd351b545595c7d16e4,585
project/semantic_explanation_validation_v1/03_execution/raw_rpc/001570_FATHOM_FH4_FH4A_eth_getTransactionReceipt.json,6130ae37c9dc7744b98d7d3b8c69f61737b2ad82dbf6b17500f2dd9c11346d01,1387
project/semantic_explanation_validation_v1/03_execution/raw_rpc/001571_FATHOM_FH4_FH4A_evm_setNextBlockTimestamp.json,da768b443ac492cc905536fdd19333b52161076d30157d088acfd142d005a839,229
project/semantic_explanation_validation_v1/03_execution/raw_rpc/001572_FATHOM_FH4_FH4A_eth_sendTransaction.json,e33271d5a5942b531b194982de37f0b86a1879950ff065c9890ef46a89a49563,585
project/semantic_explanation_validation_v1/03_execution/raw_rpc/001573_FATHOM_FH4_FH4A_eth_getTransactionReceipt.json,e677b6b4685b4acc004ec2a024e7402728835d7636ba5108f9bae3e6669a72fe,1387
project/semantic_explanation_validation_v1/03_execution/raw_rpc/001574_FATHOM_FH4_FH4A_evm_setNextBlockTimestamp.json,06b3377fee7a02d7418bb0178424d4f70756970e2f3cbc9d443520e22c09122e,229
project/semantic_explanation_validation_v1/03_execution/raw_rpc/001575_FATHOM_FH4_FH4A_eth_sendTransaction.json,a9243d15be19739fd8529a8a9da01ae2b7c4fe439928c32bc73694ba4308f33f,585
project/semantic_explanation_validation_v1/03_execution/raw_rpc/001576_FATHOM_FH4_FH4A_eth_getTransactionReceipt.json,cb7346bdd437c797e260e5747fb65810d665eede7cce064c44b9c232a77e76a5,1387
project/semantic_explanation_validation_v1/03_execution/raw_rpc/001577_FATHOM_FH4_FH4A_evm_setNextBlockTimestamp.json,47466c3531f4969f242187528e7d865d4e6ce42789b1c71a3fb9370466558343,229
project/semantic_explanation_validation_v1/03_execution/raw_rpc/001578_FATHOM_FH4_FH4A_eth_call.json,4ef13bc8badc433b6116e815fbd9397c0400b89a35ec1ed11c9aa256dcf51d5c,436
project/semantic_explanation_validation_v1/03_execution/raw_rpc/001579_FATHOM_FH4_FH4A_eth_call.json,e16d19923dfea4b092542d8198f16aef44c1346ee17ea74d93705adbdf1c35f7,436
project/semantic_explanation_validation_v1/03_execution/raw_rpc/001580_FATHOM_FH4_FH4A_eth_call.json,9f877dade7ff681426895d9ab4e5d1f41eb11a489f21477d5dc9aeaf4541bdd5,372
project/semantic_explanation_validation_v1/03_execution/raw_rpc/001581_FATHOM_FH4_FH4A_eth_call.json,944369ec600f94a6273997a1b41c9cd43a94f7f314c0a7e594b080cb2be72baa,372
project/semantic_explanation_validation_v1/03_execution/raw_rpc/001582_FATHOM_FH4_FH4A_eth_call.json,4e5ce2d1e7ba73dded59c753a81bc88c968f505f3fba5dff22196923a5831742,372
project/semantic_explanation_validation_v1/03_execution/raw_rpc/001583_FATHOM_FH4_FH4A_eth_call.json,7f8a1d312139bb17d7433f1e1cb3575f5431c19a2a6c2ae409222a3ad70da51c,372
project/semantic_explanation_validation_v1/03_execution/raw_rpc/001584_FATHOM_FH4_FH4A_eth_call.json,3b000857a02d432ab46263412a599bc941738828cbe22f1d6c2f4ae9cbe114b7,372
project/semantic_explanation_validation_v1/03_execution/raw_rpc/001585_FATHOM_FH4_FH4A_eth_call.json,e561ebb02760bcc39fc5417a8edb8b422c2fc57752446ce89cf2a5420831d329,372
project/semantic_explanation_validation_v1/03_execution/raw_rpc/001586_FATHOM_FH4_FH4A_eth_sendTransaction.json,cef2cf76387af8a3f07834601cfb19ff3e32693b8da61ff5f3e242e092d704d4,457
project/semantic_explanation_validation_v1/03_execution/raw_rpc/001587_FATHOM_FH4_FH4A_eth_getTransactionReceipt.json,8bf8817ef71f0796be0707fef19c40e86c4af7070d39b23d13f97f9effb1831a,1387
project/semantic_explanation_validation_v1/03_execution/raw_rpc/001588_FATHOM_FH4_FH4A_debug_traceTransaction.json.gz,3d216d215634194815610273454a4ffdb9a54bd0729ca33f851d0b3d26fac7c8,146990
project/semantic_explanation_validation_v1/03_execution/raw_rpc/001589_FATHOM_FH4_FH4A_eth_call.json,69f43f150216dbfb80a70da87a4b4d3f2c10a650c69eb829891dd7996d2b4d76,436
project/semantic_explanation_validation_v1/03_execution/raw_rpc/001590_FATHOM_FH4_FH4A_eth_call.json,5297ec39df0efbf0e2956110a51933dda1bfc9934fcdbbcb2b537569dbe0f6fa,436
project/semantic_explanation_validation_v1/03_execution/raw_rpc/001591_FATHOM_FH4_FH4A_eth_call.json,984a7254faff401dd1d39a8dc602d9e473caf9c9b52d0543e1ad0ee7cb2ed184,372
project/semantic_explanation_validation_v1/03_execution/raw_rpc/001592_FATHOM_FH4_FH4A_eth_call.json,683d7bf4ef90bf804011589bcdb80d7997a2daf8c7e0148090a224cd11f6b847,372
project/semantic_explanation_validation_v1/03_execution/raw_rpc/001593_FATHOM_FH4_FH4A_eth_call.json,70c3c085bc5cc4a8dfa73efa9f019f1999ecff8fc2226a12f949ca2159356e92,372
project/semantic_explanation_validation_v1/03_execution/raw_rpc/001594_FATHOM_FH4_FH4A_eth_call.json,0c0f10e7027e11d97359c518b0f744797ede6ed15e27b908da32753d9ac4e104,372
project/semantic_explanation_validation_v1/03_execution/raw_rpc/001595_FATHOM_FH4_FH4A_eth_call.json,2db59a8c08c237936e85d2d8d24c49660af41dfebb13ecfda68c9392f7965d00,372
project/semantic_explanation_validation_v1/03_execution/raw_rpc/001596_FATHOM_FH4_FH4A_eth_call.json,8de81aca370aba60912342069e7b0ee4aa857970f5edeb33da078d955e8b8b0b,372
project/semantic_explanation_validation_v1/03_execution/raw_rpc/001597_FATHOM_FH4_FH4B_hardhat_reset.json,1bc36053ae6fe4e93ff6eb52dbfd373f201af13a90d5375c040727d2f1d8048c,324
project/semantic_explanation_validation_v1/03_execution/raw_rpc/001598_FATHOM_FH4_FH4B_eth_getBlockByNumber.json,f6cb25cfe35da1ad39cfcd56d40e99daf7364851cf3e74562947a9482151cb7f,12120
project/semantic_explanation_validation_v1/03_execution/raw_rpc/001599_FATHOM_FH4_FH4B_hardhat_impersonateAccount.json,378956e29978da35e4c5fb1f1f7fe0e81d2e0b21c6ea64d5d2980f241790e97f,256
project/semantic_explanation_validation_v1/03_execution/raw_rpc/001600_FATHOM_FH4_FH4B_hardhat_setBalance.json,61d7e6e2c1e5c928b3a852130b0eb40553cbe949ccb4cb336419e9edefcd8635,279
project/semantic_explanation_validation_v1/03_execution/raw_rpc/001601_FATHOM_FH4_FH4B_evm_setNextBlockTimestamp.json,31c44a7997a42fc2dd736c798eca156f5ea24dc3edc052c9e432bd827df20dca,229
project/semantic_explanation_validation_v1/03_execution/raw_rpc/001602_FATHOM_FH4_FH4B_eth_sendTransaction.json,253d4599fac403ee92bd0c2fd1c18dfb259e48ff3727d19a0e80abfdc712e396,585
project/semantic_explanation_validation_v1/03_execution/raw_rpc/001603_FATHOM_FH4_FH4B_eth_getTransactionReceipt.json,362091dc9f8fac0655d3298cf02c85676aac1f847f03c1f058b5ae41e0d47bb5,1388
project/semantic_explanation_validation_v1/03_execution/raw_rpc/001604_FATHOM_FH4_FH4B_evm_setNextBlockTimestamp.json,2f55491b3a0df44a7549a28d86e3b04e0db9742161470fef3f9173b9e44aa459,229
project/semantic_explanation_validation_v1/03_execution/raw_rpc/001605_FATHOM_FH4_FH4B_eth_sendTransaction.json,53a23d974eb303f7d13114881993f98f470f9dbb20b81fa1bbee0ad7047a188c,585
project/semantic_explanation_validation_v1/03_execution/raw_rpc/001606_FATHOM_FH4_FH4B_eth_getTransactionReceipt.json,81c644f7473cd8c09b931c45b3e4edfca381165d422d4a024f34c3d7cac303ef,1388
project/semantic_explanation_validation_v1/03_execution/raw_rpc/001607_FATHOM_FH4_FH4B_evm_setNextBlockTimestamp.json,6336752ff16ec32d5e75cb195fe723e0f41fc34fb1e0063fccc405532c74a8d3,229
project/semantic_explanation_validation_v1/03_execution/raw_rpc/001608_FATHOM_FH4_FH4B_eth_sendTransaction.json,97a012e06ef9ca67f949b4aee4312f891ae5c9858b774f5b296d19317b34d128,585
project/semantic_explanation_validation_v1/03_execution/raw_rpc/001609_FATHOM_FH4_FH4B_eth_getTransactionReceipt.json,efa37a622e650c705402371c06771ffc30e799f28e5022cca06a65b2f0963acb,1388
project/semantic_explanation_validation_v1/03_execution/raw_rpc/001610_FATHOM_FH4_FH4B_evm_setNextBlockTimestamp.json,978e0aa7d5c49fbbd6e43f4445f3c79df8c74d98ca7712adc1f8a87657aefbda,229
project/semantic_explanation_validation_v1/03_execution/raw_rpc/001611_FATHOM_FH4_FH4B_eth_sendTransaction.json,3d9544c748e94955a00f9baa4d4b0b029f3ea6b8dad0404038116e41313e4ce4,585
project/semantic_explanation_validation_v1/03_execution/raw_rpc/001612_FATHOM_FH4_FH4B_eth_getTransactionReceipt.json,9e930d5df7adb26c5b4116c1cdff3863f3b470d7f97c22cf8f095e65cfc465f3,1388
project/semantic_explanation_validation_v1/03_execution/raw_rpc/001613_FATHOM_FH4_FH4B_evm_setNextBlockTimestamp.json,56fee151b3246352ce9e508f5e0a221ee72584de87e1b8956a075f6344636f17,229
project/semantic_explanation_validation_v1/03_execution/raw_rpc/001614_FATHOM_FH4_FH4B_eth_sendTransaction.json,a1dd3f05c14c71ca36ae66d776c71a1f7767dfd5e1add529d7c9f18d928dc662,585
project/semantic_explanation_validation_v1/03_execution/raw_rpc/001615_FATHOM_FH4_FH4B_eth_getTransactionReceipt.json,1fed7f74b40f643d1d55334ab5b9e86df5ebc1db4365f0c62fe9406841ba555a,1388
project/semantic_explanation_validation_v1/03_execution/raw_rpc/001616_FATHOM_FH4_FH4B_evm_setNextBlockTimestamp.json,f2b20be659735b1db0e478c6dacf69802c9f9955d7741ae68dd7f953b05b24b0,229
project/semantic_explanation_validation_v1/03_execution/raw_rpc/001617_FATHOM_FH4_FH4B_eth_sendTransaction.json,dd979c7cab289209363f0ce15f4939071b3fcd8b388157ecdcec71dc3e52c9fb,585
project/semantic_explanation_validation_v1/03_execution/raw_rpc/001618_FATHOM_FH4_FH4B_eth_getTransactionReceipt.json,d36b11f49a9dbbfb45e6fbbe558f9b66e61e4c92a4157da2c30f474b6523eca4,1388
project/semantic_explanation_validation_v1/03_execution/raw_rpc/001619_FATHOM_FH4_FH4B_evm_setNextBlockTimestamp.json,f007d8d3d5e4bc0784359a435c748f793348a6603e8dc16f30983551c5f400e5,229
project/semantic_explanation_validation_v1/03_execution/raw_rpc/001620_FATHOM_FH4_FH4B_eth_sendTransaction.json,d2e9736b29a3556995daacaf58d60b76ed4e0e48adbd9a7ea90bd0e37dc3c9af,585
project/semantic_explanation_validation_v1/03_execution/raw_rpc/001621_FATHOM_FH4_FH4B_eth_getTransactionReceipt.json,02cac93d13fd027c327c37f1a4f1848d5cff392acd1aea0bc5c1a8d059855a31,1388
project/semantic_explanation_validation_v1/03_execution/raw_rpc/001622_FATHOM_FH4_FH4B_evm_setNextBlockTimestamp.json,3af45b3cc66a87c7fb34601a90917962c46dc92007d24f4d94d5df510365e37d,229
project/semantic_explanation_validation_v1/03_execution/raw_rpc/001623_FATHOM_FH4_FH4B_eth_sendTransaction.json,11fbb74c335398f0f27d2ceaa19f1e7afdc8061e7e4e20d89e83ffb7e3e3f707,585
project/semantic_explanation_validation_v1/03_execution/raw_rpc/001624_FATHOM_FH4_FH4B_eth_getTransactionReceipt.json,eaf001a22d5edabb0398b3a89c02b783eacf907121cc3a2082c9c3fa71a38d6d,1388
project/semantic_explanation_validation_v1/03_execution/raw_rpc/001625_FATHOM_FH4_FH4B_evm_setNextBlockTimestamp.json,5a9f256eaf524d04ec1b747efe152d8ae82d55375301c01758a1cc86f3b543f4,229
project/semantic_explanation_validation_v1/03_execution/raw_rpc/001626_FATHOM_FH4_FH4B_eth_sendTransaction.json,b358fee432d72ed763000b4b285867681c0e48f7c6b1947fe54efff5121ba6d5,585
project/semantic_explanation_validation_v1/03_execution/raw_rpc/001627_FATHOM_FH4_FH4B_eth_getTransactionReceipt.json,4269029b5f4f436da742e42925b22d1b3d8be8f484b38a06c25c7e2c82fc825e,1388
project/semantic_explanation_validation_v1/03_execution/raw_rpc/001628_FATHOM_FH4_FH4B_evm_setNextBlockTimestamp.json,54e050e79f5ef0aae2281986ee3ed2526f358a1a2c46644faf0aee8b75d016cd,229
project/semantic_explanation_validation_v1/03_execution/raw_rpc/001629_FATHOM_FH4_FH4B_eth_sendTransaction.json,6cf068f7af9c22403ff1083d115556f70f196321c6ce46b51062b37b84bba0ed,585
project/semantic_explanation_validation_v1/03_execution/raw_rpc/001630_FATHOM_FH4_FH4B_eth_getTransactionReceipt.json,7c93b7af1a03812be8543cb043ac8e7f6359b7c79c7806c251b7774d792bbe91,1388
project/semantic_explanation_validation_v1/03_execution/raw_rpc/001631_FATHOM_FH4_FH4B_evm_setNextBlockTimestamp.json,00a6636bf0d91438cf37ec3660f5c95f442d91bb47101708dcd461c006383876,229
project/semantic_explanation_validation_v1/03_execution/raw_rpc/001632_FATHOM_FH4_FH4B_eth_sendTransaction.json,7ba754397044647828d2236ba579290c2f1d50c301663b2379a322cb623337ce,585
project/semantic_explanation_validation_v1/03_execution/raw_rpc/001633_FATHOM_FH4_FH4B_eth_getTransactionReceipt.json,16ac000f9ea7d7de306e0848b90dd56b30a98696891dec1f39cb8fa9dbdf69d1,1387
project/semantic_explanation_validation_v1/03_execution/raw_rpc/001634_FATHOM_FH4_FH4B_evm_setNextBlockTimestamp.json,561e2198e29fa64b7a7a548ad19bd4146698de78d8523c5d46903802cfb957f5,229
project/semantic_explanation_validation_v1/03_execution/raw_rpc/001635_FATHOM_FH4_FH4B_eth_sendTransaction.json,055a8c55decd38a1c34faf4c61d19d3268325eb7d17c0190403def82d510d5f5,585
project/semantic_explanation_validation_v1/03_execution/raw_rpc/001636_FATHOM_FH4_FH4B_eth_getTransactionReceipt.json,6f8f010829fcabbf3df7f8818d6f591a0d871e81d18005fc11da53a68d1097f3,1387
project/semantic_explanation_validation_v1/03_execution/raw_rpc/001637_FATHOM_FH4_FH4B_evm_setNextBlockTimestamp.json,58554d02d15953bd1026f6d0a3804df01b4bb5a5c2d1b419712bfb854bfb4ed5,229
project/semantic_explanation_validation_v1/03_execution/raw_rpc/001638_FATHOM_FH4_FH4B_eth_sendTransaction.json,bd255047f4dcc207c687a381b4b0c6eaa1b2d3da20d19ac610d429a5029fbfc3,585
project/semantic_explanation_validation_v1/03_execution/raw_rpc/001639_FATHOM_FH4_FH4B_eth_getTransactionReceipt.json,c8c3f9ea844e46eec781d5eed6966e23e29ebf65d01f6cfd8da966321351f5d7,1387
project/semantic_explanation_validation_v1/03_execution/raw_rpc/001640_FATHOM_FH4_FH4B_evm_setNextBlockTimestamp.json,7490dde924c3ba3572ba86347c5588eefb7f1d345936be61b7583b69572d2f1d,229
project/semantic_explanation_validation_v1/03_execution/raw_rpc/001641_FATHOM_FH4_FH4B_eth_sendTransaction.json,f0b9c9c5dff984cd2f41a5ac015976645507f313fae63bd0ac65b860bb46b9d0,585
project/semantic_explanation_validation_v1/03_execution/raw_rpc/001642_FATHOM_FH4_FH4B_eth_getTransactionReceipt.json,8c978d8ed3d5fc68a276ab25ce2009447d10627d2b3be1a5cee483d615b6ae33,1387
project/semantic_explanation_validation_v1/03_execution/raw_rpc/001643_FATHOM_FH4_FH4B_evm_setNextBlockTimestamp.json,e1ba8582145584f84428d072067bea6b503574612c1261624c8505017daa0fe4,229
project/semantic_explanation_validation_v1/03_execution/raw_rpc/001644_FATHOM_FH4_FH4B_eth_sendTransaction.json,834b3a0a5a35763ba71f4f2e23b5f68760407ddac6d702bd9105b0d38cac08eb,585
project/semantic_explanation_validation_v1/03_execution/raw_rpc/001645_FATHOM_FH4_FH4B_eth_getTransactionReceipt.json,a0f6d0510e11bf4229d50296fe2440e186dc334bbcecf9566fd6767da5d323b3,1387
project/semantic_explanation_validation_v1/03_execution/raw_rpc/001646_FATHOM_FH4_FH4B_evm_setNextBlockTimestamp.json,08b33b80f458ab85559082f0ab7ad26d4b1327aaf2279bf8002bf33e8254df9f,229
project/semantic_explanation_validation_v1/03_execution/raw_rpc/001647_FATHOM_FH4_FH4B_eth_sendTransaction.json,afca8f254670ba46e19cf33b6aefc96fe7fdad3ae70f8b5f21762615113a0cc0,457
project/semantic_explanation_validation_v1/03_execution/raw_rpc/001648_FATHOM_FH4_FH4B_eth_getTransactionReceipt.json,0917294bd72bd656c3173f0fe8e560dfbcef5a68f09262ce966214a58e0023ae,1387
project/semantic_explanation_validation_v1/03_execution/raw_rpc/001649_FATHOM_FH4_FH4B_evm_setNextBlockTimestamp.json,335eafffd05280bd5d0439d0e101c4f96bbde58b20018e8c5a6b04f1d6cb7fc4,229
project/semantic_explanation_validation_v1/03_execution/raw_rpc/001650_FATHOM_FH4_FH4B_eth_sendTransaction.json,5a3545cfd95cb32f720cafa9bbebb496ae2fb05e30326317c857fbea298d45e3,585
project/semantic_explanation_validation_v1/03_execution/raw_rpc/001651_FATHOM_FH4_FH4B_eth_getTransactionReceipt.json,77c22bb2c88c80ee3d0a6f11aec79f2eaf4eb206ca4aa0ab01097271058eec24,1387
project/semantic_explanation_validation_v1/03_execution/raw_rpc/001652_FATHOM_FH4_FH4B_evm_setNextBlockTimestamp.json,59e91c3cc6c078008515c53e348c7cc0561f127fc5c8af0b8337899d2967ffd8,229
project/semantic_explanation_validation_v1/03_execution/raw_rpc/001653_FATHOM_FH4_FH4B_eth_sendTransaction.json,45a4a64cfdd8207319f5befb89514c12776622b30816381f4de1c13b76a1daab,585
project/semantic_explanation_validation_v1/03_execution/raw_rpc/001654_FATHOM_FH4_FH4B_eth_getTransactionReceipt.json,f0970ddfef1bc64de459bcfb2d4e9fd973ffe2aaddfb550b1488b19c11f5bcd8,1387
project/semantic_explanation_validation_v1/03_execution/raw_rpc/001655_FATHOM_FH4_FH4B_evm_setNextBlockTimestamp.json,7ce5d53c945b29af063c614b6b61c1bc2ec625c185ad86837b690e8a88b5654f,229
project/semantic_explanation_validation_v1/03_execution/raw_rpc/001656_FATHOM_FH4_FH4B_eth_sendTransaction.json,851a2178229b091893f962c496a7b23b0531f59703c06ef22dec9e252838b8b8,585
project/semantic_explanation_validation_v1/03_execution/raw_rpc/001657_FATHOM_FH4_FH4B_eth_getTransactionReceipt.json,b03db28b7a4948d0d1aa3a639448cf36cabc59d23126e0a86866ab97347c6d0b,1387
project/semantic_explanation_validation_v1/03_execution/raw_rpc/001658_FATHOM_FH4_FH4B_evm_setNextBlockTimestamp.json,4df23584de639464e4a3e54d0413e93bf10fa3f273eae6ef6ad162b780c0c234,229
project/semantic_explanation_validation_v1/03_execution/raw_rpc/001659_FATHOM_FH4_FH4B_eth_sendTransaction.json,05bd5b0ab4719d9974210c6d5a6c470cee9754c75d863bd6c334a67e0412471f,585
project/semantic_explanation_validation_v1/03_execution/raw_rpc/001660_FATHOM_FH4_FH4B_eth_getTransactionReceipt.json,ab7005e15b08d364b992de7e55853642e78d8fe42ee3e38a51723af0c7497ec9,1387
project/semantic_explanation_validation_v1/03_execution/raw_rpc/001661_FATHOM_FH4_FH4B_evm_setNextBlockTimestamp.json,494cfdbf67e420609f7e195f85db2ffc5118600039133c96a997746b8dbd4133,229
project/semantic_explanation_validation_v1/03_execution/raw_rpc/001662_FATHOM_FH4_FH4B_eth_sendTransaction.json,ef56822440dfbf0c32d9f13bacef5d038f3d7487adf84a16bf2a6ddbd80b6b1a,585
project/semantic_explanation_validation_v1/03_execution/raw_rpc/001663_FATHOM_FH4_FH4B_eth_getTransactionReceipt.json,e10a15696bf0aefd05344c9a019579459dcb10625991bdb88115b46a6d2ed06a,1387
project/semantic_explanation_validation_v1/03_execution/raw_rpc/001664_FATHOM_FH4_FH4B_evm_setNextBlockTimestamp.json,c575994b548a7792683bf13410d009cbec95ead746182d9782d21ee8fc22e666,229
project/semantic_explanation_validation_v1/03_execution/raw_rpc/001665_FATHOM_FH4_FH4B_eth_sendTransaction.json,19ea46de2e68ea46bd1cc6303dd720c8c552370320493a0931ebed2adda6fe27,585
project/semantic_explanation_validation_v1/03_execution/raw_rpc/001666_FATHOM_FH4_FH4B_eth_getTransactionReceipt.json,0181dac7bff6c154dca3a0c21ba84acf4eb49903dd30d4c03fc7f2938741ec39,1387
project/semantic_explanation_validation_v1/03_execution/raw_rpc/001667_FATHOM_FH4_FH4B_evm_setNextBlockTimestamp.json,6c6f64155bd0b674fe4aa0b4c2ec0e93a8b00764fa04ed951e82de6ae81d3ddc,229
project/semantic_explanation_validation_v1/03_execution/raw_rpc/001668_FATHOM_FH4_FH4B_eth_sendTransaction.json,9de66b3d0623bfa033eb45f0c8c7f2235ec0cbfc8b787b854e99ad6de2ddf6fd,585
project/semantic_explanation_validation_v1/03_execution/raw_rpc/001669_FATHOM_FH4_FH4B_eth_getTransactionReceipt.json,13f30ceff84d8c37ff4e75a04a3628f262c2d72b3756a181957b1c9c227132b4,1387
project/semantic_explanation_validation_v1/03_execution/raw_rpc/001670_FATHOM_FH4_FH4B_evm_setNextBlockTimestamp.json,bf7e8d70cd8c981d89ccac3e19116ec102a091e9ff63fd86ac65fbb90456364a,229
project/semantic_explanation_validation_v1/03_execution/raw_rpc/001671_FATHOM_FH4_FH4B_eth_sendTransaction.json,42c2f8555788a893d119d2206816bd990ec207acfd454f5e518a0dc3b6f8514e,585
project/semantic_explanation_validation_v1/03_execution/raw_rpc/001672_FATHOM_FH4_FH4B_eth_getTransactionReceipt.json,3016c521594ec96b67684a30bda5ed6addd3be12166809ff469a1c8e93d58280,1387
project/semantic_explanation_validation_v1/03_execution/raw_rpc/001673_FATHOM_FH4_FH4B_evm_setNextBlockTimestamp.json,f25f2b588538e1ca4c3ef3517d6a6e3e31643026f0f0c9022fc650e56b847143,229
project/semantic_explanation_validation_v1/03_execution/raw_rpc/001674_FATHOM_FH4_FH4B_eth_sendTransaction.json,5cc4d928005fb5113d51e4f687ffb41ca7857a2b9944873102a10de7522d8684,585
project/semantic_explanation_validation_v1/03_execution/raw_rpc/001675_FATHOM_FH4_FH4B_eth_getTransactionReceipt.json,93032071d6f5558f05fa12cadad6150708959d460cfd7dffe919cd9cd7d1ae2f,1387
project/semantic_explanation_validation_v1/03_execution/raw_rpc/001676_FATHOM_FH4_FH4B_evm_setNextBlockTimestamp.json,e5ea72a29ca084c51454d0f7dfb6c0079e5d69b9373842201336821f0852bd95,229
project/semantic_explanation_validation_v1/03_execution/raw_rpc/001677_FATHOM_FH4_FH4B_eth_sendTransaction.json,ab1d8b4e3da6e8a09feb40140cfdf5a7959f1a57b982758f90db7bc1a597b6a5,585
project/semantic_explanation_validation_v1/03_execution/raw_rpc/001678_FATHOM_FH4_FH4B_eth_getTransactionReceipt.json,1e28657e5ee48e9f34d31d0edb8b08b47d3ac60525e95ff4b53f927c54cd9800,1387
project/semantic_explanation_validation_v1/03_execution/raw_rpc/001679_FATHOM_FH4_FH4B_evm_setNextBlockTimestamp.json,657cac72665ebbdab53f9cc02593e2c0f59f27e225a1e74525b9cb408509ff92,229
project/semantic_explanation_validation_v1/03_execution/raw_rpc/001680_FATHOM_FH4_FH4B_eth_sendTransaction.json,8a6853ed6104fca8e895f831a12c447f99086c753b66e9d3a0d9a19bb13224f9,585
project/semantic_explanation_validation_v1/03_execution/raw_rpc/001681_FATHOM_FH4_FH4B_eth_getTransactionReceipt.json,b903f6730a1a2b39687d2f50b04bf069c848e26ec6cdb52d9af098fc3728558e,1387
project/semantic_explanation_validation_v1/03_execution/raw_rpc/001682_FATHOM_FH4_FH4B_evm_setNextBlockTimestamp.json,a57948561edc4292d05045c9be978c1535713c4d75e1c77271e0b58be8a54112,229
project/semantic_explanation_validation_v1/03_execution/raw_rpc/001683_FATHOM_FH4_FH4B_eth_sendTransaction.json,ede3af480cd54f6fd1a293a8b46c596b105d1c1afbc2f2a595b36a363ebe5539,585
project/semantic_explanation_validation_v1/03_execution/raw_rpc/001684_FATHOM_FH4_FH4B_eth_getTransactionReceipt.json,7d21620cc10ee6f28ea847cd2d34cb61942e21681f10056702a4af64a7beb603,1387
project/semantic_explanation_validation_v1/03_execution/raw_rpc/001685_FATHOM_FH4_FH4B_evm_setNextBlockTimestamp.json,4a5750b126cd048172d4923d2415708d5663ffba44efa7228b95f1e179e77979,229
project/semantic_explanation_validation_v1/03_execution/raw_rpc/001686_FATHOM_FH4_FH4B_eth_sendTransaction.json,93992201294dc505b2b9ec5f9c7e56b1c6b37c0c0cd1c64eaef6745adb8ec961,585
project/semantic_explanation_validation_v1/03_execution/raw_rpc/001687_FATHOM_FH4_FH4B_eth_getTransactionReceipt.json,08d2bce38676a25b26af340ed322a028ab672115117d3a21d631cf86e620b29c,1387
project/semantic_explanation_validation_v1/03_execution/raw_rpc/001688_FATHOM_FH4_FH4B_evm_setNextBlockTimestamp.json,a69c6ac81a32ed30f8586003dcbaa8e4e9ca9aee3e13e9a2ee0ca4d9b9e9ba3f,229
project/semantic_explanation_validation_v1/03_execution/raw_rpc/001689_FATHOM_FH4_FH4B_eth_sendTransaction.json,84e042469dcff74f679cbc9eda3d4d928bc9627a24aa9556c7719c3422831184,585
project/semantic_explanation_validation_v1/03_execution/raw_rpc/001690_FATHOM_FH4_FH4B_eth_getTransactionReceipt.json,3303ff701021f0f631ba6719ba4bfed743e6b52823786cf4473cb9434bd56714,1387
project/semantic_explanation_validation_v1/03_execution/raw_rpc/001691_FATHOM_FH4_FH4B_evm_setNextBlockTimestamp.json,dfaea6191d98cba5751f84cf4e1c28167b546a73b132eeb9d5d3dbe98a588cbf,229
project/semantic_explanation_validation_v1/03_execution/raw_rpc/001692_FATHOM_FH4_FH4B_eth_sendTransaction.json,86afc7e62c5d04bc78cc5dbb39c1d6e99e656454f4944f7d4e3d6b4419c4e9c2,585
project/semantic_explanation_validation_v1/03_execution/raw_rpc/001693_FATHOM_FH4_FH4B_eth_getTransactionReceipt.json,4ad83b607a5b6ac0385211b342f71446e9f75e0e944267916472dc670f1183d8,1387
project/semantic_explanation_validation_v1/03_execution/raw_rpc/001694_FATHOM_FH4_FH4B_evm_setNextBlockTimestamp.json,380f1637886a0bd3a36dbf6d105b153843553c9ef8bf1de0293e6da68e316ce8,229
project/semantic_explanation_validation_v1/03_execution/raw_rpc/001695_FATHOM_FH4_FH4B_eth_sendTransaction.json,3295d5a10539b99e5dd2aad63f51eb650bbfcd6c6e6c5228f0e4524919371eb6,457
project/semantic_explanation_validation_v1/03_execution/raw_rpc/001696_FATHOM_FH4_FH4B_eth_getTransactionReceipt.json,0106b2d2be0c6639d18bd914449475e3965dd7ba46a98807a255f97464d05730,1387
project/semantic_explanation_validation_v1/03_execution/raw_rpc/001697_FATHOM_FH4_FH4B_evm_setNextBlockTimestamp.json,201aabc957989099cad89e17f6e6454fd815934d4ece16c8666880a6ec95230f,229
project/semantic_explanation_validation_v1/03_execution/raw_rpc/001698_FATHOM_FH4_FH4B_eth_sendTransaction.json,fdb6ebbf9e5818a4388652621882545094fb45169d9c3f245a5d9eb97bea7775,585
project/semantic_explanation_validation_v1/03_execution/raw_rpc/001699_FATHOM_FH4_FH4B_eth_getTransactionReceipt.json,bed16ee817c0d4f6665f191c273a5de4042a2424e7ab55b7a69a5e13bbb1a279,1387
project/semantic_explanation_validation_v1/03_execution/raw_rpc/001700_FATHOM_FH4_FH4B_evm_setNextBlockTimestamp.json,b532531faac34e70ee26b88044fd8c717936444f4ddc2b9cffb4c00df946a661,229
project/semantic_explanation_validation_v1/03_execution/raw_rpc/001701_FATHOM_FH4_FH4B_eth_sendTransaction.json,c230aced4928a02ffe19cca88a06fcaeb5b439020360b8a0381687bf3600e3ea,585
project/semantic_explanation_validation_v1/03_execution/raw_rpc/001702_FATHOM_FH4_FH4B_eth_getTransactionReceipt.json,3e968e4144ab1b2c4dd5ac701873c4d0a61f303c72804359fccf0db7c5e20e26,1387
project/semantic_explanation_validation_v1/03_execution/raw_rpc/001703_FATHOM_FH4_FH4B_evm_setNextBlockTimestamp.json,5505c382dbb9093a30e42974fd0c7189ed6626eac1aff50c36bcb61b27da60f4,229
project/semantic_explanation_validation_v1/03_execution/raw_rpc/001704_FATHOM_FH4_FH4B_eth_sendTransaction.json,67172530fa093cd81baf59620b2f4e0c0246514a22e4a38aa44179a230380e0d,585
project/semantic_explanation_validation_v1/03_execution/raw_rpc/001705_FATHOM_FH4_FH4B_eth_getTransactionReceipt.json,7cc9f1b88c5335d7039ff316fa597457c42baab58d01f8e9f810fe52b823d809,1387
project/semantic_explanation_validation_v1/03_execution/raw_rpc/001706_FATHOM_FH4_FH4B_evm_setNextBlockTimestamp.json,cf068102f1ca058afc05a9696ba6a90df51a2aa542ec0af6210ee566627fef59,229
project/semantic_explanation_validation_v1/03_execution/raw_rpc/001707_FATHOM_FH4_FH4B_eth_sendTransaction.json,a2ca44526ea158283082f0ce5cb1c57821da2ad33724991daed1c1d3ef0e2972,585
project/semantic_explanation_validation_v1/03_execution/raw_rpc/001708_FATHOM_FH4_FH4B_eth_getTransactionReceipt.json,4e9870584068184c6ca7e669684839d1ffadcf1b8de0b61b5cb50cb0283940ec,1387
project/semantic_explanation_validation_v1/03_execution/raw_rpc/001709_FATHOM_FH4_FH4B_evm_setNextBlockTimestamp.json,1e64dfff43c25cf00a300b769392584140ca7b5f8ded803d1bd7cdfdb2c6f88c,229
project/semantic_explanation_validation_v1/03_execution/raw_rpc/001710_FATHOM_FH4_FH4B_eth_sendTransaction.json,fdbc029ad81eb86fb4f0a64658dfa14122de8f503cd9fc17689c775375fd6a51,585
project/semantic_explanation_validation_v1/03_execution/raw_rpc/001711_FATHOM_FH4_FH4B_eth_getTransactionReceipt.json,c8c6a08314a580529f42502c4d8ecf84f9f08a791e52d1395a6f6be4d528563b,1387
project/semantic_explanation_validation_v1/03_execution/raw_rpc/001712_FATHOM_FH4_FH4B_evm_setNextBlockTimestamp.json,11206eb455bd4380bc263b16d5e6e5509dc3265eb6226d4895b69c8773d2a767,229
project/semantic_explanation_validation_v1/03_execution/raw_rpc/001713_FATHOM_FH4_FH4B_eth_sendTransaction.json,17840c1a551ac9737b72cc392b3754dc77565eaa8355719d7850c773dd6bf080,585
project/semantic_explanation_validation_v1/03_execution/raw_rpc/001714_FATHOM_FH4_FH4B_eth_getTransactionReceipt.json,ce28b01ea2a205261223588162288f1fba0a3119af1d9f454650e3493c825079,1387
project/semantic_explanation_validation_v1/03_execution/raw_rpc/001715_FATHOM_FH4_FH4B_evm_setNextBlockTimestamp.json,0196617c245d40bcb7c2c133bd654b7d9b0df17ced33ed0e1d4701b373f7ef63,229
project/semantic_explanation_validation_v1/03_execution/raw_rpc/001716_FATHOM_FH4_FH4B_eth_sendTransaction.json,0bb961662f236486f3da10af4a701fc82c18c74d5b2aa2cdc96a87e09763a3a3,585
project/semantic_explanation_validation_v1/03_execution/raw_rpc/001717_FATHOM_FH4_FH4B_eth_getTransactionReceipt.json,863e5cb387c31fbb1a6c1e25f76539042e168020bebfe0daadacbced9722c239,1387
project/semantic_explanation_validation_v1/03_execution/raw_rpc/001718_FATHOM_FH4_FH4B_evm_setNextBlockTimestamp.json,fc0ab1e2ddcd2ab169b030c506af2c04c20f464b542e6dd7f9f4221db6912e1e,229
project/semantic_explanation_validation_v1/03_execution/raw_rpc/001719_FATHOM_FH4_FH4B_eth_sendTransaction.json,235303a56e7bfffb80e1118d387110fc7cb30755e4a8843e72fff53e3b017d3a,585
project/semantic_explanation_validation_v1/03_execution/raw_rpc/001720_FATHOM_FH4_FH4B_eth_getTransactionReceipt.json,fe17d412ce95fd92ea6b6d15e453f734b2bad8c0393da687f506572c6a9c696f,1387
project/semantic_explanation_validation_v1/03_execution/raw_rpc/001721_FATHOM_FH4_FH4B_evm_setNextBlockTimestamp.json,22c97a952bc224d49d97ee191ee7d7c3e4411dc5ab1f707fe50fa10711900c5e,229
project/semantic_explanation_validation_v1/03_execution/raw_rpc/001722_FATHOM_FH4_FH4B_eth_sendTransaction.json,f6189209197b398347c57a33a36ebaa874c29609a5bd02ab5507bb5dc7f74c4b,585
project/semantic_explanation_validation_v1/03_execution/raw_rpc/001723_FATHOM_FH4_FH4B_eth_getTransactionReceipt.json,4535329ed4e3e7343de96f3f0b5bfcf3b6d24a09769d2a1c0c2399a641eb7d50,1387
project/semantic_explanation_validation_v1/03_execution/raw_rpc/001724_FATHOM_FH4_FH4B_evm_setNextBlockTimestamp.json,465a08c6b381f7eda3dc9c2fe972cfb5758727b4ff668b89d1395460ae241212,229
project/semantic_explanation_validation_v1/03_execution/raw_rpc/001725_FATHOM_FH4_FH4B_eth_sendTransaction.json,d3b52dc1290670fc50242e9db654a2874079f7db1e2a38f518928665c62dff26,585
project/semantic_explanation_validation_v1/03_execution/raw_rpc/001726_FATHOM_FH4_FH4B_eth_getTransactionReceipt.json,fd67f4c6213ca1750d37828a99a2bf6263b384eaddcebc5bc62925cb4651dcdf,1387
project/semantic_explanation_validation_v1/03_execution/raw_rpc/001727_FATHOM_FH4_FH4B_evm_setNextBlockTimestamp.json,48b813c115010fc80bdfd46291bda8c3c6d6022e749066b029d651b0b801aab0,229
project/semantic_explanation_validation_v1/03_execution/raw_rpc/001728_FATHOM_FH4_FH4B_eth_sendTransaction.json,86b765a37daa9d2adb73c4ffba83c6251652537a4989b8ea85a72ff11abc41fc,585
project/semantic_explanation_validation_v1/03_execution/raw_rpc/001729_FATHOM_FH4_FH4B_eth_getTransactionReceipt.json,902eebc55da05a9548c29c4387934b01693f29d0a6974c3611fb97e5aa61d917,1387
project/semantic_explanation_validation_v1/03_execution/raw_rpc/001730_FATHOM_FH4_FH4B_evm_setNextBlockTimestamp.json,c81e51e17e1e5da1ee2641efd00250347786c82d0666c5c436ab848f06f13011,229
project/semantic_explanation_validation_v1/03_execution/raw_rpc/001731_FATHOM_FH4_FH4B_eth_sendTransaction.json,e82d0e7aa59f2f97eb369019788cb0916ee9cbe1f76b7031a4241c974c603677,585
project/semantic_explanation_validation_v1/03_execution/raw_rpc/001732_FATHOM_FH4_FH4B_eth_getTransactionReceipt.json,3a9bada238be4db830739d11e9d971e894108046c634ed8bbbd299965597fdf7,1387
project/semantic_explanation_validation_v1/03_execution/raw_rpc/001733_FATHOM_FH4_FH4B_evm_setNextBlockTimestamp.json,e22da5d3614f5dfe1a4799a4f61590d607a76a4b78d6336b7e73a86d94f77a8f,229
project/semantic_explanation_validation_v1/03_execution/raw_rpc/001734_FATHOM_FH4_FH4B_eth_sendTransaction.json,8374c75764645e9b8c124bf80956f950c3ee1127cd7dce6d0b63fa5db4caabb1,585
project/semantic_explanation_validation_v1/03_execution/raw_rpc/001735_FATHOM_FH4_FH4B_eth_getTransactionReceipt.json,fb13cfc1a1a9d67a36f6bf08a96694cec8cd70c97b5587da5702b5b8a7c8ec62,1387
project/semantic_explanation_validation_v1/03_execution/raw_rpc/001736_FATHOM_FH4_FH4B_evm_setNextBlockTimestamp.json,a16f3f0a7ab102cdf62db5057a8139113e81ee875aefcc391ed80fbd2b6d7e32,229
project/semantic_explanation_validation_v1/03_execution/raw_rpc/001737_FATHOM_FH4_FH4B_eth_sendTransaction.json,b0a847956683c1869f5240f618902a287be3eaa6b954d455527be69863ee5b49,585
project/semantic_explanation_validation_v1/03_execution/raw_rpc/001738_FATHOM_FH4_FH4B_eth_getTransactionReceipt.json,a6f5e6fb844c7230c6188a9c25859ec568bd111cac40c04dab2cd73e34068f17,1387
project/semantic_explanation_validation_v1/03_execution/raw_rpc/001739_FATHOM_FH4_FH4B_evm_setNextBlockTimestamp.json,9eddbeed49d619367494b0c03683b66336150cce76bb5f7afc54604016d92b0f,229
project/semantic_explanation_validation_v1/03_execution/raw_rpc/001740_FATHOM_FH4_FH4B_eth_sendTransaction.json,39abf17d155b2435b31816b7f34d862b441cfefec62a8aa819cf4d4e70d9bd3b,585
project/semantic_explanation_validation_v1/03_execution/raw_rpc/001741_FATHOM_FH4_FH4B_eth_getTransactionReceipt.json,346c28f90064b14ad7a550247df52362a3454f9ac2729f66a18d18dc1871d6ca,1387
project/semantic_explanation_validation_v1/03_execution/raw_rpc/001742_FATHOM_FH4_FH4B_evm_setNextBlockTimestamp.json,acf997e3169afd44d16e4f20fa136e57b5d81e59bb774b855c953a26adb21b58,229
project/semantic_explanation_validation_v1/03_execution/raw_rpc/001743_FATHOM_FH4_FH4B_eth_sendTransaction.json,bbe969c605efcacf4e179cf513a3f5026d37306c23885bf9a8d6f4884e6d07b6,457
project/semantic_explanation_validation_v1/03_execution/raw_rpc/001744_FATHOM_FH4_FH4B_eth_getTransactionReceipt.json,f552c4964704342adfa808e6698ab09379f32eee4074c4d4830c15aed72c6d6b,1387
project/semantic_explanation_validation_v1/03_execution/raw_rpc/001745_FATHOM_FH4_FH4B_evm_setNextBlockTimestamp.json,f66dc11434cb9af7610126f78fecfc2b4a4723f972269046e21b73959a636f4c,229
project/semantic_explanation_validation_v1/03_execution/raw_rpc/001746_FATHOM_FH4_FH4B_eth_sendTransaction.json,78f3587d5990d5a4d3939ffbbfe48ca74501c2478df72095622a713f88995c7f,585
project/semantic_explanation_validation_v1/03_execution/raw_rpc/001747_FATHOM_FH4_FH4B_eth_getTransactionReceipt.json,791019e2781d073a9c8c70bae41a2daaae941a7fa43106b6401c0a2b05d88f53,1387
project/semantic_explanation_validation_v1/03_execution/raw_rpc/001748_FATHOM_FH4_FH4B_evm_setNextBlockTimestamp.json,8af8122b6cae86fa1b4b48a2686ca012bb5d12dd5a7ba79e694131ce16c058e6,229
project/semantic_explanation_validation_v1/03_execution/raw_rpc/001749_FATHOM_FH4_FH4B_eth_sendTransaction.json,77fd34c68103f1ebafde5d07f68554d5665567c299ee55b3a71876edfdbfe3ea,585
project/semantic_explanation_validation_v1/03_execution/raw_rpc/001750_FATHOM_FH4_FH4B_eth_getTransactionReceipt.json,077fae6694270a1aa99d2d91c2fa3ccee7efd221fde1999d96ef5187271898e4,1387
project/semantic_explanation_validation_v1/03_execution/raw_rpc/001751_FATHOM_FH4_FH4B_evm_setNextBlockTimestamp.json,9e8b23b78b8fc6e85430e51114eac2d0de0a6b073ff6ed380adcf6815c4bf27c,229
project/semantic_explanation_validation_v1/03_execution/raw_rpc/001752_FATHOM_FH4_FH4B_eth_sendTransaction.json,3de8d30551466735319f489231f67c6bbf317aac601a1a2f5ad9ca9d55f04f99,585
project/semantic_explanation_validation_v1/03_execution/raw_rpc/001753_FATHOM_FH4_FH4B_eth_getTransactionReceipt.json,5da624c2d2a2ced6290a49430d329b55fb84fc7a69ed8238c770ad1980a4c50f,1387
project/semantic_explanation_validation_v1/03_execution/raw_rpc/001754_FATHOM_FH4_FH4B_evm_setNextBlockTimestamp.json,c05e582530c826d2d05368ac842f02d424294ab055e1370b97b058385ed9e284,229
project/semantic_explanation_validation_v1/03_execution/raw_rpc/001755_FATHOM_FH4_FH4B_eth_sendTransaction.json,c04fd184fb9e24ca5608a84a1db1e74ce28bc26bb0325f9bf49c72b1130ecb96,585
project/semantic_explanation_validation_v1/03_execution/raw_rpc/001756_FATHOM_FH4_FH4B_eth_getTransactionReceipt.json,64678c705a52534711f7ac140bc120cd9e46d27c58e803ae976a444d99343038,1387
project/semantic_explanation_validation_v1/03_execution/raw_rpc/001757_FATHOM_FH4_FH4B_evm_setNextBlockTimestamp.json,d23a32ed8cb68834a9757fd393c7a152a1d1701e6de8960bd77a3555b12bd3dc,229
project/semantic_explanation_validation_v1/03_execution/raw_rpc/001758_FATHOM_FH4_FH4B_eth_sendTransaction.json,4cee44cc9d5186e260b4321c7b5154e17f5281f3dd160db050d9fc9b6eb7bd2e,585
project/semantic_explanation_validation_v1/03_execution/raw_rpc/001759_FATHOM_FH4_FH4B_eth_getTransactionReceipt.json,2fdc137056d79e6738516d073d12f9e2bb917dd41861156f2c68200385781418,1387
project/semantic_explanation_validation_v1/03_execution/raw_rpc/001760_FATHOM_FH4_FH4B_evm_setNextBlockTimestamp.json,578e7e34f831fb52b83310a6b00b983c1814cf6eb98a19476f2d1eb2d44b38c7,229
project/semantic_explanation_validation_v1/03_execution/raw_rpc/001761_FATHOM_FH4_FH4B_eth_sendTransaction.json,7b0b06cd2d6f89e71ea4de98d8d27d5b257fddd85da65049a36592d1d89e009d,585
project/semantic_explanation_validation_v1/03_execution/raw_rpc/001762_FATHOM_FH4_FH4B_eth_getTransactionReceipt.json,a53edd7508d1da4b05231184d882837eba7ffd2c8088272e7ac4e8f7cb80d55f,1387
project/semantic_explanation_validation_v1/03_execution/raw_rpc/001763_FATHOM_FH4_FH4B_evm_setNextBlockTimestamp.json,8216f1f4bceaf8802194deb5283397da549222e5cafee66549f6e03779a3209f,229
project/semantic_explanation_validation_v1/03_execution/raw_rpc/001764_FATHOM_FH4_FH4B_eth_sendTransaction.json,d39bd13e122eb933e727d5cf89d71c7f34072f325928f7b6140a6ccf27c9466d,585
project/semantic_explanation_validation_v1/03_execution/raw_rpc/001765_FATHOM_FH4_FH4B_eth_getTransactionReceipt.json,3fb7e9040de92b9076d7de7f885dc3053911eaea8403f7e10028115078869685,1387
project/semantic_explanation_validation_v1/03_execution/raw_rpc/001766_FATHOM_FH4_FH4B_evm_setNextBlockTimestamp.json,a4fd29e056c18f8f6bc488962de2930f0495623424fd5a875367d0f12a1ea40f,229
project/semantic_explanation_validation_v1/03_execution/raw_rpc/001767_FATHOM_FH4_FH4B_eth_sendTransaction.json,635b90f90394b25c002a4fa2c698c9143dfdeac815e3a9089a270c38d5101718,585
project/semantic_explanation_validation_v1/03_execution/raw_rpc/001768_FATHOM_FH4_FH4B_eth_getTransactionReceipt.json,069e524b4750a2df7d30321fd6e2015ffc396af135ba514793e59b827404d796,1387
project/semantic_explanation_validation_v1/03_execution/raw_rpc/001769_FATHOM_FH4_FH4B_evm_setNextBlockTimestamp.json,a384db8f5e8214c7f77cca38834fb96def2d5a17ad4dce05c71275be1a5ca0e0,229
project/semantic_explanation_validation_v1/03_execution/raw_rpc/001770_FATHOM_FH4_FH4B_eth_sendTransaction.json,97f1f19f56c5e4cd081ef07d35452dd2ee54e139d86a329f4d186ce2d37baa07,585
project/semantic_explanation_validation_v1/03_execution/raw_rpc/001771_FATHOM_FH4_FH4B_eth_getTransactionReceipt.json,d4abce4050ca6d4d8b351f29c7a1d5dc9a260564c528d515a13f20fc9b606ace,1387
project/semantic_explanation_validation_v1/03_execution/raw_rpc/001772_FATHOM_FH4_FH4B_evm_setNextBlockTimestamp.json,9bcaa2ca293bee205b7e5f2f381df08adc946c845dbbb0759c78b43e78d01705,229
project/semantic_explanation_validation_v1/03_execution/raw_rpc/001773_FATHOM_FH4_FH4B_eth_sendTransaction.json,14b5240316ac2ac7dee2ddabc7a53539633ff3c3ee7cfb4b551ff7c431969eb0,585
project/semantic_explanation_validation_v1/03_execution/raw_rpc/001774_FATHOM_FH4_FH4B_eth_getTransactionReceipt.json,2c982a27b1fed1f69f2afc1f904acf18fe2088b542a9c4aeadfe7ac175461323,1387
project/semantic_explanation_validation_v1/03_execution/raw_rpc/001775_FATHOM_FH4_FH4B_evm_setNextBlockTimestamp.json,ef0c5572e58c1f590d558c92d3574695e65f913b3183874140c06f034d4e8202,229
project/semantic_explanation_validation_v1/03_execution/raw_rpc/001776_FATHOM_FH4_FH4B_eth_sendTransaction.json,02c2a1e15e5fa87f540b4843f66ed68abb3f3a41d7957e350a4a040a5b575048,585
project/semantic_explanation_validation_v1/03_execution/raw_rpc/001777_FATHOM_FH4_FH4B_eth_getTransactionReceipt.json,340f44db444bd0aeb861d6d1ed9a8fbfddd8f2c61a614dac6e7d5c3041552c00,1387
project/semantic_explanation_validation_v1/03_execution/raw_rpc/001778_FATHOM_FH4_FH4B_evm_setNextBlockTimestamp.json,8a9f5d36f62fc7955385a1a3501610ee78be62ebd7ce77599482b8826fec1257,229
project/semantic_explanation_validation_v1/03_execution/raw_rpc/001779_FATHOM_FH4_FH4B_eth_sendTransaction.json,92b7747ebda565cc84325a8c894229f5f4d8793815fdb47d5e48721629bfe268,585
project/semantic_explanation_validation_v1/03_execution/raw_rpc/001780_FATHOM_FH4_FH4B_eth_getTransactionReceipt.json,edb7a04ca55f56e324fa04fa9d5109a78f327723e0e1e3d963bc8719fcfbb522,1387
project/semantic_explanation_validation_v1/03_execution/raw_rpc/001781_FATHOM_FH4_FH4B_evm_setNextBlockTimestamp.json,0a2c98e8a309810e26717f5f8e3065b82d1d19405ef0bfd80e3534a2f0bcfe92,229
project/semantic_explanation_validation_v1/03_execution/raw_rpc/001782_FATHOM_FH4_FH4B_eth_sendTransaction.json,74e639d82b0f5d4ab2c9334ff0d2e2d4237c474fa0e8232deda91824d60f4dd4,585
project/semantic_explanation_validation_v1/03_execution/raw_rpc/001783_FATHOM_FH4_FH4B_eth_getTransactionReceipt.json,2a1599d738e9d4cb63527a268ff1bcbcd2d5d5fe0e57378250fe768a922f914f,1387
project/semantic_explanation_validation_v1/03_execution/raw_rpc/001784_FATHOM_FH4_FH4B_evm_setNextBlockTimestamp.json,89dd614667b4edf612b7b3446786a0b86e9e3c68fd618ab103aa39757a263e70,229
project/semantic_explanation_validation_v1/03_execution/raw_rpc/001785_FATHOM_FH4_FH4B_eth_sendTransaction.json,47d0617296549ec5c480c3e966744bc1a60056ad11338c817e08490e4fb79bbd,585
project/semantic_explanation_validation_v1/03_execution/raw_rpc/001786_FATHOM_FH4_FH4B_eth_getTransactionReceipt.json,1f0a32b704032cb0b2a3eb0d05c5df8c76b77653bc313515116ddf3e0828ae3a,1387
project/semantic_explanation_validation_v1/03_execution/raw_rpc/001787_FATHOM_FH4_FH4B_evm_setNextBlockTimestamp.json,a22cf9a678913cf5aead59c718615a9708690f189522b111d424388f54023dfe,229
project/semantic_explanation_validation_v1/03_execution/raw_rpc/001788_FATHOM_FH4_FH4B_eth_sendTransaction.json,78a7410733da27ed68134966f61346c59ca30e7ef7c53884269a11acc64a7b0a,585
project/semantic_explanation_validation_v1/03_execution/raw_rpc/001789_FATHOM_FH4_FH4B_eth_getTransactionReceipt.json,3aaa341c7d8b9207184f612d8eb0aed72720454332739e8283f5adf7240070cc,1387
project/semantic_explanation_validation_v1/03_execution/raw_rpc/001790_FATHOM_FH4_FH4B_evm_setNextBlockTimestamp.json,ecfe0d7c5610dc6b1aae81cde77b980d0fcdc5684e73af292948f1ea588fcaaf,229
project/semantic_explanation_validation_v1/03_execution/raw_rpc/001791_FATHOM_FH4_FH4B_eth_call.json,dc4fbf67d0bbd9abc02458d533e53ebda8e6e9393c36c39301c1a41421c8a3d0,436
project/semantic_explanation_validation_v1/03_execution/raw_rpc/001792_FATHOM_FH4_FH4B_eth_call.json,3b0f482ba9c7f0eebd4be535cd4a8f3bea2ac94b8ec6e9a7a2dce52b66ed8350,436
project/semantic_explanation_validation_v1/03_execution/raw_rpc/001793_FATHOM_FH4_FH4B_eth_call.json,80dd868cf244dba72fc41a4ade63fc89dd8599eb394414946fef709fb1a0ad82,372
project/semantic_explanation_validation_v1/03_execution/raw_rpc/001794_FATHOM_FH4_FH4B_eth_call.json,0d0011ba78cb7650ab70433824c57873cc66dbf00e1201d58747f9e1b78d39b7,372
project/semantic_explanation_validation_v1/03_execution/raw_rpc/001795_FATHOM_FH4_FH4B_eth_call.json,4f800edd2aaade1b7a456cc9d45614c036edd3ed924a3671c425249c11470242,372
project/semantic_explanation_validation_v1/03_execution/raw_rpc/001796_FATHOM_FH4_FH4B_eth_call.json,4e428e771a77a70ec92dac68acc6053c8a60c11daa88c8626597662f6e993d3e,372
project/semantic_explanation_validation_v1/03_execution/raw_rpc/001797_FATHOM_FH4_FH4B_eth_call.json,167d14e87c63e52175a513256ecf830eb382da2ee104a88867f84aa2237a8bd0,372
project/semantic_explanation_validation_v1/03_execution/raw_rpc/001798_FATHOM_FH4_FH4B_eth_call.json,78291729063c09eea6dadc3f9ac88d5b0467de2f5dcafb4014dee6ddf731321a,372
project/semantic_explanation_validation_v1/03_execution/raw_rpc/001799_FATHOM_FH4_FH4B_eth_sendTransaction.json,007d9ab3174af8915bc6086f0f9b13d10a9ea3c8e7b0cd3112c9b451aaabc8e7,457
project/semantic_explanation_validation_v1/03_execution/raw_rpc/001800_FATHOM_FH4_FH4B_eth_getTransactionReceipt.json,1b8ada79b03fe89ec88407ad94213a80a333e81e1fa455a119cae4290f46770d,1387
project/semantic_explanation_validation_v1/03_execution/raw_rpc/001801_FATHOM_FH4_FH4B_debug_traceTransaction.json.gz,c66baffce4b7a71bf288189db22ce0ad242436e4e166f94e4ae0edd35f319050,144196
project/semantic_explanation_validation_v1/03_execution/raw_rpc/001802_FATHOM_FH4_FH4B_eth_call.json,dc392be0cb5d8a2e045fb0a5a7653dc27608286b23a7fa3bea18c2cade4178cf,436
project/semantic_explanation_validation_v1/03_execution/raw_rpc/001803_FATHOM_FH4_FH4B_eth_call.json,565840f90078ec484a7585f81f7fca7d89c7605794b0552109d416f67be3ef25,436
project/semantic_explanation_validation_v1/03_execution/raw_rpc/001804_FATHOM_FH4_FH4B_eth_call.json,611d7478f7648bfaf1aa24fd9569848ce22e5a69f0d7cf51925a45da7376e366,372
project/semantic_explanation_validation_v1/03_execution/raw_rpc/001805_FATHOM_FH4_FH4B_eth_call.json,2fc092d7af762459087ec516f1be0a9addbc9b3fd8d3ed1fcdc1110763d0a5ae,372
project/semantic_explanation_validation_v1/03_execution/raw_rpc/001806_FATHOM_FH4_FH4B_eth_call.json,787ec6db4380f949819271ad02292e3a2d617d0f64d72b241267c4e354143321,372
project/semantic_explanation_validation_v1/03_execution/raw_rpc/001807_FATHOM_FH4_FH4B_eth_call.json,b20cf269322ac97b5da937c0871b0bba4b11d4dbe76e53dc644af85425d0d266,372
project/semantic_explanation_validation_v1/03_execution/raw_rpc/001808_FATHOM_FH4_FH4B_eth_call.json,67763c4c5d716915a0335545f3e88e4bee04096823a4a0ea6d06da03fb0302a8,372
project/semantic_explanation_validation_v1/03_execution/raw_rpc/001809_FATHOM_FH4_FH4B_eth_call.json,4e4a175d06c166a701ea5f0e114f11773a04561760f76dacf3f895af450fb864,372
project/semantic_explanation_validation_v1/03_execution/raw_rpc/001810_FATHOM_FH5_FH5A_hardhat_reset.json,2269a50adaf9271f22cf9c08d957ea4c4306132f2ab25af8b0bed188a08fa0f9,324
project/semantic_explanation_validation_v1/03_execution/raw_rpc/001811_FATHOM_FH5_FH5A_eth_getBlockByNumber.json,ce8cde507a3111611a60e295c8135a1664a2d5b0b827e619b94ee4a128928641,12120
project/semantic_explanation_validation_v1/03_execution/raw_rpc/001812_FATHOM_FH5_FH5A_hardhat_impersonateAccount.json,708db230fe34fd44b2f6a6076139d327c162fa8402abfafa649a9e3a34b25fc6,256
project/semantic_explanation_validation_v1/03_execution/raw_rpc/001813_FATHOM_FH5_FH5A_hardhat_setBalance.json,5ed92252fde41e3b306295e677a05137007d4dd7ab7b0b8a70f0cd2e9b9e14f2,279
project/semantic_explanation_validation_v1/03_execution/raw_rpc/001814_FATHOM_FH5_FH5A_evm_setNextBlockTimestamp.json,325a37edb8dc87d2b11e81ad39c304b76f476ab571504ce7e785885a6b17fe73,229
project/semantic_explanation_validation_v1/03_execution/raw_rpc/001815_FATHOM_FH5_FH5A_eth_sendTransaction.json,47d4d33ad8d24f432ab1ec1b8c1ad42ae12acd2a691689d808159ebaf4b91053,585
project/semantic_explanation_validation_v1/03_execution/raw_rpc/001816_FATHOM_FH5_FH5A_eth_getTransactionReceipt.json,170b1f0bfc1328c4f2e48af8fb522a9cf18ad0c34ba881fe86b4e80363b75bf6,1388
project/semantic_explanation_validation_v1/03_execution/raw_rpc/001817_FATHOM_FH5_FH5A_evm_setNextBlockTimestamp.json,b538ae6ec233246846b81b81285bb738028d866e87d5bbb71cab420696431fe6,229
project/semantic_explanation_validation_v1/03_execution/raw_rpc/001818_FATHOM_FH5_FH5A_eth_sendTransaction.json,d55d25e72b796e267697604c0ae82db47d4368d2af5b5af2b8ff61e39cb6622b,585
project/semantic_explanation_validation_v1/03_execution/raw_rpc/001819_FATHOM_FH5_FH5A_eth_getTransactionReceipt.json,43b69afc0fe6109d66c98a5421db0f838cbb3a16e861bb6508ffb7d0ba5697fa,1388
project/semantic_explanation_validation_v1/03_execution/raw_rpc/001820_FATHOM_FH5_FH5A_evm_setNextBlockTimestamp.json,356ce16f819e097f51c6bbecdc4fa4fd1f902d6934964f3d83e50bfc8cd44f8a,229
project/semantic_explanation_validation_v1/03_execution/raw_rpc/001821_FATHOM_FH5_FH5A_eth_sendTransaction.json,8eb2c95be9567557aab71a8880958ea64c2a91001347985cd6ec6dacb8773017,585
project/semantic_explanation_validation_v1/03_execution/raw_rpc/001822_FATHOM_FH5_FH5A_eth_getTransactionReceipt.json,c8753c03bbb622534e8439c7b105b2a4b0ed3f2e0e9bcd74ab360e42bde21a8a,1388
project/semantic_explanation_validation_v1/03_execution/raw_rpc/001823_FATHOM_FH5_FH5A_evm_setNextBlockTimestamp.json,78cc5f425f7efcecff108b3ed086aefd276775d55ad8db698d29bd559641fcef,229
project/semantic_explanation_validation_v1/03_execution/raw_rpc/001824_FATHOM_FH5_FH5A_eth_sendTransaction.json,84de3a36f15e21c2f2261337b0abe538cfea10587a0aec28c6da37d18974afa5,585
project/semantic_explanation_validation_v1/03_execution/raw_rpc/001825_FATHOM_FH5_FH5A_eth_getTransactionReceipt.json,01efa0d4e5b64c87e356bbddcab648c9dec03356f34f84ec229f9ea7af1b4dfb,1388
project/semantic_explanation_validation_v1/03_execution/raw_rpc/001826_FATHOM_FH5_FH5A_evm_setNextBlockTimestamp.json,ffcadd2f1c8743779aed9a255bdcf059402bc9302829b223493e41e43112c5c3,229
project/semantic_explanation_validation_v1/03_execution/raw_rpc/001827_FATHOM_FH5_FH5A_eth_sendTransaction.json,eab98fda3325ad1638d86ab232ac499ccb403ef3fccbeb2019066e9223344357,585
project/semantic_explanation_validation_v1/03_execution/raw_rpc/001828_FATHOM_FH5_FH5A_eth_getTransactionReceipt.json,531eb5fe6f483c45faeaacda32cc3cd0d57b0f6d2da6c71377137aa8c18ea64f,1388
project/semantic_explanation_validation_v1/03_execution/raw_rpc/001829_FATHOM_FH5_FH5A_evm_setNextBlockTimestamp.json,02e6e90458b5caa94490d6cf1295df43eadb61a939b8dae9c10e8eb53abbfb98,229
project/semantic_explanation_validation_v1/03_execution/raw_rpc/001830_FATHOM_FH5_FH5A_eth_sendTransaction.json,9f171cc8e1f7247ba3f6a2c2c0cd25a52359b211972db4085f43c1619d4e6cd1,585
project/semantic_explanation_validation_v1/03_execution/raw_rpc/001831_FATHOM_FH5_FH5A_eth_getTransactionReceipt.json,e98a243ef6dc7de3ed07fb805c190f9ea5c97b86ded0b928f16152324e383baf,1388
project/semantic_explanation_validation_v1/03_execution/raw_rpc/001832_FATHOM_FH5_FH5A_evm_setNextBlockTimestamp.json,b5ebfba014c7b63e8eea99f171e06f6f972d29a3f84ec67b6db9e7bd27d46e07,229
project/semantic_explanation_validation_v1/03_execution/raw_rpc/001833_FATHOM_FH5_FH5A_eth_sendTransaction.json,4dac2794149a95b63d7f4642e308d962b0d3f63f05997f9d07b45250f9aa6551,585
project/semantic_explanation_validation_v1/03_execution/raw_rpc/001834_FATHOM_FH5_FH5A_eth_getTransactionReceipt.json,3edb110440215182c456ae3155da7645b8fb97e26a4d3fcd132a959cd40b3673,1388
project/semantic_explanation_validation_v1/03_execution/raw_rpc/001835_FATHOM_FH5_FH5A_evm_setNextBlockTimestamp.json,b810d1c891d1be5b55b28eea70b26947eacdaaf0d2e64fb4f02fe11168a1ad63,229
project/semantic_explanation_validation_v1/03_execution/raw_rpc/001836_FATHOM_FH5_FH5A_eth_sendTransaction.json,4504262095d9f8ead775c22bb12819d9654db48c649e696e5a45b63677e08b4d,585
project/semantic_explanation_validation_v1/03_execution/raw_rpc/001837_FATHOM_FH5_FH5A_eth_getTransactionReceipt.json,2024c28013ac0eb6d0102fcd81b6c818694cd2a71895ce0cdf910487775f0db4,1388
project/semantic_explanation_validation_v1/03_execution/raw_rpc/001838_FATHOM_FH5_FH5A_evm_setNextBlockTimestamp.json,2c96dfd28ab8837ccf05b14a34468972de71761cf7b7df5269a246997450c99f,229
project/semantic_explanation_validation_v1/03_execution/raw_rpc/001839_FATHOM_FH5_FH5A_eth_sendTransaction.json,f6a8fbe68961c9a076829892c3d499cf002ef7ba4e543e2efb163cb29a05a805,585
project/semantic_explanation_validation_v1/03_execution/raw_rpc/001840_FATHOM_FH5_FH5A_eth_getTransactionReceipt.json,ddbfc0c3e03892dabe62069ae8ca2b29b4bf1ca36a67d539095af3d490758927,1388
project/semantic_explanation_validation_v1/03_execution/raw_rpc/001841_FATHOM_FH5_FH5A_evm_setNextBlockTimestamp.json,9347cf0b14309533e02942eb0f613d857b46e7c9156f3137051f17ed1b69450c,229
project/semantic_explanation_validation_v1/03_execution/raw_rpc/001842_FATHOM_FH5_FH5A_eth_sendTransaction.json,168535d1ba8a0ee2893b0d69d7dedc10ccf832c6b90b1abb60c1360c3b4366e4,585
project/semantic_explanation_validation_v1/03_execution/raw_rpc/001843_FATHOM_FH5_FH5A_eth_getTransactionReceipt.json,bacf261e5213cf8809a94106bb080393f6657ceba94c3733843eb688b4599469,1388
project/semantic_explanation_validation_v1/03_execution/raw_rpc/001844_FATHOM_FH5_FH5A_evm_setNextBlockTimestamp.json,77152cfc6c7362f8d861b612cf5ce42ec95b8e996e04f2791a83197b2761d612,229
project/semantic_explanation_validation_v1/03_execution/raw_rpc/001845_FATHOM_FH5_FH5A_eth_sendTransaction.json,eb671fbb0d0634b53ea1cd0f5f95cd4afbe97abb4b2bce4236b424cae7f00f30,585
project/semantic_explanation_validation_v1/03_execution/raw_rpc/001846_FATHOM_FH5_FH5A_eth_getTransactionReceipt.json,acdb3705242157b2321e183e8e2a7bd563e4cab928af3a627d508bef9d3a5cf3,1387
project/semantic_explanation_validation_v1/03_execution/raw_rpc/001847_FATHOM_FH5_FH5A_evm_setNextBlockTimestamp.json,db323eec1dacbfa4d113d74c902d10e53c70bd169a7eec249277164a795c86f7,229
project/semantic_explanation_validation_v1/03_execution/raw_rpc/001848_FATHOM_FH5_FH5A_eth_sendTransaction.json,4c4efc4186208aca12e229386bcfc5100614a983a89c9135f5feb08c2cd73f1a,585
project/semantic_explanation_validation_v1/03_execution/raw_rpc/001849_FATHOM_FH5_FH5A_eth_getTransactionReceipt.json,cd51c4db6b5bb18ca1f2e996a2773191e78e03a478bcdae6d0346ba9659eaae4,1387
project/semantic_explanation_validation_v1/03_execution/raw_rpc/001850_FATHOM_FH5_FH5A_evm_setNextBlockTimestamp.json,217c5214b52d7e1a2d53a30b55f8f171eefbb8060a46282f999212d5862b7fe1,229
project/semantic_explanation_validation_v1/03_execution/raw_rpc/001851_FATHOM_FH5_FH5A_eth_sendTransaction.json,471ace039ad86356e6e2a62787493aac9465dfa3d36f170e507e9ee7d3c12abd,585
project/semantic_explanation_validation_v1/03_execution/raw_rpc/001852_FATHOM_FH5_FH5A_eth_getTransactionReceipt.json,2611e3bd114e83095f1dc9f45f0fbd147d89501b593aa06568f69a034145d2c4,1387
project/semantic_explanation_validation_v1/03_execution/raw_rpc/001853_FATHOM_FH5_FH5A_evm_setNextBlockTimestamp.json,2ef4d14a2dd20ffce1eb9737f14d3211177fd1135cd74cc7f692d3ff6c1f16d1,229
project/semantic_explanation_validation_v1/03_execution/raw_rpc/001854_FATHOM_FH5_FH5A_eth_sendTransaction.json,7f2b538a35737c06f74fe374f111f5c95cbb849e80b4354e7db3277f5f2a2087,585
project/semantic_explanation_validation_v1/03_execution/raw_rpc/001855_FATHOM_FH5_FH5A_eth_getTransactionReceipt.json,e772357271e97e9ea756492f5f5156bf64d7cb59d67725a2e522917088308f51,1387
project/semantic_explanation_validation_v1/03_execution/raw_rpc/001856_FATHOM_FH5_FH5A_evm_setNextBlockTimestamp.json,51a2d92342727e0e6689c245f188a8bc71faa11507e9673697c59b7145a5a554,229
project/semantic_explanation_validation_v1/03_execution/raw_rpc/001857_FATHOM_FH5_FH5A_eth_sendTransaction.json,1ff286ca0d827411e050468b69eb6a798b5e146da527b30e495c561bedc6708b,585
project/semantic_explanation_validation_v1/03_execution/raw_rpc/001858_FATHOM_FH5_FH5A_eth_getTransactionReceipt.json,565ab9df01a9c74c0da6c38905564210d896dab6f416cf7d7c53a5616da82322,1387
project/semantic_explanation_validation_v1/03_execution/raw_rpc/001859_FATHOM_FH5_FH5A_evm_setNextBlockTimestamp.json,6cabf80ff2c1cb36312c971dd9d0ced5e83c27335f2a6846f9c23d24a4635642,229
project/semantic_explanation_validation_v1/03_execution/raw_rpc/001860_FATHOM_FH5_FH5A_eth_sendTransaction.json,48c8dad3c9076d5d8e01125c235d562a12cd498c1ff1a92109a90b075a1ca60e,457
project/semantic_explanation_validation_v1/03_execution/raw_rpc/001861_FATHOM_FH5_FH5A_eth_getTransactionReceipt.json,02e71a72e6790ace873f176beaf8cb625eadff56a3d8cc7c5cb0fcb7f8fd913f,1387
project/semantic_explanation_validation_v1/03_execution/raw_rpc/001862_FATHOM_FH5_FH5A_evm_setNextBlockTimestamp.json,d75b7d44b89b02d80a2ac360f2d81e75c86be4a42fe81251a4d435c9a77e9250,229
project/semantic_explanation_validation_v1/03_execution/raw_rpc/001863_FATHOM_FH5_FH5A_eth_sendTransaction.json,79b72391d9e22f08866171ca04ffc3a546468fc264ca97536f68eee2fa6f7573,585
project/semantic_explanation_validation_v1/03_execution/raw_rpc/001864_FATHOM_FH5_FH5A_eth_getTransactionReceipt.json,89b8f69ca0fd64cb30b1b7740a4ff172f870d9cc9f758d6027885df99cb6ddd9,1387
project/semantic_explanation_validation_v1/03_execution/raw_rpc/001865_FATHOM_FH5_FH5A_evm_setNextBlockTimestamp.json,022326c58fda0942e0509d1016b2a6d092ad617c52d6993d71436ae166e8a7d4,229
project/semantic_explanation_validation_v1/03_execution/raw_rpc/001866_FATHOM_FH5_FH5A_eth_sendTransaction.json,75e969bde5fb82945b06cd246e3bedee605aa053da11e7501c4b0e96795b0b35,585
project/semantic_explanation_validation_v1/03_execution/raw_rpc/001867_FATHOM_FH5_FH5A_eth_getTransactionReceipt.json,78752c4c867d3459c57b53afbd81b5b729a4ef0da6573b421711a8cbbdd52a87,1387
project/semantic_explanation_validation_v1/03_execution/raw_rpc/001868_FATHOM_FH5_FH5A_evm_setNextBlockTimestamp.json,9828558ac5e7ae94f6a5701bf5f3ebc1a0d7ce50dc8cd2c7a7e9fafca002d886,229
project/semantic_explanation_validation_v1/03_execution/raw_rpc/001869_FATHOM_FH5_FH5A_eth_sendTransaction.json,19c9909cef1f8f354b523f5208e29eddbfa2ae5611582ab34df3453c64fae158,585
project/semantic_explanation_validation_v1/03_execution/raw_rpc/001870_FATHOM_FH5_FH5A_eth_getTransactionReceipt.json,07ae0adcdd1468d011f9ecb178ba21f3ef1dda7b15549b6a3a9a4c667c9225b5,1387
project/semantic_explanation_validation_v1/03_execution/raw_rpc/001871_FATHOM_FH5_FH5A_evm_setNextBlockTimestamp.json,71bb4b22f5ba2e94465d938c33c9916810e569980a4740b56fbcee610c798bfc,229
project/semantic_explanation_validation_v1/03_execution/raw_rpc/001872_FATHOM_FH5_FH5A_eth_sendTransaction.json,935b8e85b428048345d890eca34bb52670d83878ca4ca1f2fcc072a56aec19b2,585
project/semantic_explanation_validation_v1/03_execution/raw_rpc/001873_FATHOM_FH5_FH5A_eth_getTransactionReceipt.json,00aec5815f05541491dbc9f62f8457b93abf108c5e0738d9092af3869de68e46,1387
project/semantic_explanation_validation_v1/03_execution/raw_rpc/001874_FATHOM_FH5_FH5A_evm_setNextBlockTimestamp.json,512235dee6c4d181c8c8ca9c2852c30272434d0a506774f0c10dba250bb4ff9f,229
project/semantic_explanation_validation_v1/03_execution/raw_rpc/001875_FATHOM_FH5_FH5A_eth_sendTransaction.json,5e4f8212b76795c936fc225a7ce0ac74ce9a256ddb7349ef716d5b939861892d,585
project/semantic_explanation_validation_v1/03_execution/raw_rpc/001876_FATHOM_FH5_FH5A_eth_getTransactionReceipt.json,92e1a49dd804a6ed9b9f08c1dee9ed532f17dfa451ba7b0c30e19caecf852299,1387
project/semantic_explanation_validation_v1/03_execution/raw_rpc/001877_FATHOM_FH5_FH5A_evm_setNextBlockTimestamp.json,0a6ea737203725c389568d69695bbd289a2dcd2b878cba7b713340bb43a99df1,229
project/semantic_explanation_validation_v1/03_execution/raw_rpc/001878_FATHOM_FH5_FH5A_eth_sendTransaction.json,305ab4c108e6fd3cbe9b934a6a44e42541e2e1e7114c431ca89e4419c6aba1eb,585
project/semantic_explanation_validation_v1/03_execution/raw_rpc/001879_FATHOM_FH5_FH5A_eth_getTransactionReceipt.json,35ca20f7a2569664fa16a1ad1fe6e43a970d1107f7ec1f21e0df3e206d4ec940,1387
project/semantic_explanation_validation_v1/03_execution/raw_rpc/001880_FATHOM_FH5_FH5A_evm_setNextBlockTimestamp.json,5082780116c20fad5364f299100005e5c4e88b3026486235064dfdaed37b80ab,229
project/semantic_explanation_validation_v1/03_execution/raw_rpc/001881_FATHOM_FH5_FH5A_eth_sendTransaction.json,c36fe48a84adbe98f2202c27d34292b6807ce96fdb2e7e606d49e257286106d9,585
project/semantic_explanation_validation_v1/03_execution/raw_rpc/001882_FATHOM_FH5_FH5A_eth_getTransactionReceipt.json,d19cb59a8cae7dc5c8c538161e8d369509e7f04f4804678a6d46f55dfc60cd1a,1387
project/semantic_explanation_validation_v1/03_execution/raw_rpc/001883_FATHOM_FH5_FH5A_evm_setNextBlockTimestamp.json,ca088bce68822db4d33f7c918fc780527721708c79c8b02e51d6dea3da223078,229
project/semantic_explanation_validation_v1/03_execution/raw_rpc/001884_FATHOM_FH5_FH5A_eth_sendTransaction.json,5bed8c81afb7356490499f9b7f2f88778facb380f626862702d54b0f9351c4fe,585
project/semantic_explanation_validation_v1/03_execution/raw_rpc/001885_FATHOM_FH5_FH5A_eth_getTransactionReceipt.json,27f56aed4f5691dd077e39c7947278308bf0a9e937aecc6b2011e0874b6515dd,1387
project/semantic_explanation_validation_v1/03_execution/raw_rpc/001886_FATHOM_FH5_FH5A_evm_setNextBlockTimestamp.json,1fe3bbd069170e2a0d7c59a510ee560d40436e6f3ab93b95d133d9a6c6ac01ba,229
project/semantic_explanation_validation_v1/03_execution/raw_rpc/001887_FATHOM_FH5_FH5A_eth_sendTransaction.json,c6594fd51017e545a4ce0cb591cfcc942652fd6ce4af5c9af7d44704a13140ed,585
project/semantic_explanation_validation_v1/03_execution/raw_rpc/001888_FATHOM_FH5_FH5A_eth_getTransactionReceipt.json,570776a04cd5e7fbb35d3d4e4a63e0aa0b974f288f6149209600248eeb0b5f48,1387
project/semantic_explanation_validation_v1/03_execution/raw_rpc/001889_FATHOM_FH5_FH5A_evm_setNextBlockTimestamp.json,74c7295ee201a86e3837a4dc64afeb586ba0a3c6ee012561500f60914c109641,229
project/semantic_explanation_validation_v1/03_execution/raw_rpc/001890_FATHOM_FH5_FH5A_eth_sendTransaction.json,0a7122d3b058727cbd2077b104e680b107654b50f0c4e1379d94e3bc497ac4de,585
project/semantic_explanation_validation_v1/03_execution/raw_rpc/001891_FATHOM_FH5_FH5A_eth_getTransactionReceipt.json,42b106aa797304716444bd395447afc5a78b9569eb2c3b0037917c42cc8f611b,1387
project/semantic_explanation_validation_v1/03_execution/raw_rpc/001892_FATHOM_FH5_FH5A_evm_setNextBlockTimestamp.json,d83e0cfee9f9db51eaebdf47b9f4f67a07aaf900ac64b2a3219198fcd7f3c016,229
project/semantic_explanation_validation_v1/03_execution/raw_rpc/001893_FATHOM_FH5_FH5A_eth_sendTransaction.json,ad05e67feeb0092555ad707549be68e0f7c5c57a5adf0abd7c991db7859eb4f4,585
project/semantic_explanation_validation_v1/03_execution/raw_rpc/001894_FATHOM_FH5_FH5A_eth_getTransactionReceipt.json,9f4214b6ca12e99f56d6889dc488175d5b5e5fb59dcadefab8d0efe4706e2638,1387
project/semantic_explanation_validation_v1/03_execution/raw_rpc/001895_FATHOM_FH5_FH5A_evm_setNextBlockTimestamp.json,1485264ffc16711c975f6a46b5e1abb158f386f7d8b845dede3ea286c3a1b2d8,229
project/semantic_explanation_validation_v1/03_execution/raw_rpc/001896_FATHOM_FH5_FH5A_eth_sendTransaction.json,eee3f42973aa34f0d19473d97c552c8cc142d9fb8c557c97be02183315d296b9,585
project/semantic_explanation_validation_v1/03_execution/raw_rpc/001897_FATHOM_FH5_FH5A_eth_getTransactionReceipt.json,cc6e361e38e48cd4278a32b5336ffbc530fdf32141fbb8b3eb5c2adee06398d9,1387
project/semantic_explanation_validation_v1/03_execution/raw_rpc/001898_FATHOM_FH5_FH5A_evm_setNextBlockTimestamp.json,d3b76ea776e6b9d05e126d4b2e66610279b46703f29ed4d9d42e5d52dfa42d78,229
project/semantic_explanation_validation_v1/03_execution/raw_rpc/001899_FATHOM_FH5_FH5A_eth_sendTransaction.json,fb6fcc50e7f82f66d3efbef3df09d17f3e0a142c980f14ad49e022db21aff381,585
project/semantic_explanation_validation_v1/03_execution/raw_rpc/001900_FATHOM_FH5_FH5A_eth_getTransactionReceipt.json,91df0cbad57bd3ae468b4e51fb8f7b861e731ad177a357457a2bb880d5dc185d,1387
project/semantic_explanation_validation_v1/03_execution/raw_rpc/001901_FATHOM_FH5_FH5A_evm_setNextBlockTimestamp.json,0441edc67abce76aa106dff4dabe2e6a56c51850cbc3dca039e029610b76b5b4,229
project/semantic_explanation_validation_v1/03_execution/raw_rpc/001902_FATHOM_FH5_FH5A_eth_sendTransaction.json,df41890d9317df9560d87e6991edb7ddd914a44c9f73b338fd3432e1cbeb05dc,585
project/semantic_explanation_validation_v1/03_execution/raw_rpc/001903_FATHOM_FH5_FH5A_eth_getTransactionReceipt.json,b3f90537db1ed5e96e80765659d97bb856da32675e05899551c071e6b62c562f,1387
project/semantic_explanation_validation_v1/03_execution/raw_rpc/001904_FATHOM_FH5_FH5A_evm_setNextBlockTimestamp.json,62d854eb5de212091cec57e98dd7c72469e175b75765aa7b87af2bea863cd41e,229
project/semantic_explanation_validation_v1/03_execution/raw_rpc/001905_FATHOM_FH5_FH5A_eth_sendTransaction.json,4e4bb00418eb2a2cd3836f854689a1d04788439842ac61ab8af7b34370f2f5e9,585
project/semantic_explanation_validation_v1/03_execution/raw_rpc/001906_FATHOM_FH5_FH5A_eth_getTransactionReceipt.json,033d4a25901539e4a281f0ff596cb24d8b81bfa05c190a7a333fc47d34ba3e01,1387
project/semantic_explanation_validation_v1/03_execution/raw_rpc/001907_FATHOM_FH5_FH5A_evm_setNextBlockTimestamp.json,1d7f35744fa6f7b033a1388f8b5562feecc59b01b015c163741f66a78cef180d,229
project/semantic_explanation_validation_v1/03_execution/raw_rpc/001908_FATHOM_FH5_FH5A_eth_sendTransaction.json,e96496c9a6012a863897534fa9a6761d972a0f2fe4846612b15e2c106ceecf8f,457
project/semantic_explanation_validation_v1/03_execution/raw_rpc/001909_FATHOM_FH5_FH5A_eth_getTransactionReceipt.json,6a413b28d345a7455b064a91d8d4b2cd916ae784c1bf19720e6fff34e7d9917f,1387
project/semantic_explanation_validation_v1/03_execution/raw_rpc/001910_FATHOM_FH5_FH5A_eth_call.json,c1ab56f61b8aa0651ee85925bed7c7ab171b009ea705a74c3969b1d01788cfe4,436
project/semantic_explanation_validation_v1/03_execution/raw_rpc/001911_FATHOM_FH5_FH5A_evm_setNextBlockTimestamp.json,2fad68d85ead979a9680b10d618c80eb6f36ffeab9a49fb024c24e01fea1192f,229
project/semantic_explanation_validation_v1/03_execution/raw_rpc/001912_FATHOM_FH5_FH5A_evm_mine.json,cc21e3d1f70a28644a2b76ff93769a599051ff7478bb4ca8d29fe47259376c48,181
project/semantic_explanation_validation_v1/03_execution/raw_rpc/001913_FATHOM_FH5_FH5A_eth_call.json,49bb47a1b4b09ca8b62a5b369d4c689842faebcbcb9b2bbd7da9ec7c4960804f,436
project/semantic_explanation_validation_v1/03_execution/raw_rpc/001914_FATHOM_FH5_FH5A_eth_call.json,23500759c4dede92bfa9429747d1d20f76fe5965de7761ef3876e13faf7b5e3e,436
project/semantic_explanation_validation_v1/03_execution/raw_rpc/001915_FATHOM_FH5_FH5A_eth_call.json,419803ae56782f8f6253cd76a311b939b60faba2a816a81ff17f8a1c20598e4c,372
project/semantic_explanation_validation_v1/03_execution/raw_rpc/001916_FATHOM_FH5_FH5A_eth_call.json,6423c07f121558ccd9c8a9f7a3d0aa65680ab01039ff1504f156fbc422706fb7,372
project/semantic_explanation_validation_v1/03_execution/raw_rpc/001917_FATHOM_FH5_FH5A_eth_call.json,634d316b25a82d76d2db795f17e96ed8862c572a5299b5af190888358cd3152f,372
project/semantic_explanation_validation_v1/03_execution/raw_rpc/001918_FATHOM_FH5_FH5A_eth_call.json,5fe643763bc0b1a97b5ebc7f439e49eaeb0a337e10efd3525b6efee386762f3a,372
project/semantic_explanation_validation_v1/03_execution/raw_rpc/001919_FATHOM_FH5_FH5A_eth_call.json,35f4e86bbf0c94d13a920aa9ad177bb4572c8221d57e639127681a2bffade75c,372
project/semantic_explanation_validation_v1/03_execution/raw_rpc/001920_FATHOM_FH5_FH5A_eth_call.json,e6eabbaaddfb7d20970627b5ecbc6f0efb922274f5c906939f7fe726f4b304a4,372
project/semantic_explanation_validation_v1/03_execution/raw_rpc/001921_FATHOM_FH5_FH5A_debug_traceCall.json,9c9b7db1e971cb84b95a15888d945fe138a427ec9edbda553b0d555bb473ad1d,30058
project/semantic_explanation_validation_v1/03_execution/raw_rpc/001922_FATHOM_FH5_FH5A_eth_call.json,26b60ef19baef69510112cdbac106c4ce4f646cde321e890dd863b1b50d753a8,436
project/semantic_explanation_validation_v1/03_execution/raw_rpc/001923_FATHOM_FH5_FH5A_eth_call.json,4129f8684a114526b989911cf075a4b86c8b210ca2498a605e1f26e5550ba7c3,436
project/semantic_explanation_validation_v1/03_execution/raw_rpc/001924_FATHOM_FH5_FH5A_eth_call.json,948e2b49effdbcd363ea5908dee6b9532985f8caa51f8cd607ecca3fb2e76c04,372
project/semantic_explanation_validation_v1/03_execution/raw_rpc/001925_FATHOM_FH5_FH5A_eth_call.json,3d1f0bf2ea7a4dd4eed062785ee1498ad8a5381381eb6accd5786cce07b04fb6,372
project/semantic_explanation_validation_v1/03_execution/raw_rpc/001926_FATHOM_FH5_FH5A_eth_call.json,44306f2ae8ec33f61066fa82d94b8a3fe311aaadb89ab73ce2609ef76d652571,372
project/semantic_explanation_validation_v1/03_execution/raw_rpc/001927_FATHOM_FH5_FH5A_eth_call.json,5e59bd241433229da20de1258ecf56b7a9192bac0de91f9841002b092d9e4a14,372
project/semantic_explanation_validation_v1/03_execution/raw_rpc/001928_FATHOM_FH5_FH5A_eth_call.json,b83262517374b5165cc1865cc14bf36356175c00262d4046955b155d3dfe265d,372
project/semantic_explanation_validation_v1/03_execution/raw_rpc/001929_FATHOM_FH5_FH5A_eth_call.json,172905dcf8059e1008bc2b47ed6c29f62539f630c20ce02c82fa5e86c1a67aa2,372
project/semantic_explanation_validation_v1/03_execution/raw_rpc/001930_FATHOM_FH5_FH5A_eth_getBlockByNumber.json,895d8cd2529581356e324b6bdc6fcd89d33bcda7c5463fd56e664b8a05f1a522,2177
project/semantic_explanation_validation_v1/03_execution/raw_rpc/001931_FATHOM_FH5_FH5B_hardhat_reset.json,0dbadac8b142c056c68d4dfc6002cb1c2462991825973fb5aa1ebcad35dff140,324
project/semantic_explanation_validation_v1/03_execution/raw_rpc/001932_FATHOM_FH5_FH5B_eth_getBlockByNumber.json,6770acf33ee431c6cc6eba831603408fa9926c881e72ce3e5d2bc33437d3019b,12120
project/semantic_explanation_validation_v1/03_execution/raw_rpc/001933_FATHOM_FH5_FH5B_hardhat_impersonateAccount.json,cc65a28d491c81fc66e23c824bd32736c72b7d8125b5d201f40ae866b6d82dd4,256
project/semantic_explanation_validation_v1/03_execution/raw_rpc/001934_FATHOM_FH5_FH5B_hardhat_setBalance.json,80cf541de42a4f006920a270dd48acc1bce45cfb9bf60cb030f5ea1cbce4fa54,279
project/semantic_explanation_validation_v1/03_execution/raw_rpc/001935_FATHOM_FH5_FH5B_evm_setNextBlockTimestamp.json,77c0de1b52ebee379bb2f2ab499141e0c5420f353842b67528fea74f757b8d29,229
project/semantic_explanation_validation_v1/03_execution/raw_rpc/001936_FATHOM_FH5_FH5B_eth_sendTransaction.json,3e95dcbfa039b6ad66912805ae1ea0b55af6fb9b5fd57124d504548f7227026e,585
project/semantic_explanation_validation_v1/03_execution/raw_rpc/001937_FATHOM_FH5_FH5B_eth_getTransactionReceipt.json,a3e88d69572ac342f538a35c1e5f1303d5351e5e56895c1188f4dd18b1a51b10,1388
project/semantic_explanation_validation_v1/03_execution/raw_rpc/001938_FATHOM_FH5_FH5B_evm_setNextBlockTimestamp.json,ee3eafa5bb733fcaef5886fd6db2c2919cb8cf5e2cf53d8c7aaac76fc0b878d6,229
project/semantic_explanation_validation_v1/03_execution/raw_rpc/001939_FATHOM_FH5_FH5B_eth_sendTransaction.json,8fbb5bd0d7ba61ce831123c1de4f58b1c8ae4a68db26830961e32f675882c308,585
project/semantic_explanation_validation_v1/03_execution/raw_rpc/001940_FATHOM_FH5_FH5B_eth_getTransactionReceipt.json,1d2d5d9eebb59cf1ed358a403a2b40864c9a7c9ea1c262ebcea3ecda5f8db8cb,1388
project/semantic_explanation_validation_v1/03_execution/raw_rpc/001941_FATHOM_FH5_FH5B_evm_setNextBlockTimestamp.json,95887dd1295247b24987ca9fe6660e8339c94dd2dfbd82ac66aaa4c54eec9d8c,229
project/semantic_explanation_validation_v1/03_execution/raw_rpc/001942_FATHOM_FH5_FH5B_eth_sendTransaction.json,dd56d412f5deee5824da083e4f2d042a406d5f5cd495cac6de7e77ed06bb6571,585
project/semantic_explanation_validation_v1/03_execution/raw_rpc/001943_FATHOM_FH5_FH5B_eth_getTransactionReceipt.json,9d7ba3c41557fa2365ac0120d6e8e4ea74be3d455530737232ee0fb3823654bc,1388
project/semantic_explanation_validation_v1/03_execution/raw_rpc/001944_FATHOM_FH5_FH5B_evm_setNextBlockTimestamp.json,c5467055562d8cc7637940349983493017f6085878f31121228e65f334ecdbf1,229
project/semantic_explanation_validation_v1/03_execution/raw_rpc/001945_FATHOM_FH5_FH5B_eth_sendTransaction.json,52b6cec5ece04a054718a1e0b511b10adfa0cce910150e5f0e308f3bfb7aec04,585
project/semantic_explanation_validation_v1/03_execution/raw_rpc/001946_FATHOM_FH5_FH5B_eth_getTransactionReceipt.json,a77e3c456c20293f1939d822f09d8d0c3e6496e15b9c3c86f0146a09a80e7d7f,1388
project/semantic_explanation_validation_v1/03_execution/raw_rpc/001947_FATHOM_FH5_FH5B_evm_setNextBlockTimestamp.json,50417e1bffb24f9ce82f289265fb6658223eeb83117cfaa7156a8c23ac96d229,229
project/semantic_explanation_validation_v1/03_execution/raw_rpc/001948_FATHOM_FH5_FH5B_eth_sendTransaction.json,50e800c6c01a5336958204df060f6c039f7d7dbaab04cc2d88d030426f8e534a,585
project/semantic_explanation_validation_v1/03_execution/raw_rpc/001949_FATHOM_FH5_FH5B_eth_getTransactionReceipt.json,9d0a9f5697c37b58bc4b04f48a0d63805ebe0978183ac4f029785d2e94c0fb1b,1388
project/semantic_explanation_validation_v1/03_execution/raw_rpc/001950_FATHOM_FH5_FH5B_evm_setNextBlockTimestamp.json,d9a43e10736a463a960e5912afe2d877d0632898522b740b74fefa235db89942,229
project/semantic_explanation_validation_v1/03_execution/raw_rpc/001951_FATHOM_FH5_FH5B_eth_sendTransaction.json,8d54426a2516242fd39938fd885d0904d93ff6c9cea0626a5d8c4d9b0eb425dc,585
project/semantic_explanation_validation_v1/03_execution/raw_rpc/001952_FATHOM_FH5_FH5B_eth_getTransactionReceipt.json,2901ca4749c0a10694d79aa3a4e9f7b38aaa7a50b7c789ee324338db282b62fa,1388
project/semantic_explanation_validation_v1/03_execution/raw_rpc/001953_FATHOM_FH5_FH5B_evm_setNextBlockTimestamp.json,6cb7d46e08abad1c714283c42bf6cb60fbfd19dca37bd93720b0ba9a1830891d,229
project/semantic_explanation_validation_v1/03_execution/raw_rpc/001954_FATHOM_FH5_FH5B_eth_sendTransaction.json,6a98916d82a8a4fb71466a08d74889728217fad4782001db792aed2ed1171873,585
project/semantic_explanation_validation_v1/03_execution/raw_rpc/001955_FATHOM_FH5_FH5B_eth_getTransactionReceipt.json,9b0e0b80ea5110fbf9b111e8a9148acbef391630ff59480f62d3ce6650bc4358,1388
project/semantic_explanation_validation_v1/03_execution/raw_rpc/001956_FATHOM_FH5_FH5B_evm_setNextBlockTimestamp.json,306f6ed0c98f1035e3a89b9f329e6b9d12ef2abec59f7d57c5cf11067eed23c3,229
project/semantic_explanation_validation_v1/03_execution/raw_rpc/001957_FATHOM_FH5_FH5B_eth_sendTransaction.json,f278beeeb73a01129400e0f36957e60e0081cf8d07fee2abb7520ddf23973e29,585
project/semantic_explanation_validation_v1/03_execution/raw_rpc/001958_FATHOM_FH5_FH5B_eth_getTransactionReceipt.json,888fee9dce644bafb62e30789784977745ac6c9e078250336eabf0110a40284b,1388
project/semantic_explanation_validation_v1/03_execution/raw_rpc/001959_FATHOM_FH5_FH5B_evm_setNextBlockTimestamp.json,c2b8e53741afe8b1fa58d9e0d89ac7711074e431fbc0a3f392ce5cb564376ab1,229
project/semantic_explanation_validation_v1/03_execution/raw_rpc/001960_FATHOM_FH5_FH5B_eth_sendTransaction.json,bcbfde1bf69c2c95c7d01ddeae90d10d67fba7cbbc205ae9a62aab26f7ad08d5,585
project/semantic_explanation_validation_v1/03_execution/raw_rpc/001961_FATHOM_FH5_FH5B_eth_getTransactionReceipt.json,f4d00c936b94f2d29d847e382ff9e9352e5e0555a96197da93feef7bd6a8f8ca,1388
project/semantic_explanation_validation_v1/03_execution/raw_rpc/001962_FATHOM_FH5_FH5B_evm_setNextBlockTimestamp.json,31170d1ab2fea0b8a406e3952046073fdfb8508b922d08386bbb2fa44ad76344,229
project/semantic_explanation_validation_v1/03_execution/raw_rpc/001963_FATHOM_FH5_FH5B_eth_sendTransaction.json,e8f485d7e5616ae1467bfaa5ceb242d1247266e82706f3ca83b30b84a04b29fe,585
project/semantic_explanation_validation_v1/03_execution/raw_rpc/001964_FATHOM_FH5_FH5B_eth_getTransactionReceipt.json,695938e0b094227cc7c2cfeebf301a6bebc7e240db4914f7496b70ca68fbdc28,1388
project/semantic_explanation_validation_v1/03_execution/raw_rpc/001965_FATHOM_FH5_FH5B_evm_setNextBlockTimestamp.json,8a796f64951201e4f90e663fc72fca2ab8f2d72682ff0e79969187246cad730b,229
project/semantic_explanation_validation_v1/03_execution/raw_rpc/001966_FATHOM_FH5_FH5B_eth_sendTransaction.json,7be1369d235cdec9d5ed77b7c8a9e9662b8556f40f94f36699d172a2baa39e8e,585
project/semantic_explanation_validation_v1/03_execution/raw_rpc/001967_FATHOM_FH5_FH5B_eth_getTransactionReceipt.json,09299a28c5579a2096fe33507bd4bd09a6c569b95649ed8a3773d7961ab0a443,1387
project/semantic_explanation_validation_v1/03_execution/raw_rpc/001968_FATHOM_FH5_FH5B_evm_setNextBlockTimestamp.json,ecce51a7179dd89e37030a597994d6a767af238019266375a71c1a487ad1375e,229
project/semantic_explanation_validation_v1/03_execution/raw_rpc/001969_FATHOM_FH5_FH5B_eth_sendTransaction.json,1ba1c206618f05e2e2c068f5d435a37ce9ef056361340e2dac9dbebe62400efe,585
project/semantic_explanation_validation_v1/03_execution/raw_rpc/001970_FATHOM_FH5_FH5B_eth_getTransactionReceipt.json,a3f1940b359c40af24abd4e92cb2ac5747e3b785d66e3a0075775b4665201c74,1387
project/semantic_explanation_validation_v1/03_execution/raw_rpc/001971_FATHOM_FH5_FH5B_evm_setNextBlockTimestamp.json,5e5db9c50f84fed29c5835b7fe63770730a9cfb7a004a85926b2810c25a301a9,229
project/semantic_explanation_validation_v1/03_execution/raw_rpc/001972_FATHOM_FH5_FH5B_eth_sendTransaction.json,e2544046c6b13d0d31befe68853c483638318d99ab2b2c700bffa06e73cf8b21,585
project/semantic_explanation_validation_v1/03_execution/raw_rpc/001973_FATHOM_FH5_FH5B_eth_getTransactionReceipt.json,cb36021e0cd3a7497cc5de877e6ca6da994b1ab78d9c0ea38547517f44fdcac0,1387
project/semantic_explanation_validation_v1/03_execution/raw_rpc/001974_FATHOM_FH5_FH5B_evm_setNextBlockTimestamp.json,331ee5455c69c1319d8c3aa88e18593401009d3e3fb840df4ed78414b8cc1ea1,229
project/semantic_explanation_validation_v1/03_execution/raw_rpc/001975_FATHOM_FH5_FH5B_eth_sendTransaction.json,0fbde4120baa77e23a3fc29008e54617ce08451c29cbd541fc46c2cbff473e62,585
project/semantic_explanation_validation_v1/03_execution/raw_rpc/001976_FATHOM_FH5_FH5B_eth_getTransactionReceipt.json,96c6495392604cfb2e1d166a512c664801793ee0ff90e65042e27cff5c48100b,1387
project/semantic_explanation_validation_v1/03_execution/raw_rpc/001977_FATHOM_FH5_FH5B_evm_setNextBlockTimestamp.json,c6cf1c54cd586920af05373befef382a9633cdc73a41ebedd746857d46a540a1,229
project/semantic_explanation_validation_v1/03_execution/raw_rpc/001978_FATHOM_FH5_FH5B_eth_sendTransaction.json,0b6985dc6cf1d88c34b853e3c2442906ff7856698fd820148b04b2db18228669,585
project/semantic_explanation_validation_v1/03_execution/raw_rpc/001979_FATHOM_FH5_FH5B_eth_getTransactionReceipt.json,fade7b81ba45d3733ea6584b88c14435ed1decff59a4235a8aff99e6b28e6b43,1387
project/semantic_explanation_validation_v1/03_execution/raw_rpc/001980_FATHOM_FH5_FH5B_evm_setNextBlockTimestamp.json,7014ebd6512eb2a3734012d2d71f1dc33dd0ee57ac1c7d97a88640594d9bd0e2,229
project/semantic_explanation_validation_v1/03_execution/raw_rpc/001981_FATHOM_FH5_FH5B_eth_sendTransaction.json,415cbf3a7bf31cd15de15721ec6911e1c0a621dba222cdbaab635eaa68b0af19,457
project/semantic_explanation_validation_v1/03_execution/raw_rpc/001982_FATHOM_FH5_FH5B_eth_getTransactionReceipt.json,03390c6d85f9d2c977c22b1f9096f92e97c9ad4e4b6e6c501b5343260430e042,1387
project/semantic_explanation_validation_v1/03_execution/raw_rpc/001983_FATHOM_FH5_FH5B_evm_setNextBlockTimestamp.json,290222fccba89d37c1287f84bc07c00e8c0a15b482a4997577dbdf891f4126d6,229
project/semantic_explanation_validation_v1/03_execution/raw_rpc/001984_FATHOM_FH5_FH5B_eth_sendTransaction.json,b27af6d601f92641d0f6a08ac2eb1f8ce59b024a85c252d5724e0c7bca4aad9f,585
project/semantic_explanation_validation_v1/03_execution/raw_rpc/001985_FATHOM_FH5_FH5B_eth_getTransactionReceipt.json,b04d3911a8a725dc8720b72beae9d204fa3545e46cca356b3d06a2aea9817abe,1387
project/semantic_explanation_validation_v1/03_execution/raw_rpc/001986_FATHOM_FH5_FH5B_evm_setNextBlockTimestamp.json,154381f704ecd7e5c2a2b6ad2d67f00595065bb338591c8b3d559dbd8abdb43f,229
project/semantic_explanation_validation_v1/03_execution/raw_rpc/001987_FATHOM_FH5_FH5B_eth_sendTransaction.json,d0e35c2dfba2f722138a380b34e0b2eb6f9a629ee0daf8296fbea097c80416f0,585
project/semantic_explanation_validation_v1/03_execution/raw_rpc/001988_FATHOM_FH5_FH5B_eth_getTransactionReceipt.json,b49efe85e39d01b1ca0c9dec34cb8aa03302760f1d287d3753f47da02d09739b,1387
project/semantic_explanation_validation_v1/03_execution/raw_rpc/001989_FATHOM_FH5_FH5B_evm_setNextBlockTimestamp.json,5cff06fc5da2e7dbc2549635faf10652c640fb26d4bdff875e95092fed550596,229
project/semantic_explanation_validation_v1/03_execution/raw_rpc/001990_FATHOM_FH5_FH5B_eth_sendTransaction.json,4893fd5640784b7e2b1c2fac4aa56284468c866318028518208ab7ded2662dd8,585
project/semantic_explanation_validation_v1/03_execution/raw_rpc/001991_FATHOM_FH5_FH5B_eth_getTransactionReceipt.json,46cafbc178c7e3a2e377fca2347706ce14bfb6fad049097152208f3fb748c725,1387
project/semantic_explanation_validation_v1/03_execution/raw_rpc/001992_FATHOM_FH5_FH5B_evm_setNextBlockTimestamp.json,7675d9042cf0379a128e55f52368d13e75009aa000542c2efa14624951d52aa0,229
project/semantic_explanation_validation_v1/03_execution/raw_rpc/001993_FATHOM_FH5_FH5B_eth_sendTransaction.json,1de78829538461035d3881c73f9d1ac0bd16ff45de11207916e439cffe116165,585
project/semantic_explanation_validation_v1/03_execution/raw_rpc/001994_FATHOM_FH5_FH5B_eth_getTransactionReceipt.json,f7d1ef7d4597618ab29ed030ba2a7e3c516045c20f1020e7a7de6d80eb387c38,1387
project/semantic_explanation_validation_v1/03_execution/raw_rpc/001995_FATHOM_FH5_FH5B_evm_setNextBlockTimestamp.json,2780c8de40ca5e5cdba34537201907e63ab6e6eeee50cef3bcb03af2e4733d94,229
project/semantic_explanation_validation_v1/03_execution/raw_rpc/001996_FATHOM_FH5_FH5B_eth_sendTransaction.json,5f84e9e3b94dcce79b2b28088b7b3598ee21ee2fd2a7a327cf45f19a99591c68,585
project/semantic_explanation_validation_v1/03_execution/raw_rpc/001997_FATHOM_FH5_FH5B_eth_getTransactionReceipt.json,5ff3e8c83b055e406d19f96938218db7d935fd3e026d6940ec3a3ef1d640eda8,1387
project/semantic_explanation_validation_v1/03_execution/raw_rpc/001998_FATHOM_FH5_FH5B_evm_setNextBlockTimestamp.json,08b98933d0a52616d5bc1eff54f29d5361e9f18cdee4b4917426a83af4bc2690,229
project/semantic_explanation_validation_v1/03_execution/raw_rpc/001999_FATHOM_FH5_FH5B_eth_sendTransaction.json,3781538a37f1ee01682705055f051b526377e20b99b476c8b3ab85bf42839705,585
project/semantic_explanation_validation_v1/03_execution/raw_rpc/002000_FATHOM_FH5_FH5B_eth_getTransactionReceipt.json,5fd9f172a8b27d501f49b050d9e953bea13e0e58cbd4cff42b10873bbd281144,1387
project/semantic_explanation_validation_v1/03_execution/raw_rpc/002001_FATHOM_FH5_FH5B_evm_setNextBlockTimestamp.json,e813c61d1ec2a435abf530db429d04984671ead055c1f8a2371dde4493b479c3,229
project/semantic_explanation_validation_v1/03_execution/raw_rpc/002002_FATHOM_FH5_FH5B_eth_sendTransaction.json,92b7a0f3c16376c1b164dffdcb2af1c94032177b38bb333c5eccc4e2bec636f9,585
project/semantic_explanation_validation_v1/03_execution/raw_rpc/002003_FATHOM_FH5_FH5B_eth_getTransactionReceipt.json,0d9a0bb67d08a11e818d3cb887068ea263577f4420d37a51fc8808e56e85968f,1387
project/semantic_explanation_validation_v1/03_execution/raw_rpc/002004_FATHOM_FH5_FH5B_evm_setNextBlockTimestamp.json,fa659191436c817c2c3c56ac284185fb162453e20f3a665c1efcf59e409e31c8,229
project/semantic_explanation_validation_v1/03_execution/raw_rpc/002005_FATHOM_FH5_FH5B_eth_sendTransaction.json,b843a1b633a0ff9562eea5c82f2399a32fac3b78f536d9f0572e3b0ba6368a96,585
project/semantic_explanation_validation_v1/03_execution/raw_rpc/002006_FATHOM_FH5_FH5B_eth_getTransactionReceipt.json,7efc0fd3cf65ff4d9983e36bb3cbe821f302d9dc3cc825f5df625fd0891c2123,1387
project/semantic_explanation_validation_v1/03_execution/raw_rpc/002007_FATHOM_FH5_FH5B_evm_setNextBlockTimestamp.json,72f4cac65dfd0c9abe7cb944e2877211bad939bcf191fd2058460d343b70951d,229
project/semantic_explanation_validation_v1/03_execution/raw_rpc/002008_FATHOM_FH5_FH5B_eth_sendTransaction.json,bde25c8daaf2f351e8ef0c19e0931eb8da294b35a1ab443135ceb36263804c0c,585
project/semantic_explanation_validation_v1/03_execution/raw_rpc/002009_FATHOM_FH5_FH5B_eth_getTransactionReceipt.json,e57879d5bec462e051a40335ab11dc3c1a6b2d810d88ca6f0c2155d68fc0326e,1387
project/semantic_explanation_validation_v1/03_execution/raw_rpc/002010_FATHOM_FH5_FH5B_evm_setNextBlockTimestamp.json,77a066fdd29232769bdd85f6dada30b72770e722244b4fb6f064f18961fd6be1,229
project/semantic_explanation_validation_v1/03_execution/raw_rpc/002011_FATHOM_FH5_FH5B_eth_sendTransaction.json,70eae5ff70f075b08a65714c24b42bb2ca22db45403f5b04bc720466f9311294,585
project/semantic_explanation_validation_v1/03_execution/raw_rpc/002012_FATHOM_FH5_FH5B_eth_getTransactionReceipt.json,b277b116aaae70340406f0b90ce86c97d98204c0836ea4c504e51f54be48798f,1387
project/semantic_explanation_validation_v1/03_execution/raw_rpc/002013_FATHOM_FH5_FH5B_evm_setNextBlockTimestamp.json,ae37dcdb0821044d94f96ce5b554966404453529e81baa21b98d20fba001b4c6,229
project/semantic_explanation_validation_v1/03_execution/raw_rpc/002014_FATHOM_FH5_FH5B_eth_sendTransaction.json,43f878c063a14ac60cc0396a885efd384ede2998cebfe11ac53e544ba407a77b,585
project/semantic_explanation_validation_v1/03_execution/raw_rpc/002015_FATHOM_FH5_FH5B_eth_getTransactionReceipt.json,16c19c6a2303f1307bf7dc27f30ad336fd90169e67900077ab9d8a6fa2772f92,1387
project/semantic_explanation_validation_v1/03_execution/raw_rpc/002016_FATHOM_FH5_FH5B_evm_setNextBlockTimestamp.json,a8ad7bc03e31c1448a5290d94b3ea8ffaca7ef255b4a138eb8d0744983056ada,229
project/semantic_explanation_validation_v1/03_execution/raw_rpc/002017_FATHOM_FH5_FH5B_eth_sendTransaction.json,8643916c4900760122ecd016ea5bfa1ff69d040f018d388534fde01f20efe85e,585
project/semantic_explanation_validation_v1/03_execution/raw_rpc/002018_FATHOM_FH5_FH5B_eth_getTransactionReceipt.json,fc1ac4dfc53c5eec2b9adfdef228a7ea38d36ad2ec38cc738980d85a1858f4c9,1387
project/semantic_explanation_validation_v1/03_execution/raw_rpc/002019_FATHOM_FH5_FH5B_evm_setNextBlockTimestamp.json,9d0436f2128a4d5fd07fc72df07c51d11ec27d0ced7d3a113cb9d5e25a25cda8,229
project/semantic_explanation_validation_v1/03_execution/raw_rpc/002020_FATHOM_FH5_FH5B_eth_sendTransaction.json,a591a417fcc91ddf5974cd28c154c2aedc504d5e5e1d23d8f1f535a5fb1628c8,585
project/semantic_explanation_validation_v1/03_execution/raw_rpc/002021_FATHOM_FH5_FH5B_eth_getTransactionReceipt.json,64b85e0e982567d2c33abb00fd423d863ce1701e8b175ef7972ddaee61a473af,1387
project/semantic_explanation_validation_v1/03_execution/raw_rpc/002022_FATHOM_FH5_FH5B_evm_setNextBlockTimestamp.json,c937213af823c6758492d9224f2694cb0f32fa963ccc35d9efaa26b7159087cc,229
project/semantic_explanation_validation_v1/03_execution/raw_rpc/002023_FATHOM_FH5_FH5B_eth_sendTransaction.json,96c5ea926fa9fed49683f27896084f99308f639fb9912c87fff23711f860c40f,585
project/semantic_explanation_validation_v1/03_execution/raw_rpc/002024_FATHOM_FH5_FH5B_eth_getTransactionReceipt.json,cd1c2b6a0f3dc0df8091b8f776df9ff04922665c1c3c55761cf8a2d96e8f1027,1387
project/semantic_explanation_validation_v1/03_execution/raw_rpc/002025_FATHOM_FH5_FH5B_evm_setNextBlockTimestamp.json,e25b087549ddbfb4ad1074dc0af30ab39af554b6d8518d75b1b57850cc0136bd,229
project/semantic_explanation_validation_v1/03_execution/raw_rpc/002026_FATHOM_FH5_FH5B_eth_sendTransaction.json,34a2c57476cce74afede3a5f5aa0b3960f30e34539631f6a2a2676e9b64c1583,585
project/semantic_explanation_validation_v1/03_execution/raw_rpc/002027_FATHOM_FH5_FH5B_eth_getTransactionReceipt.json,93a8c43f281a60821c11cdaf4e5a2856e3442655c168bf1e12b6c50ab71ea1c9,1387
project/semantic_explanation_validation_v1/03_execution/raw_rpc/002028_FATHOM_FH5_FH5B_evm_setNextBlockTimestamp.json,b591a25b730ae7a0a498c4f98fb2611706b64476c8eca86548c4b22411809aad,229
project/semantic_explanation_validation_v1/03_execution/raw_rpc/002029_FATHOM_FH5_FH5B_eth_sendTransaction.json,269ff5a80558165eccab1c2e4cb65b6fe597c064309d7f95312c1b9e34a07483,457
project/semantic_explanation_validation_v1/03_execution/raw_rpc/002030_FATHOM_FH5_FH5B_eth_getTransactionReceipt.json,3e9c6360517dfdf3a54af01c7527354d869142553b9b87b34357eb7de38be448,1387
project/semantic_explanation_validation_v1/03_execution/raw_rpc/002031_FATHOM_FH5_FH5B_eth_call.json,fd2965301388cdbe4d4a5adb62dd2c6f641162aa991f469b4074065848769384,436
project/semantic_explanation_validation_v1/03_execution/raw_rpc/002032_FATHOM_FH5_FH5B_evm_setNextBlockTimestamp.json,6301eb5a582e15563c6fa9e38cc785c7fa76996da925ba3cc2c05fcd9c7ce85c,229
project/semantic_explanation_validation_v1/03_execution/raw_rpc/002033_FATHOM_FH5_FH5B_evm_mine.json,3c06a1521aee15c9c460cf9bc598f09f68169cef30ba1ee8cec83fb3c27d32c7,181
project/semantic_explanation_validation_v1/03_execution/raw_rpc/002034_FATHOM_FH5_FH5B_eth_call.json,94f0873b228073ed889cb5cb13f136718753dabd4a7387c26362c05a768746d0,436
project/semantic_explanation_validation_v1/03_execution/raw_rpc/002035_FATHOM_FH5_FH5B_eth_call.json,4e024fc3401d9d40ce08c1df001023bb376c1f27cc80cbac9bdbeb2979fa87ff,436
project/semantic_explanation_validation_v1/03_execution/raw_rpc/002036_FATHOM_FH5_FH5B_eth_call.json,65285b8d841f9de3c32656ce56491220c4408a7fe3e69ee816b693640e360737,372
project/semantic_explanation_validation_v1/03_execution/raw_rpc/002037_FATHOM_FH5_FH5B_eth_call.json,e02e82501fd167ea64d772a04eaacc82a9f5f545a69c269c4f30ba6cdf2aeb40,372
project/semantic_explanation_validation_v1/03_execution/raw_rpc/002038_FATHOM_FH5_FH5B_eth_call.json,12411b9e038005f2d85c16f9f8503d515fea271a9aacf1cd261b3ab23cdc0947,372
project/semantic_explanation_validation_v1/03_execution/raw_rpc/002039_FATHOM_FH5_FH5B_eth_call.json,32db2372f3057c5fe0819f2bf2ac4dd574213f774c174d2d76925850d9586071,372
project/semantic_explanation_validation_v1/03_execution/raw_rpc/002040_FATHOM_FH5_FH5B_eth_call.json,6d5c72ceb5f5f7fdb46719d01b106c1ccd7550e27f41f2bf1c95692947248122,372
project/semantic_explanation_validation_v1/03_execution/raw_rpc/002041_FATHOM_FH5_FH5B_eth_call.json,27f55fd4245fc200596a5ac5a18afa136c7141bf157b36494e24ab2027be9f31,372
project/semantic_explanation_validation_v1/03_execution/raw_rpc/002042_FATHOM_FH5_FH5B_debug_traceCall.json,6e8d12868dd3c23553137a20d6a81fddc18d0178c46d648ab2f979e9cf2c0897,30058
project/semantic_explanation_validation_v1/03_execution/raw_rpc/002043_FATHOM_FH5_FH5B_eth_call.json,2e185628b55e3c210ea9ca7dd05c952fdc81f60c6755b106b66391198fb8e8ff,436
project/semantic_explanation_validation_v1/03_execution/raw_rpc/002044_FATHOM_FH5_FH5B_eth_call.json,b588f6a0103328e9e09645d5dfb4f0ba40b47fc775171dfb782e38b3cf799598,436
project/semantic_explanation_validation_v1/03_execution/raw_rpc/002045_FATHOM_FH5_FH5B_eth_call.json,894a5dfb5b6fb05b7434cba6119f46529ff562f2a00d338f1086c3eeebe8e925,372
project/semantic_explanation_validation_v1/03_execution/raw_rpc/002046_FATHOM_FH5_FH5B_eth_call.json,645d09843f02f083e739d550e83033f8adeb5f64826237be97c63020b436f062,372
project/semantic_explanation_validation_v1/03_execution/raw_rpc/002047_FATHOM_FH5_FH5B_eth_call.json,8551a4e94cced75e2c3fa2e2a6a50df649240fe572710b152050b972b1218e30,372
project/semantic_explanation_validation_v1/03_execution/raw_rpc/002048_FATHOM_FH5_FH5B_eth_call.json,7894fa06714898aee781ed7a3f12f5ed32230dd72c258de26aa342b5cc877347,372
project/semantic_explanation_validation_v1/03_execution/raw_rpc/002049_FATHOM_FH5_FH5B_eth_call.json,0e8cb6616df690896c71c71e16ad0b2c46d859e17c99b91034a225c62d64376d,372
project/semantic_explanation_validation_v1/03_execution/raw_rpc/002050_FATHOM_FH5_FH5B_eth_call.json,d959ce5674558385af153b684d7377e98f8b208804956f7e0ef1cad48815b8fa,372
project/semantic_explanation_validation_v1/03_execution/raw_rpc/002051_FATHOM_FH5_FH5B_eth_getBlockByNumber.json,4fdc6847ec82afbabfdf60dc4c2e13c63d79e71ae6c6faeb0baf9e69d244cad4,2177
project/semantic_explanation_validation_v1/03_execution/raw_rpc/002052_MENTO_MH1_MH1A_hardhat_reset.json,ee2b4cf51469aae92d1096be458857f50e0e86c7206fa18367204baee02a154c,323
project/semantic_explanation_validation_v1/03_execution/raw_rpc/002053_MENTO_MH1_MH1A_eth_getBlockByNumber.json,f1af45d37803da96224a7108f3f926221aff2968d0122dac0f5f68c3fa49a47b,2231
project/semantic_explanation_validation_v1/03_execution/raw_rpc/002054_MENTO_MH1_MH1A_hardhat_impersonateAccount.json,48dcec52d2e096cceb8b70c39dd2c7cc48d641d2e91c265e6c66c6b3d90fe7bd,256
project/semantic_explanation_validation_v1/03_execution/raw_rpc/002055_MENTO_MH1_MH1A_hardhat_setBalance.json,087b0d447e33f7d9fd71abf5981194a5d6608a935d9a51b06ff97919ce7f4fe5,279
project/semantic_explanation_validation_v1/03_execution/raw_rpc/002056_MENTO_MH1_MH1A_evm_setNextBlockTimestamp.json,960d80349ee1e3f0cf4ae8230d684e12efd4e6b0efa23241cd7693ff33d98d91,229
project/semantic_explanation_validation_v1/03_execution/raw_rpc/002057_MENTO_MH1_MH1A_eth_sendTransaction.json,ae8e7510bb32a2eac8dab6263219e95532066dd7c4113763d3a85d3bf7ae3512,713
project/semantic_explanation_validation_v1/03_execution/raw_rpc/002058_MENTO_MH1_MH1A_eth_getTransactionReceipt.json,f3357a23f74f7615d97749166b96348382ba9f91fc1d4c94bee2b43bc2907ae3,3650
project/semantic_explanation_validation_v1/03_execution/raw_rpc/002059_MENTO_MH1_MH1A_evm_setNextBlockTimestamp.json,7debcf9cb689bc019a4bad432ec08d7d84004c69eacc4c67ce85266f3264584f,229
project/semantic_explanation_validation_v1/03_execution/raw_rpc/002060_MENTO_MH1_MH1A_eth_call.json,63f12e98d646ca2e019684d08ac3f387c21088b7467f402376c6b10615a26d8f,500
project/semantic_explanation_validation_v1/03_execution/raw_rpc/002061_MENTO_MH1_MH1A_eth_call.json,6ed4d9f2b1b22b43be46bca96a67788142fcabaa7f010936fc25673a4a510429,436
project/semantic_explanation_validation_v1/03_execution/raw_rpc/002062_MENTO_MH1_MH1A_eth_call.json,1ffc17cdf3e2329ffcc92b7f883ceb4c4fad902ca732fb554c04671fd4390776,948
project/semantic_explanation_validation_v1/03_execution/raw_rpc/002063_MENTO_MH1_MH1A_eth_call.json,4a536402e18e8b19e2be289d580ed76cfc0e5688433d3922d381990007bdd962,948
project/semantic_explanation_validation_v1/03_execution/raw_rpc/002064_MENTO_MH1_MH1A_eth_call.json,82470d9de02c958d653f78041b14d4e0414c73b579b5c6a7fe7888fe6df5c224,436
project/semantic_explanation_validation_v1/03_execution/raw_rpc/002065_MENTO_MH1_MH1A_eth_call.json,20ad14f488a942c831e4fcd3f26e73b934c432e5f1cb31bc8ab0ca0ac99da004,436
project/semantic_explanation_validation_v1/03_execution/raw_rpc/002066_MENTO_MH1_MH1A_eth_call.json,e7642b05178917e38ee9f00c173129d0c84db668e26a36bf77b92e60f1d49f6e,372
project/semantic_explanation_validation_v1/03_execution/raw_rpc/002067_MENTO_MH1_MH1A_eth_call.json,47c5d8af2e328852b4674e59d7f6160c49b8dde0c6c284702812fe4acdb7bb86,436
project/semantic_explanation_validation_v1/03_execution/raw_rpc/002068_MENTO_MH1_MH1A_eth_call.json,ae07eb68775737726d8ef24c505b2da735faad3237ce06e313abffcbdf397cb3,500
project/semantic_explanation_validation_v1/03_execution/raw_rpc/002069_MENTO_MH1_MH1A_eth_sendTransaction.json,a290b082c62894dd8fe349b9946c17531e9d907950a542bac3f2eb1c6ed8e780,713
project/semantic_explanation_validation_v1/03_execution/raw_rpc/002070_MENTO_MH1_MH1A_eth_getTransactionReceipt.json,f5a91c6fad083f7c039e09aa614cf413b3f92e140ad432b6751e972eaa659a26,2953
project/semantic_explanation_validation_v1/03_execution/raw_rpc/002071_MENTO_MH1_MH1A_debug_traceTransaction.json.gz,4121ac1a8bd9c300b3b26d841bdb28109ac06eaf20284a1cff926a507bd2c761,415908
project/semantic_explanation_validation_v1/03_execution/raw_rpc/002072_MENTO_MH1_MH1A_eth_call.json,7833ff866dbfc671a02bff182f8b7c89d9e85c6f991bbf956e041a0911b06385,500
project/semantic_explanation_validation_v1/03_execution/raw_rpc/002073_MENTO_MH1_MH1A_eth_call.json,798ce15bc1f9de79219228a5c4ffa181e01da9cf2eae3c1d8bb213ed8792cc71,436
project/semantic_explanation_validation_v1/03_execution/raw_rpc/002074_MENTO_MH1_MH1A_eth_call.json,6e46ee4c17e25a1d8abbc9427ac8a5f4167171a9d89b23ebf637d4883d2b9ed7,948
project/semantic_explanation_validation_v1/03_execution/raw_rpc/002075_MENTO_MH1_MH1A_eth_call.json,3d6bde966b9ce6e13b8b953e98af7dcbcd6062f4ecf6c49e6f85d9769e3f6e2b,948
project/semantic_explanation_validation_v1/03_execution/raw_rpc/002076_MENTO_MH1_MH1A_eth_call.json,f9513602797babae286a0bf9eabe2bc78035d23af2df5324c04f9219a81e36dd,436
project/semantic_explanation_validation_v1/03_execution/raw_rpc/002077_MENTO_MH1_MH1A_eth_call.json,215afc8e5530ec4d26175ee844451fdee6996e5e883aee2be2e4375d687279df,436
project/semantic_explanation_validation_v1/03_execution/raw_rpc/002078_MENTO_MH1_MH1A_eth_call.json,a07f305d5132fdc38e2fb0ff08241ce42c250ebe077ade495fc1d1ef843b4f30,372
project/semantic_explanation_validation_v1/03_execution/raw_rpc/002079_MENTO_MH1_MH1A_eth_call.json,7f8d13bf97202a58018c422f58d2f51e462eee169eda145ebe7a0346f7615bea,436
project/semantic_explanation_validation_v1/03_execution/raw_rpc/002080_MENTO_MH1_MH1A_eth_call.json,39fdb108d96b9b682d79704c46df5ef832511477e29c49d49570e72acbd0027f,500
project/semantic_explanation_validation_v1/03_execution/raw_rpc/002081_MENTO_MH1_MH1B_hardhat_reset.json,322eaabe1bc1945de457d032478dbb30c69c05b007d6d3c03c25aa3cb479e692,323
project/semantic_explanation_validation_v1/03_execution/raw_rpc/002082_MENTO_MH1_MH1B_eth_getBlockByNumber.json,6b6a543f3e9f5a1666aea6385f6b5e1eed04deb7a73ce3fb1bfd758d68662c97,2231
project/semantic_explanation_validation_v1/03_execution/raw_rpc/002083_MENTO_MH1_MH1B_hardhat_impersonateAccount.json,9c9e4b1b7b2475e9876bf5b0c1febab6201b6fd0298727a1a479dac91cf3fcb1,256
project/semantic_explanation_validation_v1/03_execution/raw_rpc/002084_MENTO_MH1_MH1B_hardhat_setBalance.json,b0d3706da6636a2226f7d08a36167594348a78ed23cfae0ca49ee1ada6487399,279
project/semantic_explanation_validation_v1/03_execution/raw_rpc/002085_MENTO_MH1_MH1B_evm_setNextBlockTimestamp.json,164c7d16967e2252ac131c1c0adbc272616b749d6722f202fcbc1dea4152f614,229
project/semantic_explanation_validation_v1/03_execution/raw_rpc/002086_MENTO_MH1_MH1B_eth_sendTransaction.json,6e97266c9def2c3bc09d629ce04df7c22b1cc8d231d05b4e15e949d661b361af,713
project/semantic_explanation_validation_v1/03_execution/raw_rpc/002087_MENTO_MH1_MH1B_eth_getTransactionReceipt.json,2576425a3d8c440d77fcaea59cb1e4d1648319ac14adbdaf8b0278e8ec509c24,3650
project/semantic_explanation_validation_v1/03_execution/raw_rpc/002088_MENTO_MH1_MH1B_evm_setNextBlockTimestamp.json,717b29f89c838a5279ae9c1f9c579bcab45519418ae11fc59360bb06ef0566c2,229
project/semantic_explanation_validation_v1/03_execution/raw_rpc/002089_MENTO_MH1_MH1B_eth_call.json,f675be50128a4d65293c878b42bb1137100b2e1284b6978d53fe64912d1d61e6,500
project/semantic_explanation_validation_v1/03_execution/raw_rpc/002090_MENTO_MH1_MH1B_eth_call.json,06187568b3b84e88a199848886206944ee7ddae6d20af330f2161b6b52846c87,436
project/semantic_explanation_validation_v1/03_execution/raw_rpc/002091_MENTO_MH1_MH1B_eth_call.json,f40795a93f605cfaff7ef99743f35570aa81f69b4b79eac098d90f970fa291c4,948
project/semantic_explanation_validation_v1/03_execution/raw_rpc/002092_MENTO_MH1_MH1B_eth_call.json,adb83e52efff4ba688c0190f7241b6d8de294a7b10c718eb0e3765ba21713dfb,948
project/semantic_explanation_validation_v1/03_execution/raw_rpc/002093_MENTO_MH1_MH1B_eth_call.json,3a97423b716702108d2989cff0af9b394a59f5f80870d5fefa09692e9e7b10d5,436
project/semantic_explanation_validation_v1/03_execution/raw_rpc/002094_MENTO_MH1_MH1B_eth_call.json,d219d2febd5b339a17f1e3c59c3575b4de4033b05cdfec1f2f507281ac913f87,436
project/semantic_explanation_validation_v1/03_execution/raw_rpc/002095_MENTO_MH1_MH1B_eth_call.json,8c256b5bf788e98f9b78466dcc211af979ed93c85daf4e2b5524c190b6810e65,372
project/semantic_explanation_validation_v1/03_execution/raw_rpc/002096_MENTO_MH1_MH1B_eth_call.json,347418b475993f2c748d05e5f38121d9edccd91e8f87997f29658f69cc007f55,436
project/semantic_explanation_validation_v1/03_execution/raw_rpc/002097_MENTO_MH1_MH1B_eth_call.json,9e1dbfa0cdae5d45cafa1c8e0e8c0d88e205781456373c3a57434e4566d59968,500
project/semantic_explanation_validation_v1/03_execution/raw_rpc/002098_MENTO_MH1_MH1B_eth_sendTransaction.json,75006641c1a7c4c930e6653f6437d3c4d22ae7b39cca63a1278f325b41f5835f,713
project/semantic_explanation_validation_v1/03_execution/raw_rpc/002099_MENTO_MH1_MH1B_eth_getTransactionReceipt.json,106fefe28ab61d3604b621108bf00e8e87612a4c3c6c7c77341c5d0c68ef985b,2953
project/semantic_explanation_validation_v1/03_execution/raw_rpc/002100_MENTO_MH1_MH1B_debug_traceTransaction.json.gz,ce1c5b55b9a6c1b7bbce89551b310e14c9611f1c7bbbebf70a27d86dad6b452a,414606
project/semantic_explanation_validation_v1/03_execution/raw_rpc/002101_MENTO_MH1_MH1B_eth_call.json,bc37dc93d3e5083cb529430315bda7a382cd5feec363cd68f5555e56deaac774,500
project/semantic_explanation_validation_v1/03_execution/raw_rpc/002102_MENTO_MH1_MH1B_eth_call.json,f91066c2181092e65eba9747f04b869e7180ad266dbc8628accfb1079d01a178,436
project/semantic_explanation_validation_v1/03_execution/raw_rpc/002103_MENTO_MH1_MH1B_eth_call.json,5e073904aaf758fb34193933939423195ee0c9672906c45514bdf498242e4b7e,948
project/semantic_explanation_validation_v1/03_execution/raw_rpc/002104_MENTO_MH1_MH1B_eth_call.json,553d60c8e92d4d7b4be9a11d777a17fa6f909a9b5907d21d5ea6a015d84ba93f,948
project/semantic_explanation_validation_v1/03_execution/raw_rpc/002105_MENTO_MH1_MH1B_eth_call.json,e8483b22475c52c86f71a4b397ef1bb5e4402aae6349eeb303196b8c7deb10d7,436
project/semantic_explanation_validation_v1/03_execution/raw_rpc/002106_MENTO_MH1_MH1B_eth_call.json,bed5d8293325040a573b26a6f0b9d7ebc59a02a2469ef6fc140c22370539d7ce,436
project/semantic_explanation_validation_v1/03_execution/raw_rpc/002107_MENTO_MH1_MH1B_eth_call.json,ede7de74c742108b5bf8c75a6820a30ad68b1e2781ca6106154d6ab4183bcd77,372
project/semantic_explanation_validation_v1/03_execution/raw_rpc/002108_MENTO_MH1_MH1B_eth_call.json,5e67b956d90c0e1a2cacddb75fd78f7ac8150a81bc458353dba44bd84cbdcc0e,436
project/semantic_explanation_validation_v1/03_execution/raw_rpc/002109_MENTO_MH1_MH1B_eth_call.json,2ba37823d6deed2162da310ef3e011e9f49eedc822bd12476fb5759966199499,500
project/semantic_explanation_validation_v1/03_execution/raw_rpc/002110_MENTO_MH2_MH2A_hardhat_reset.json,0682f9ab70f68d2004787a539e74e5e837ecb72e4092d63a815c4577d98ea1b5,323
project/semantic_explanation_validation_v1/03_execution/raw_rpc/002111_MENTO_MH2_MH2A_eth_getBlockByNumber.json,6eab872e3b1d55af735acb49733bd607bd5f1b203ca68b290188f16906675e53,2231
project/semantic_explanation_validation_v1/03_execution/raw_rpc/002112_MENTO_MH2_MH2A_hardhat_impersonateAccount.json,f0a9d94785b1b809547a945e6825265ac71a43d212c5e4e2997cbd9354316d80,256
project/semantic_explanation_validation_v1/03_execution/raw_rpc/002113_MENTO_MH2_MH2A_hardhat_setBalance.json,e82470185e2d08059725399cfefd91b0cb758ada162b5c1c45a42ff8c0b65fe4,279
project/semantic_explanation_validation_v1/03_execution/raw_rpc/002114_MENTO_MH2_MH2A_evm_setNextBlockTimestamp.json,18adf41deffd565cc71c5a8b7b0312cb893c446ac95d673a80483c5d31125593,229
project/semantic_explanation_validation_v1/03_execution/raw_rpc/002115_MENTO_MH2_MH2A_eth_sendTransaction.json,b4a9b2acaf8a17e36f2875a1f0f4ea31628f556780d1b3d1e3f37f00c52d94d6,713
project/semantic_explanation_validation_v1/03_execution/raw_rpc/002116_MENTO_MH2_MH2A_eth_getTransactionReceipt.json,328dfa7de3530e60d581ca9ba5aaa4aa81d0abb6fdefadc3405ec11515fe74fe,3650
project/semantic_explanation_validation_v1/03_execution/raw_rpc/002117_MENTO_MH2_MH2A_evm_setNextBlockTimestamp.json,de0fcd2d00c550d184eeaea931f1e3ffe68d2a84ccb98c7047ba949189879857,229
project/semantic_explanation_validation_v1/03_execution/raw_rpc/002118_MENTO_MH2_MH2A_eth_call.json,d79f1e21f946a0b3bde1f3e4338629552449c9bb602b1de9b8f15a3b276e6474,500
project/semantic_explanation_validation_v1/03_execution/raw_rpc/002119_MENTO_MH2_MH2A_eth_call.json,67669c52006e2b00b96c3e8066e410d1238676a1d6e3196d26d2065c174d592b,436
project/semantic_explanation_validation_v1/03_execution/raw_rpc/002120_MENTO_MH2_MH2A_eth_call.json,7c7d8019cea8db1528ea10873b8faf3f9aaf91fa3c64128ce5275056e4e3a3f1,948
project/semantic_explanation_validation_v1/03_execution/raw_rpc/002121_MENTO_MH2_MH2A_eth_call.json,da4a2314551bdf0ae4f5caba05d03db4e896c64d5c9dbb87e4ec3079c82a651a,948
project/semantic_explanation_validation_v1/03_execution/raw_rpc/002122_MENTO_MH2_MH2A_eth_call.json,4a5dbd3c8350e643d2ba5733c933f04c54561f7200ea55c424d3ff08bebe5c61,436
project/semantic_explanation_validation_v1/03_execution/raw_rpc/002123_MENTO_MH2_MH2A_eth_call.json,734de501122938096b75c99e6d655d0a86ee2fed4bf062c930d7ebae888de49c,436
project/semantic_explanation_validation_v1/03_execution/raw_rpc/002124_MENTO_MH2_MH2A_eth_call.json,18ee0cf25edf16497fbb743f3acc38d1ad1d0ebbaf4a8f0183b1f8087d0e6cb5,372
project/semantic_explanation_validation_v1/03_execution/raw_rpc/002125_MENTO_MH2_MH2A_eth_call.json,b2fb2a869b09dcf65b6852027ad9e6328d91540760a9b97051c6a36720cafffe,436
project/semantic_explanation_validation_v1/03_execution/raw_rpc/002126_MENTO_MH2_MH2A_eth_call.json,df35209d74696b513ab30de5062b45293b7519e2c45a2e491505ab26e1d7fc0f,500
project/semantic_explanation_validation_v1/03_execution/raw_rpc/002127_MENTO_MH2_MH2A_eth_sendTransaction.json,62908110708be272c3ec7bd94ab7b420005da7b960148afe8a89ef8ea40f5df3,713
project/semantic_explanation_validation_v1/03_execution/raw_rpc/002128_MENTO_MH2_MH2A_eth_getTransactionReceipt.json,ef199f5ed643f9daa6ac164532024f4fe947c9fcde437411c2c2e0ea99b37c07,2953
project/semantic_explanation_validation_v1/03_execution/raw_rpc/002129_MENTO_MH2_MH2A_debug_traceTransaction.json.gz,ae0bb42cd91bd0278b31ab2be5ed0931ab2dfd7e2b96d0bf4ba4ebc29917a77f,412187
project/semantic_explanation_validation_v1/03_execution/raw_rpc/002130_MENTO_MH2_MH2A_eth_call.json,1df4b5c48e12fa1536aa653038e4f2a249736159e4f036d86235102658efe410,500
project/semantic_explanation_validation_v1/03_execution/raw_rpc/002131_MENTO_MH2_MH2A_eth_call.json,04914c3400f014c12c97e980df49735bb3f99e844c722d43eae9c697fd7c5821,436
project/semantic_explanation_validation_v1/03_execution/raw_rpc/002132_MENTO_MH2_MH2A_eth_call.json,6eddb6678d3e90204cefee38d8f732476b371c4ec9a486387a269da266083761,948
project/semantic_explanation_validation_v1/03_execution/raw_rpc/002133_MENTO_MH2_MH2A_eth_call.json,4487cfd88049f586e7adb59af2367d1abb943dda79d4c07082ed834adcb6a210,948
project/semantic_explanation_validation_v1/03_execution/raw_rpc/002134_MENTO_MH2_MH2A_eth_call.json,14c655e4136e2ac070147e99d2330795ccf0daf9b0d5f1e7f1e9d61850435df6,436
project/semantic_explanation_validation_v1/03_execution/raw_rpc/002135_MENTO_MH2_MH2A_eth_call.json,6832c68d38434a005f4abcc127fdb5888ec40b20da36d28a3fa6503e1bc67756,436
project/semantic_explanation_validation_v1/03_execution/raw_rpc/002136_MENTO_MH2_MH2A_eth_call.json,f94bc688062192957b0035abb67c856ebc287ee60a361f43e1cdcaec17fdb3a8,372
project/semantic_explanation_validation_v1/03_execution/raw_rpc/002137_MENTO_MH2_MH2A_eth_call.json,1b118c980c7bf9d4f80d2c9da87904b78c35e4cb70cc312819c39e4df92440d9,436
project/semantic_explanation_validation_v1/03_execution/raw_rpc/002138_MENTO_MH2_MH2A_eth_call.json,c42256408a1cc7330205c6cd1cd97e2bff013febb5a7a3511f7090b4246184fb,500
project/semantic_explanation_validation_v1/03_execution/raw_rpc/002139_MENTO_MH2_MH2B_hardhat_reset.json,c4950267093af00e83eb84b524e07ad9ab3e0b7d29335fcde1edcb4e277a2817,323
project/semantic_explanation_validation_v1/03_execution/raw_rpc/002140_MENTO_MH2_MH2B_eth_getBlockByNumber.json,e94063e8c5d5acd123652bc3037f7353ac1bfc9b3103af890c0a86fc48a054b3,2231
project/semantic_explanation_validation_v1/03_execution/raw_rpc/002141_MENTO_MH2_MH2B_hardhat_impersonateAccount.json,e255727c1f7f03c0303e72f498ae57c01c5a505f6d6c916f2737d9cf78df1b99,256
project/semantic_explanation_validation_v1/03_execution/raw_rpc/002142_MENTO_MH2_MH2B_hardhat_setBalance.json,b022baf435af40cae69ffa4a3aa854af6d2440182a42d1ead93782e668bc7ffc,279
project/semantic_explanation_validation_v1/03_execution/raw_rpc/002143_MENTO_MH2_MH2B_evm_setNextBlockTimestamp.json,6fa3a3fd0eea374217b5b4fc3b3b22672d99d5b5831c1b820b987c327a09ee2a,229
project/semantic_explanation_validation_v1/03_execution/raw_rpc/002144_MENTO_MH2_MH2B_eth_sendTransaction.json,27f21bd45d3833980817ca19bc25f33c84200fb22098bcbc46808801734c1099,713
project/semantic_explanation_validation_v1/03_execution/raw_rpc/002145_MENTO_MH2_MH2B_eth_getTransactionReceipt.json,7f308f52c65332da2981a3acb9907290be1149af26f960eb4daff3abb73df68f,3650
project/semantic_explanation_validation_v1/03_execution/raw_rpc/002146_MENTO_MH2_MH2B_evm_setNextBlockTimestamp.json,aaedde5ae9bb0bd128aeb7708bfb7f12b61093a6f0668e68ea044c97b4c9920c,229
project/semantic_explanation_validation_v1/03_execution/raw_rpc/002147_MENTO_MH2_MH2B_eth_call.json,439e859641226a2dc3cd0d07f033eab9192d2d355df9bf544c6989709384d5f4,500
project/semantic_explanation_validation_v1/03_execution/raw_rpc/002148_MENTO_MH2_MH2B_eth_call.json,f4e7fcb70f5bbf82e763bb6793209fc70684fc8963385ecdd5ece472ca3f2dde,436
project/semantic_explanation_validation_v1/03_execution/raw_rpc/002149_MENTO_MH2_MH2B_eth_call.json,cf0854b958ffa0570c9bc7d20145ac67d5595359d389f730f90c5002b526de69,948
project/semantic_explanation_validation_v1/03_execution/raw_rpc/002150_MENTO_MH2_MH2B_eth_call.json,bb0bf22802fdb854264f009b0f957b18652e961aaf7f77dd64dff510ba95d48b,948
project/semantic_explanation_validation_v1/03_execution/raw_rpc/002151_MENTO_MH2_MH2B_eth_call.json,4b30550e3b23784f7a23092ac6ec072fa18d83774448505ec9c2bbf12f54c28c,436
project/semantic_explanation_validation_v1/03_execution/raw_rpc/002152_MENTO_MH2_MH2B_eth_call.json,f3c3409e70873a28a4e9b0d75cb64cbff4c24a994f4361b762a51455c1d0e940,436
project/semantic_explanation_validation_v1/03_execution/raw_rpc/002153_MENTO_MH2_MH2B_eth_call.json,3e3d46c3a21b0630d231435651f664411c48e93159534d7601e9b54235d67840,372
project/semantic_explanation_validation_v1/03_execution/raw_rpc/002154_MENTO_MH2_MH2B_eth_call.json,4584343eee4be0e448d1b8fe5854a388792f2381621a895da6d2af4b4afe3fe9,436
project/semantic_explanation_validation_v1/03_execution/raw_rpc/002155_MENTO_MH2_MH2B_eth_call.json,f21b738d56b3a4ca4bd970fddecede1024e95341a9479c3ae64f74251a8c3a08,500
project/semantic_explanation_validation_v1/03_execution/raw_rpc/002156_MENTO_MH2_MH2B_eth_sendTransaction.json,3b7cfbaccb937bcac16b7746c3a5bfbd47fd51a695a3fe17dc416bebb6320988,713
project/semantic_explanation_validation_v1/03_execution/raw_rpc/002157_MENTO_MH2_MH2B_eth_getTransactionReceipt.json,bd788f7cf1ea3feb890b1d66e3c8673129c2dbf71b1997044958c710d306c014,2953
project/semantic_explanation_validation_v1/03_execution/raw_rpc/002158_MENTO_MH2_MH2B_debug_traceTransaction.json.gz,2abe6c3a9dddd14090c4a0502c1f4d9acce449a25e9c822d27eb06b054e1d27d,417985
project/semantic_explanation_validation_v1/03_execution/raw_rpc/002159_MENTO_MH2_MH2B_eth_call.json,a0182f3e1d26a53f77e672848fbfcb40afeb257d11e8450c37e62dca578172e9,500
project/semantic_explanation_validation_v1/03_execution/raw_rpc/002160_MENTO_MH2_MH2B_eth_call.json,74d4a37101b0cb379bfa517e9f350d2618bc070e21e84d3e2ad289d0457b0349,436
project/semantic_explanation_validation_v1/03_execution/raw_rpc/002161_MENTO_MH2_MH2B_eth_call.json,1d2f4fee9724f5f41ee76e4755e6d281a9fe13656fcccbf697f73f14ddd15615,948
project/semantic_explanation_validation_v1/03_execution/raw_rpc/002162_MENTO_MH2_MH2B_eth_call.json,740a9c7fe4f3da559007a680254dad754bc0094646625ab129f02092b2981458,948
project/semantic_explanation_validation_v1/03_execution/raw_rpc/002163_MENTO_MH2_MH2B_eth_call.json,0784afedb42fe32525b87c0398f9b4bb2495faa3d9501a4cd5d11d92a5223ab5,436
project/semantic_explanation_validation_v1/03_execution/raw_rpc/002164_MENTO_MH2_MH2B_eth_call.json,133cea6f84e8aac58d7e77ccf0ff791ccd604a6f75594d8e0141f9793a330366,436
project/semantic_explanation_validation_v1/03_execution/raw_rpc/002165_MENTO_MH2_MH2B_eth_call.json,1b2317ec565cb65713ed3b42479273861de30733e1c4022ee72d8eb90d62fb93,372
project/semantic_explanation_validation_v1/03_execution/raw_rpc/002166_MENTO_MH2_MH2B_eth_call.json,c12e6198df936755d5d0b95cb790cafd48871a017f918cebc146e7455cd0b187,436
project/semantic_explanation_validation_v1/03_execution/raw_rpc/002167_MENTO_MH2_MH2B_eth_call.json,2f2cc475b3b76175828b591df0d64b32b56c2c3abc396cbeb07bc8c3469a592f,500
project/semantic_explanation_validation_v1/03_execution/raw_rpc/002168_MENTO_MH3_MH3A_hardhat_reset.json,b995fe93890c7acba371cc44d4e40e41a4ea91603cad3269cfc64a91892b942f,323
project/semantic_explanation_validation_v1/03_execution/raw_rpc/002169_MENTO_MH3_MH3A_eth_getBlockByNumber.json,f69e52a26908ace841deb38131c4d12d63246d0f93aaae8e74d38030c5fb3acf,2231
project/semantic_explanation_validation_v1/03_execution/raw_rpc/002170_MENTO_MH3_MH3A_hardhat_impersonateAccount.json,71b548898d421a9d25f572372aae3c64a10061697a44d1676f3f56b0d0fb6973,256
project/semantic_explanation_validation_v1/03_execution/raw_rpc/002171_MENTO_MH3_MH3A_hardhat_setBalance.json,70bed160baf5da4c0ad81efcf78b3bb3ce95ce34a7c50360b38082fe5eb6cafb,279
project/semantic_explanation_validation_v1/03_execution/raw_rpc/002172_MENTO_MH3_MH3A_evm_setNextBlockTimestamp.json,8e9e4e5c390086d698f0cb470e7b7e5f914a52a0ea3337d9654c0e2f97bb74fc,229
project/semantic_explanation_validation_v1/03_execution/raw_rpc/002173_MENTO_MH3_MH3A_eth_sendTransaction.json,7d826f26a9aeb0d7d05b842449e3a292d98b335557f432d152bb7b3a46e3053a,713
project/semantic_explanation_validation_v1/03_execution/raw_rpc/002174_MENTO_MH3_MH3A_eth_getTransactionReceipt.json,5ea8f721b5c0c69ec0d28ded9d7482d2f1e46fa26a848173f200de01c7bca12a,3650
project/semantic_explanation_validation_v1/03_execution/raw_rpc/002175_MENTO_MH3_MH3A_evm_setNextBlockTimestamp.json,72820d0eab045cc6a170e7d244a3aa9363d18789753b5f814851abd66744cd52,229
project/semantic_explanation_validation_v1/03_execution/raw_rpc/002176_MENTO_MH3_MH3A_eth_call.json,32deb6a449b980e2a1e1ca17d529e9b74018b5cb025c38646df0e20f6a97403e,500
project/semantic_explanation_validation_v1/03_execution/raw_rpc/002177_MENTO_MH3_MH3A_eth_call.json,135b0776e1c27a6f13cec3a484199d45830765f1e2c0e7b89cd7802d4986e940,436
project/semantic_explanation_validation_v1/03_execution/raw_rpc/002178_MENTO_MH3_MH3A_eth_call.json,802ff86784bfbebfa9b3701d35cfd434b382c7e17dd3167227f537f134ea2339,948
project/semantic_explanation_validation_v1/03_execution/raw_rpc/002179_MENTO_MH3_MH3A_eth_call.json,df059bf7ec6ed1e2da4a66e2aeae5deaeb376b9b37630229d3213d4ebc3d4a86,948
project/semantic_explanation_validation_v1/03_execution/raw_rpc/002180_MENTO_MH3_MH3A_eth_call.json,b3bbaac1c5f73ba9221f277b7230bce275f48f531bd74d274263e408f61b2428,436
project/semantic_explanation_validation_v1/03_execution/raw_rpc/002181_MENTO_MH3_MH3A_eth_call.json,757a1eb6d95ede348079f6428d435bed91dae5944ad161f70ed40a1e55ec9e76,436
project/semantic_explanation_validation_v1/03_execution/raw_rpc/002182_MENTO_MH3_MH3A_eth_call.json,a7936a59b8d430bd9278d967273c8cc9c88f4202fdb40bcab0102333783ec206,372
project/semantic_explanation_validation_v1/03_execution/raw_rpc/002183_MENTO_MH3_MH3A_eth_call.json,a0163ca30bda00910370f4f7e8c51736138fdfbb954e6371e2e43fa26a90185e,436
project/semantic_explanation_validation_v1/03_execution/raw_rpc/002184_MENTO_MH3_MH3A_eth_call.json,68760831e0692ecd6763fff07f82868b5e0e85a5679c727d131992b0a2662a41,500
project/semantic_explanation_validation_v1/03_execution/raw_rpc/002185_MENTO_MH3_MH3A_eth_sendTransaction.json,f284cc032fb066f47b96a258d5ff13eda38e1b48902137e00d830701525c37ab,713
project/semantic_explanation_validation_v1/03_execution/raw_rpc/002186_MENTO_MH3_MH3A_eth_getTransactionReceipt.json,d280222f505365dbfda15ad09ee4a39cf1065ea990eef298d4165b0b7592fda4,2953
project/semantic_explanation_validation_v1/03_execution/raw_rpc/002187_MENTO_MH3_MH3A_debug_traceTransaction.json.gz,afefac38b36604b81905b05eb725b575a611c2cdbbce4bb2883bd10fb22cc201,420551
project/semantic_explanation_validation_v1/03_execution/raw_rpc/002188_MENTO_MH3_MH3A_eth_call.json,5b4744615e28e156500d56c99f69704a899464d62e02cf223418c4e208d79448,500
project/semantic_explanation_validation_v1/03_execution/raw_rpc/002189_MENTO_MH3_MH3A_eth_call.json,1e0b5227a043b53a8e19c00a3661bcdcce5b85267198f9b2fe16a23eff69be92,436
project/semantic_explanation_validation_v1/03_execution/raw_rpc/002190_MENTO_MH3_MH3A_eth_call.json,b9400cda3492769e9a83cd9db6525c804ebb016c8e2bec91a0393d868fc81c22,948
project/semantic_explanation_validation_v1/03_execution/raw_rpc/002191_MENTO_MH3_MH3A_eth_call.json,dfd2bf406907ee3722551daace7f77fb599cf0669e9911fd3701e656779451b8,948
project/semantic_explanation_validation_v1/03_execution/raw_rpc/002192_MENTO_MH3_MH3A_eth_call.json,969a9bc090072377ae310790211b4c92188870b2ec42aa1ab3a8f90bb405d755,436
project/semantic_explanation_validation_v1/03_execution/raw_rpc/002193_MENTO_MH3_MH3A_eth_call.json,5b6913cc114e9a61f399fb6dc521ab0840d43b0f64e293e376b97bf5a9214d2c,436
project/semantic_explanation_validation_v1/03_execution/raw_rpc/002194_MENTO_MH3_MH3A_eth_call.json,60e9d66fff5c0da6ac79212bcbcd03aa4964c62b4faf50baeceed1212c7b4583,372
project/semantic_explanation_validation_v1/03_execution/raw_rpc/002195_MENTO_MH3_MH3A_eth_call.json,d65d4bb643b6bd70d88b6092fc13ba77b2adeb164042228864ad969c11af7fb5,436
project/semantic_explanation_validation_v1/03_execution/raw_rpc/002196_MENTO_MH3_MH3A_eth_call.json,1672f21dd239394cff328d5aa80f6fa12898e0757f730c87b98f8dfd2ff5ab9e,500
project/semantic_explanation_validation_v1/03_execution/raw_rpc/002197_MENTO_MH3_MH3B_hardhat_reset.json,bd6a75f06f60675aad4e4b2dd162d6a21d4028f9505be3b2897ba696223bb174,323
project/semantic_explanation_validation_v1/03_execution/raw_rpc/002198_MENTO_MH3_MH3B_eth_getBlockByNumber.json,772219daaa3acd7d4b657c6e0aa6a2adab0f12926a71c001afc3b87ee2b2a421,2231
project/semantic_explanation_validation_v1/03_execution/raw_rpc/002199_MENTO_MH3_MH3B_hardhat_impersonateAccount.json,002108ebe1183e33adf0283704d28a32e87457b4a41ad1b86406b81e841bd689,256
project/semantic_explanation_validation_v1/03_execution/raw_rpc/002200_MENTO_MH3_MH3B_hardhat_setBalance.json,c5c538a4edaccad965fec05e5e35b60d5ee28951d6460597c3b8cc45a8835f01,279
project/semantic_explanation_validation_v1/03_execution/raw_rpc/002201_MENTO_MH3_MH3B_evm_setNextBlockTimestamp.json,6c43dc9a0200e68a6559e496aa9c2d2328c4684e2f5cfca409ce1a5b0ef46df7,229
project/semantic_explanation_validation_v1/03_execution/raw_rpc/002202_MENTO_MH3_MH3B_eth_sendTransaction.json,8bc381f891997d8e3ab5df134df1333749d3fccbcec76be6230d22965d4f23d5,713
project/semantic_explanation_validation_v1/03_execution/raw_rpc/002203_MENTO_MH3_MH3B_eth_getTransactionReceipt.json,3c1ee36d5760df1ce666f83c8450b0c749fc022ea447a80bfd26746ba34341d0,3650
project/semantic_explanation_validation_v1/03_execution/raw_rpc/002204_MENTO_MH3_MH3B_evm_setNextBlockTimestamp.json,4f85ec57734074a07d62bd36d4d2f8ea9b011c758dba36c0021fb7bd9843609d,229
project/semantic_explanation_validation_v1/03_execution/raw_rpc/002205_MENTO_MH3_MH3B_eth_call.json,c0c5a943fbc3988f0cd648bcb8db96f9191c80340cc3060c22d21428020b3454,500
project/semantic_explanation_validation_v1/03_execution/raw_rpc/002206_MENTO_MH3_MH3B_eth_call.json,93453eec0b5f0b47761e5af01a32c879537223e77ad384aca6cffedbedaca917,436
project/semantic_explanation_validation_v1/03_execution/raw_rpc/002207_MENTO_MH3_MH3B_eth_call.json,4559352e4c3f7689744af696593dc2367ed7dbd3b778bad2e7190568b105609c,948
project/semantic_explanation_validation_v1/03_execution/raw_rpc/002208_MENTO_MH3_MH3B_eth_call.json,95c1bb99892d2d8a66a235bcc9297550c825fb9a8f5fa5bd410abf94b955164e,948
project/semantic_explanation_validation_v1/03_execution/raw_rpc/002209_MENTO_MH3_MH3B_eth_call.json,4f79aa54284cbb31ebd5e6beaf3de4169f8e348190e96264631281396f3d8f79,436
project/semantic_explanation_validation_v1/03_execution/raw_rpc/002210_MENTO_MH3_MH3B_eth_call.json,129887e612127e89a53429c4f0924e6e56af55ce3bacc3fd4857151903a4c0c3,436
project/semantic_explanation_validation_v1/03_execution/raw_rpc/002211_MENTO_MH3_MH3B_eth_call.json,8997f2e3793345a121fa7a5bd3a72b3985a3cb58c48e6e8714de324e47851d3d,372
project/semantic_explanation_validation_v1/03_execution/raw_rpc/002212_MENTO_MH3_MH3B_eth_call.json,4e51bcf9de6994e8f2cae7d32584ddb3df76d65796dde7b5a1035f820f7a3d50,436
project/semantic_explanation_validation_v1/03_execution/raw_rpc/002213_MENTO_MH3_MH3B_eth_call.json,a889f89a077b1bbd414ff9e4ace59f7f2d8013d6d48999436b0f0251a0a7056d,500
project/semantic_explanation_validation_v1/03_execution/raw_rpc/002214_MENTO_MH3_MH3B_eth_sendTransaction.json,048482cc7b0aa7ebbe6c31392e4dbae78cd8290a0aab14c473b4988b767038c6,713
project/semantic_explanation_validation_v1/03_execution/raw_rpc/002215_MENTO_MH3_MH3B_eth_getTransactionReceipt.json,ef126e48b9e311db35d30b69bded49f819b91cd929159c411dc8b8eb78a7503e,2953
project/semantic_explanation_validation_v1/03_execution/raw_rpc/002216_MENTO_MH3_MH3B_debug_traceTransaction.json.gz,d467f309184e40aeae66a89c662efa86943f7ef5b7f927dd800e4ce7fffab062,418658
project/semantic_explanation_validation_v1/03_execution/raw_rpc/002217_MENTO_MH3_MH3B_eth_call.json,75abee66ed2babc339f6dca6e241c6a82f83babfe6c7819bf1785446abcaafc9,500
project/semantic_explanation_validation_v1/03_execution/raw_rpc/002218_MENTO_MH3_MH3B_eth_call.json,d1496e8f1a3302f50afadbdcb6c5a513dfe599b32cabad3930a008adc4033f39,436
project/semantic_explanation_validation_v1/03_execution/raw_rpc/002219_MENTO_MH3_MH3B_eth_call.json,2f06176b0d48ac138f0315ea4ea5eedda215932098117706d20f282415607c3a,948
project/semantic_explanation_validation_v1/03_execution/raw_rpc/002220_MENTO_MH3_MH3B_eth_call.json,b3e9595caf58d1310e7eaadaf25c164583e38eacba66c242edd4d515d29622c0,948
project/semantic_explanation_validation_v1/03_execution/raw_rpc/002221_MENTO_MH3_MH3B_eth_call.json,bb515e9ea787a6a05f196bb8e06b377e476b8058765859585482fefa99b803de,436
project/semantic_explanation_validation_v1/03_execution/raw_rpc/002222_MENTO_MH3_MH3B_eth_call.json,5195b5457c139a7f0bce8dd61f5d53d02e4341b76ac0274c222fc6522b8c38ad,436
project/semantic_explanation_validation_v1/03_execution/raw_rpc/002223_MENTO_MH3_MH3B_eth_call.json,d2987e38fe8a1a63d1cc2e1d1fd8302040043f0d30506c410ddc760e002e865e,372
project/semantic_explanation_validation_v1/03_execution/raw_rpc/002224_MENTO_MH3_MH3B_eth_call.json,03d08917ab32a81e0e17428e02f7a2cff0ded3c56fdd23ee803a00b087112c34,436
project/semantic_explanation_validation_v1/03_execution/raw_rpc/002225_MENTO_MH3_MH3B_eth_call.json,133b5ace405f5a55ec2bb117b1e15975e2c4fe4bba1635d8d58fa38708c3972b,500
project/semantic_explanation_validation_v1/03_execution/raw_rpc/002226_MENTO_MH4_MH4A_hardhat_reset.json,473edf122c412f12b184bb5475811ff6bce74def048fee982cd9e9dc0511b0ef,323
project/semantic_explanation_validation_v1/03_execution/raw_rpc/002227_MENTO_MH4_MH4A_eth_getBlockByNumber.json,ef72eeaffc5b20f6e7778cb48f8c0f171682b2b87e3a6814cda4a982eb06181f,2231
project/semantic_explanation_validation_v1/03_execution/raw_rpc/002228_MENTO_MH4_MH4A_hardhat_impersonateAccount.json,cded0b7f08171fe819a6811ce46a84796c1b7a4c3edc62d45368e513c27e948f,256
project/semantic_explanation_validation_v1/03_execution/raw_rpc/002229_MENTO_MH4_MH4A_hardhat_setBalance.json,9c590eb59d1b617ae0518365a65739d5324dae7b1f0acdc99da317997a78ff61,279
project/semantic_explanation_validation_v1/03_execution/raw_rpc/002230_MENTO_MH4_MH4A_evm_setNextBlockTimestamp.json,5409f08553a514bbf49408a42325bdd7d6893459f44af4879c391f970501728b,229
project/semantic_explanation_validation_v1/03_execution/raw_rpc/002231_MENTO_MH4_MH4A_eth_sendTransaction.json,a3805277e8d37a38f676bffa3063fb408a14dc16e475638dd8e488876c15cff7,713
project/semantic_explanation_validation_v1/03_execution/raw_rpc/002232_MENTO_MH4_MH4A_eth_getTransactionReceipt.json,698d0c339bda9179b819305d7b7a0307f92cb146a811f960748eeb553e49d25f,3650
project/semantic_explanation_validation_v1/03_execution/raw_rpc/002233_MENTO_MH4_MH4A_evm_setNextBlockTimestamp.json,4c2fbedb107a38f9e6e1e7eb10afedb1dbba7a9a559c1b8bddf9e9fb3b0baefb,229
project/semantic_explanation_validation_v1/03_execution/raw_rpc/002234_MENTO_MH4_MH4A_eth_sendTransaction.json,7417c8f418b9d32fea33e1580760cd334b53d947e278833b4c0bb41d742928b2,713
project/semantic_explanation_validation_v1/03_execution/raw_rpc/002235_MENTO_MH4_MH4A_eth_getTransactionReceipt.json,692ded2819ea3983c4049256bde0ac267b0431be3f38dbd905bf889661db1747,3650
project/semantic_explanation_validation_v1/03_execution/raw_rpc/002236_MENTO_MH4_MH4A_evm_setNextBlockTimestamp.json,4c4128557ec79f9780a60fd69f145726b95f11cacb7f2ec6160c1d6bd7663c89,229
project/semantic_explanation_validation_v1/03_execution/raw_rpc/002237_MENTO_MH4_MH4A_eth_sendTransaction.json,b724ad31306547864454edc2eb3fc41563d5ee7cb6e2e082e70eaafe81336396,713
project/semantic_explanation_validation_v1/03_execution/raw_rpc/002238_MENTO_MH4_MH4A_eth_getTransactionReceipt.json,9f2113429b3d1c0e4713675b0ce3e2387716fffe68400d2d52f37c3f0837d2e1,3650
project/semantic_explanation_validation_v1/03_execution/raw_rpc/002239_MENTO_MH4_MH4A_evm_setNextBlockTimestamp.json,a4f1f1fee121277f30b2af972b47b29219049bc1126a621ff388e84520c25285,229
project/semantic_explanation_validation_v1/03_execution/raw_rpc/002240_MENTO_MH4_MH4A_eth_sendTransaction.json,0cae0d695b2a4139738543fc979f8a47b3e6d2464d1dd346b21fb3f818f951d3,713
project/semantic_explanation_validation_v1/03_execution/raw_rpc/002241_MENTO_MH4_MH4A_eth_getTransactionReceipt.json,d644ed2bbd25c0d64787a1e7c0d1c6559751859bba98b8b1d985b79dcb249743,3650
project/semantic_explanation_validation_v1/03_execution/raw_rpc/002242_MENTO_MH4_MH4A_evm_setNextBlockTimestamp.json,8af296b4d6b5568cfbef6e008263f22108a42e440e1c9bce737504e998d3dc5b,229
project/semantic_explanation_validation_v1/03_execution/raw_rpc/002243_MENTO_MH4_MH4A_eth_call.json,16f1f532c7a2437890dbca0767711354ecc7a431c69518f85143d24ca4c43daa,500
project/semantic_explanation_validation_v1/03_execution/raw_rpc/002244_MENTO_MH4_MH4A_eth_call.json,ffdf2ddec9fb70564b0cd4de2ae13e5e8e2f608097b6e57c116d933bfb243a7e,436
project/semantic_explanation_validation_v1/03_execution/raw_rpc/002245_MENTO_MH4_MH4A_eth_call.json,4b00a1bb58b30ebeac09ecd1f31541c74bc5ed87f61101416bbc3563320231ae,948
project/semantic_explanation_validation_v1/03_execution/raw_rpc/002246_MENTO_MH4_MH4A_eth_call.json,1d3f0e4d44fe159c0ab0d1b1224bf7936ae0f82a67605069d8f5568724ee48b4,948
project/semantic_explanation_validation_v1/03_execution/raw_rpc/002247_MENTO_MH4_MH4A_eth_call.json,64a086ef7545c27501926ce07f15fb62b7d3742af586bae1a7726a86d8802909,436
project/semantic_explanation_validation_v1/03_execution/raw_rpc/002248_MENTO_MH4_MH4A_eth_call.json,9d43406d4be148944bcfc0abf5f0eb87de871e31cd1968c92b2ef505d2af295e,436
project/semantic_explanation_validation_v1/03_execution/raw_rpc/002249_MENTO_MH4_MH4A_eth_call.json,c1cfab7adfc36ac8b4a66277204bce566cc0bb0f2b9af163e3e8bfd247aff01b,372
project/semantic_explanation_validation_v1/03_execution/raw_rpc/002250_MENTO_MH4_MH4A_eth_call.json,c07b350b04ca0c2aa6cd3c6af59d0e0ba9264eeb38f9ec549e60c8896ac1c516,436
project/semantic_explanation_validation_v1/03_execution/raw_rpc/002251_MENTO_MH4_MH4A_eth_call.json,5a4204120ac833358371ac64d6c4ccce6a452ddccfff5fb75688e1ec7da1c6bd,500
project/semantic_explanation_validation_v1/03_execution/raw_rpc/002252_MENTO_MH4_MH4A_eth_sendTransaction.json,1acbfb5de4f71f41d9af89463524f29d833c411b7b6550f71486dfd931f01c60,713
project/semantic_explanation_validation_v1/03_execution/raw_rpc/002253_MENTO_MH4_MH4A_eth_getTransactionReceipt.json,6eb77a82c96442611cc9fde1ce12a73fa024b82e5af2edec978bcfafc969447a,3650
project/semantic_explanation_validation_v1/03_execution/raw_rpc/002254_MENTO_MH4_MH4A_debug_traceTransaction.json.gz,acfe12152e37829d3f32b72dfaebce547d9302c76e92de64480fce6de16d54ca,423753
project/semantic_explanation_validation_v1/03_execution/raw_rpc/002255_MENTO_MH4_MH4A_eth_call.json,48ec222d0accaa92fbe06bb9629245b3c218eda87268363f6740c9c1204f4450,500
project/semantic_explanation_validation_v1/03_execution/raw_rpc/002256_MENTO_MH4_MH4A_eth_call.json,14201877fe718a98ddfd075d2904a75579f2a7a2cd5298e5fbb2fed52b6272e8,436
project/semantic_explanation_validation_v1/03_execution/raw_rpc/002257_MENTO_MH4_MH4A_eth_call.json,62d6aec2281bcb0bbf619f995613b97a4421e896355ed8242373895c8bef46c5,948
project/semantic_explanation_validation_v1/03_execution/raw_rpc/002258_MENTO_MH4_MH4A_eth_call.json,577fc49fe6ed2f2480abe6084ca15896e919f085687bedf4ef4ed35e85a12bea,948
project/semantic_explanation_validation_v1/03_execution/raw_rpc/002259_MENTO_MH4_MH4A_eth_call.json,ecbb0de0b07dda5d27e3d015034692d570a84967f3cce7ec0e61e47bad33f2e1,436
project/semantic_explanation_validation_v1/03_execution/raw_rpc/002260_MENTO_MH4_MH4A_eth_call.json,934ea7f934c9ef26865b5f898a945b94b6e3d1296695c0cc29e0a9436008962f,436
project/semantic_explanation_validation_v1/03_execution/raw_rpc/002261_MENTO_MH4_MH4A_eth_call.json,df8ff712457c13eb51bd5672bb4b098e82a46e0c2ed8822169e31c8857798082,372
project/semantic_explanation_validation_v1/03_execution/raw_rpc/002262_MENTO_MH4_MH4A_eth_call.json,c8a2f82052c816caaf6f72402583bca106cc6b351d93c40ff0d7de28e44947cc,436
project/semantic_explanation_validation_v1/03_execution/raw_rpc/002263_MENTO_MH4_MH4A_eth_call.json,7ee274f27f6a20532184ff758484104e3f2b048fc177b10e70871374d6ade369,500
project/semantic_explanation_validation_v1/03_execution/raw_rpc/002264_MENTO_MH4_MH4B_hardhat_reset.json,5349ef6a16c139ab19537e0c554341ecaf679ab249c21aecd6274d0005e99e43,323
project/semantic_explanation_validation_v1/03_execution/raw_rpc/002265_MENTO_MH4_MH4B_eth_getBlockByNumber.json,176039bbc06c4aa542b9dc6d8b6ece926e98326da7ff66406bfe1732ec133df5,2231
project/semantic_explanation_validation_v1/03_execution/raw_rpc/002266_MENTO_MH4_MH4B_hardhat_impersonateAccount.json,5a5ab16ebcdb9c03f8b1f338edabd80ab6f5f6545f5be24d567d91b9789b15fb,256
project/semantic_explanation_validation_v1/03_execution/raw_rpc/002267_MENTO_MH4_MH4B_hardhat_setBalance.json,989308b78a9d9eb85c333ab3a930b2329f8ae083cbf1280f2b9dfbc805c834ac,279
project/semantic_explanation_validation_v1/03_execution/raw_rpc/002268_MENTO_MH4_MH4B_evm_setNextBlockTimestamp.json,a538c2fc1eecc327530e5e039cf3ee04d9ddf3d06487fc31cb8ed0bfadc89645,229
project/semantic_explanation_validation_v1/03_execution/raw_rpc/002269_MENTO_MH4_MH4B_eth_sendTransaction.json,dd7cb59d4c909121b7745051a3ff8997a3d781ef774898344bdc664cb94ef6d4,713
project/semantic_explanation_validation_v1/03_execution/raw_rpc/002270_MENTO_MH4_MH4B_eth_getTransactionReceipt.json,fc5fe8a31a582dd3bf41af109fa1796716d94f674a4bc2013bf1ad5f1166538b,3650
project/semantic_explanation_validation_v1/03_execution/raw_rpc/002271_MENTO_MH4_MH4B_evm_setNextBlockTimestamp.json,32138b6d2a1fab1d8908b3d5e58cd3684fe38c311ff7d5831c9f89e4d022b892,229
project/semantic_explanation_validation_v1/03_execution/raw_rpc/002272_MENTO_MH4_MH4B_eth_sendTransaction.json,12a63e4d5fa6adbc14c38e7590cd991ba40c2fcf2024b824b85601351442dbab,713
project/semantic_explanation_validation_v1/03_execution/raw_rpc/002273_MENTO_MH4_MH4B_eth_getTransactionReceipt.json,606fb5fab4034038d5685ba60c999473a10d69a80cef3108238ce8128cc8ec93,3650
project/semantic_explanation_validation_v1/03_execution/raw_rpc/002274_MENTO_MH4_MH4B_evm_setNextBlockTimestamp.json,13dfdc9084effee7d676205fb7f322732dfb516cf60e99964f8cddda760d6750,229
project/semantic_explanation_validation_v1/03_execution/raw_rpc/002275_MENTO_MH4_MH4B_eth_sendTransaction.json,08df54409d41c9dba0f88db1781755b9ede8e124d21fa3568909ceb056aeaca2,713
project/semantic_explanation_validation_v1/03_execution/raw_rpc/002276_MENTO_MH4_MH4B_eth_getTransactionReceipt.json,43f056b4aa4c7154d8a0acfc58bb1cf9b52930223ea2f8326948a3345688f3e3,3650
project/semantic_explanation_validation_v1/03_execution/raw_rpc/002277_MENTO_MH4_MH4B_evm_setNextBlockTimestamp.json,f5b4db409b8da6eda26de0e85814c3658f8ff3059e55e736c034bbf6746e9bc4,229
project/semantic_explanation_validation_v1/03_execution/raw_rpc/002278_MENTO_MH4_MH4B_eth_sendTransaction.json,ebbb22638739174ee19369f055e9337b1a9448e20fe1b0d26085a3ca65719b61,713
project/semantic_explanation_validation_v1/03_execution/raw_rpc/002279_MENTO_MH4_MH4B_eth_getTransactionReceipt.json,dd5daa7fde411fdf53de3c70405f4fe165fcf197eec822e119a94a56541051e3,3650
project/semantic_explanation_validation_v1/03_execution/raw_rpc/002280_MENTO_MH4_MH4B_evm_setNextBlockTimestamp.json,8477285174d7c749edf658266de547ad5bb79d21b0b0af9388f42db14d0c8605,229
project/semantic_explanation_validation_v1/03_execution/raw_rpc/002281_MENTO_MH4_MH4B_eth_call.json,c7ceb63c73aa73026e4f3685d05ce83c486152ef5e0e5d1e3a03693435cd586f,500
project/semantic_explanation_validation_v1/03_execution/raw_rpc/002282_MENTO_MH4_MH4B_eth_call.json,1ade519e2ba4e85cf7e63d4c2d7f3e435db94ef15ee032299bd168852c393164,436
project/semantic_explanation_validation_v1/03_execution/raw_rpc/002283_MENTO_MH4_MH4B_eth_call.json,a92360314862d7ed480b3e7d9c8ec37b45b9e60d67f404c223fd48dac55de274,948
project/semantic_explanation_validation_v1/03_execution/raw_rpc/002284_MENTO_MH4_MH4B_eth_call.json,42822719a80821f312d8ae55b349c7680c9598275177ac1a57a4e07cbe8161f8,948
project/semantic_explanation_validation_v1/03_execution/raw_rpc/002285_MENTO_MH4_MH4B_eth_call.json,fd511edee17cffcc8342f2e1462b27863de0ca7e64706fce62b71b4af8534765,436
project/semantic_explanation_validation_v1/03_execution/raw_rpc/002286_MENTO_MH4_MH4B_eth_call.json,927afd6b1d6a892b94516594930766229131805c7e9b27a2f1fe5f9a07bdede6,436
project/semantic_explanation_validation_v1/03_execution/raw_rpc/002287_MENTO_MH4_MH4B_eth_call.json,1871d6ed93c75f5d2c1cb6bdc99131e623fa8d38f4338d4dc54064ae0d2565bb,372
project/semantic_explanation_validation_v1/03_execution/raw_rpc/002288_MENTO_MH4_MH4B_eth_call.json,30621c735edc57c6cb9400a0490babd644a3b27425bd90a2a040d62e07be39fe,436
project/semantic_explanation_validation_v1/03_execution/raw_rpc/002289_MENTO_MH4_MH4B_eth_call.json,6ed3025a8ce68e50a1276e4dd65693bdb6427df811454e5db8271abfabab6a54,500
project/semantic_explanation_validation_v1/03_execution/raw_rpc/002290_MENTO_MH4_MH4B_eth_sendTransaction.json,ba088b5e5451f276581338839170a4a6d7b550f7bce996634856a26b2b1e5413,713
project/semantic_explanation_validation_v1/03_execution/raw_rpc/002291_MENTO_MH4_MH4B_eth_getTransactionReceipt.json,746b81885dfb09b64c412dda20708cf0fca6ce2dad174f824063f7c5cb2f0d46,3650
project/semantic_explanation_validation_v1/03_execution/raw_rpc/002292_MENTO_MH4_MH4B_debug_traceTransaction.json.gz,897b4869f76dde64afc1c55d049c303e933581eab5a17bd19397dd7cfd9c4d8a,415374
project/semantic_explanation_validation_v1/03_execution/raw_rpc/002293_MENTO_MH4_MH4B_eth_call.json,1fd3fd89d034af1a3be3ffb34964238ce44f8146fc90be93979a98e4aac02e55,500
project/semantic_explanation_validation_v1/03_execution/raw_rpc/002294_MENTO_MH4_MH4B_eth_call.json,74ce072a6ddcf474f34e7df8085cc94e83bf7154560e950856dd57c2b1d49467,436
project/semantic_explanation_validation_v1/03_execution/raw_rpc/002295_MENTO_MH4_MH4B_eth_call.json,15436d5c6c7e5cd60c1f610c5aff387572eb1eb7018f54de93d1e00d914b37c4,948
project/semantic_explanation_validation_v1/03_execution/raw_rpc/002296_MENTO_MH4_MH4B_eth_call.json,e750965a82ae8f7b77ead21f8c287ec8e1ee57ac8e8a1f1d09bd1c2e6aae79da,948
project/semantic_explanation_validation_v1/03_execution/raw_rpc/002297_MENTO_MH4_MH4B_eth_call.json,1e603f23752a6ba7a817aa5dff1d08942594d3a081eb2f5a02af59346f216de2,436
project/semantic_explanation_validation_v1/03_execution/raw_rpc/002298_MENTO_MH4_MH4B_eth_call.json,a1cee42d27fbcc366dfcc69bddf930769c90e4b5e9a5d607b6108795da216c8f,436
project/semantic_explanation_validation_v1/03_execution/raw_rpc/002299_MENTO_MH4_MH4B_eth_call.json,736cc0f5be9d7fdc5a15eaaad93c2cf6e08051249afaaa43410ed717ca699331,372
project/semantic_explanation_validation_v1/03_execution/raw_rpc/002300_MENTO_MH4_MH4B_eth_call.json,1d9a4d422cef4bdfeed7cb1cfdc72223b2d320df75b9d3432156656a41e04aa5,436
project/semantic_explanation_validation_v1/03_execution/raw_rpc/002301_MENTO_MH4_MH4B_eth_call.json,8ba418bc789f7f0600834eb246a868ac116406c2915908d277b4df98d564b260,500
project/semantic_explanation_validation_v1/03_execution/raw_rpc/002302_MENTO_MH5_MH5A_hardhat_reset.json,faab871f6f9fd8426dcbec238f8c6a72488402357297c7b75f569e6be3abd268,323
project/semantic_explanation_validation_v1/03_execution/raw_rpc/002303_MENTO_MH5_MH5A_eth_getBlockByNumber.json,550c4fd6708630c6e38dde990b2957db3d01a0e6ef140a7a988a582ce26edb4c,2231
project/semantic_explanation_validation_v1/03_execution/raw_rpc/002304_MENTO_MH5_MH5A_hardhat_impersonateAccount.json,88033901b0f9cc756798cfedea66b3788c8f4739074fab2ee38c90d67b6235a3,256
project/semantic_explanation_validation_v1/03_execution/raw_rpc/002305_MENTO_MH5_MH5A_hardhat_setBalance.json,57a794ef1fb4ace55430e2032f7151f16d0fd3bcc8ecf5e0eeeac6a815329a91,279
project/semantic_explanation_validation_v1/03_execution/raw_rpc/002306_MENTO_MH5_MH5A_evm_setNextBlockTimestamp.json,17260ee88992ae5642997db69614d523ece6dce3a694a58b7e32abf748d62cff,229
project/semantic_explanation_validation_v1/03_execution/raw_rpc/002307_MENTO_MH5_MH5A_eth_sendTransaction.json,7c68ce64dde76ac7503a40763305a3afcc8b8791a2a0cfcc285c9720f44d84fb,713
project/semantic_explanation_validation_v1/03_execution/raw_rpc/002308_MENTO_MH5_MH5A_eth_getTransactionReceipt.json,09e9aad95bc5f75a23716d6f1ed23aa037ce497014812dc023b5f3f0835afe7f,3650
project/semantic_explanation_validation_v1/03_execution/raw_rpc/002309_MENTO_MH5_MH5A_evm_setNextBlockTimestamp.json,92f2c593310e3558ffe1934efd1bb788e93588662234e5c805c426cb03f82242,229
project/semantic_explanation_validation_v1/03_execution/raw_rpc/002310_MENTO_MH5_MH5A_eth_call.json,c561842483624034334bd136ddfa5aaf0233a39fa9e6e5232c2e1c8170247e96,500
project/semantic_explanation_validation_v1/03_execution/raw_rpc/002311_MENTO_MH5_MH5A_eth_call.json,f2c072349f2b89d15fbe45ffb763562120c6bbaa9630f0edda36eebdd4b83b36,436
project/semantic_explanation_validation_v1/03_execution/raw_rpc/002312_MENTO_MH5_MH5A_eth_call.json,3918a143204467af0c396f4b2105d3bbc9e7197940f454672cdaf9ff4d00210d,948
project/semantic_explanation_validation_v1/03_execution/raw_rpc/002313_MENTO_MH5_MH5A_eth_call.json,da4305124b4e1b6e5600cefc83d669439bdcb6bea88a6e35627342191e345848,948
project/semantic_explanation_validation_v1/03_execution/raw_rpc/002314_MENTO_MH5_MH5A_eth_call.json,cf31fbe1538d1e557b5bac29ce1ab4df15232edbe3a5bdb4816927a00dc70f59,436
project/semantic_explanation_validation_v1/03_execution/raw_rpc/002315_MENTO_MH5_MH5A_eth_call.json,dccae5b6fa8c93ed8751cf25551f0e357ce069ff5dfd9dde60ab73d1b1c271ec,436
project/semantic_explanation_validation_v1/03_execution/raw_rpc/002316_MENTO_MH5_MH5A_eth_call.json,d5a42441b131085ebea6c09e56529f4a005bc85d4b1907fa9901c474a619d271,372
project/semantic_explanation_validation_v1/03_execution/raw_rpc/002317_MENTO_MH5_MH5A_eth_call.json,aba06a91fdb78baea2e1c79b7fa974297c8b3a713c51e28b78e6be885d60c716,436
project/semantic_explanation_validation_v1/03_execution/raw_rpc/002318_MENTO_MH5_MH5A_eth_call.json,c11f92d6dad12e8411940b0360f0efd7770be87d949fbf7fde652291c4b0c65e,500
project/semantic_explanation_validation_v1/03_execution/raw_rpc/002319_MENTO_MH5_MH5A_eth_sendTransaction.json,e2d05633b70921490f9f9a7373a6ffd7045f47688036961e64b1417454569f03,713
project/semantic_explanation_validation_v1/03_execution/raw_rpc/002320_MENTO_MH5_MH5A_eth_getTransactionReceipt.json,de8d6a8ba8980af4a11a03636791f4ef9721871a0a0ee412253bbfebffc1101f,2953
project/semantic_explanation_validation_v1/03_execution/raw_rpc/002321_MENTO_MH5_MH5A_debug_traceTransaction.json.gz,055f7839ab693fcb1bd8cce7417bbb92322bba3ea148271e6520d7f6e5293ebf,420299
project/semantic_explanation_validation_v1/03_execution/raw_rpc/002322_MENTO_MH5_MH5A_eth_call.json,ae4c353d8420532a30fcbe95342d7db85d168f6ffeb01b34ea250119d31793b6,500
project/semantic_explanation_validation_v1/03_execution/raw_rpc/002323_MENTO_MH5_MH5A_eth_call.json,18ca571fe0741cc814aeb663e8e300af45fd5b7949465482771957d1bb40f0e1,436
project/semantic_explanation_validation_v1/03_execution/raw_rpc/002324_MENTO_MH5_MH5A_eth_call.json,05f8acc0227049aca2106742c2136eb68f8d66adfe26051891b8d90a44b20db6,948
project/semantic_explanation_validation_v1/03_execution/raw_rpc/002325_MENTO_MH5_MH5A_eth_call.json,019de8c053396c8386c55781bacd12f663f4206830e4cd74df02edff30632f94,948
project/semantic_explanation_validation_v1/03_execution/raw_rpc/002326_MENTO_MH5_MH5A_eth_call.json,e2f4ac00f49897c5e82aa683e20249958396464137f14745cfe8e2f37b894c7d,436
project/semantic_explanation_validation_v1/03_execution/raw_rpc/002327_MENTO_MH5_MH5A_eth_call.json,04eae551a70fadb49c11b7dfb3203e3c014cbf7a641df2b80a2dec8dac0a3c1f,436
project/semantic_explanation_validation_v1/03_execution/raw_rpc/002328_MENTO_MH5_MH5A_eth_call.json,1152390fe0eae38ea7878885bd08540d41fe085becd6584ed9959cd425a399ab,372
project/semantic_explanation_validation_v1/03_execution/raw_rpc/002329_MENTO_MH5_MH5A_eth_call.json,048a97921decf6d207cf31d0bd0d4f3c9109cb930e8217f50dd41f28f1fcd4be,436
project/semantic_explanation_validation_v1/03_execution/raw_rpc/002330_MENTO_MH5_MH5A_eth_call.json,1d51ee366ae1f73514e75279ccc6d8e8f0e74efbc485cc6705866516784e52ab,500
project/semantic_explanation_validation_v1/03_execution/raw_rpc/002331_MENTO_MH5_MH5B_hardhat_reset.json,7299492adaaeba3a9178408c41b088eb970c0a1c700c7c7e66c7313b2c77fe38,323
project/semantic_explanation_validation_v1/03_execution/raw_rpc/002332_MENTO_MH5_MH5B_eth_getBlockByNumber.json,e595e434b8aead16e5c67d4666b814cff644813c84f5449afc8b0a665ee5ba51,2231
project/semantic_explanation_validation_v1/03_execution/raw_rpc/002333_MENTO_MH5_MH5B_hardhat_impersonateAccount.json,5782ea0b29980aacf262ba532649b4f94cc5bd4f4cf6195d48ef669f7c0abaf5,256
project/semantic_explanation_validation_v1/03_execution/raw_rpc/002334_MENTO_MH5_MH5B_hardhat_setBalance.json,bbcd0ba25965ded75b9358d1ecf997f25c7325c7bbe0c419900d2e0d81925c66,279
project/semantic_explanation_validation_v1/03_execution/raw_rpc/002335_MENTO_MH5_MH5B_evm_setNextBlockTimestamp.json,ba245238cfee4f0fc150e71595d6bf7e847d84b98aead8e07fe01dfe3233cea1,229
project/semantic_explanation_validation_v1/03_execution/raw_rpc/002336_MENTO_MH5_MH5B_eth_sendTransaction.json,dc8f75718f039e9e364b4d84cc47947ab596a7a98432ccd11c1cacf19617e7f1,713
project/semantic_explanation_validation_v1/03_execution/raw_rpc/002337_MENTO_MH5_MH5B_eth_getTransactionReceipt.json,208e7694c7ed9d5ca658d7cf61a9df02cef9f03ebfdae47d05766cfa5c202d34,3650
project/semantic_explanation_validation_v1/03_execution/raw_rpc/002338_MENTO_MH5_MH5B_evm_setNextBlockTimestamp.json,05389d236c7588c1c6113dfa9e31abac011e19839c13a1fafcef3558518719f4,229
project/semantic_explanation_validation_v1/03_execution/raw_rpc/002339_MENTO_MH5_MH5B_eth_call.json,928394c6ae65ef4d9f12da9e925805b38ed91aa931e3ac71d8c406f94b43cc8a,500
project/semantic_explanation_validation_v1/03_execution/raw_rpc/002340_MENTO_MH5_MH5B_eth_call.json,bbaab8320107bae7791a044fe9af6da07feb08eb294664f1fac6e5b5854db5c1,436
project/semantic_explanation_validation_v1/03_execution/raw_rpc/002341_MENTO_MH5_MH5B_eth_call.json,82541999dbf059febf6d3a4311a7076018c4c312e89ce1852b2cd410ea08f20c,948
project/semantic_explanation_validation_v1/03_execution/raw_rpc/002342_MENTO_MH5_MH5B_eth_call.json,846f762b1f139c611e4790429a14ccd5e4947d39707706d310f44eb969d4739f,948
project/semantic_explanation_validation_v1/03_execution/raw_rpc/002343_MENTO_MH5_MH5B_eth_call.json,0357f6573dd40a78ed5363c4b0261b62dc45b7ba2edf7145d3a110dce2a1392c,436
project/semantic_explanation_validation_v1/03_execution/raw_rpc/002344_MENTO_MH5_MH5B_eth_call.json,6099b510d03a82f97480eb2a16693cf8e49c3a43661f757782f81e966084cd3e,436
project/semantic_explanation_validation_v1/03_execution/raw_rpc/002345_MENTO_MH5_MH5B_eth_call.json,4569de25968ad751cecf24f055c2994b6768f45ebe1e2547f708835fdd78b685,372
project/semantic_explanation_validation_v1/03_execution/raw_rpc/002346_MENTO_MH5_MH5B_eth_call.json,850b85507ef591f3f98092bf88bc31eed5dea83e3e8caa62706c0eef91f74edb,436
project/semantic_explanation_validation_v1/03_execution/raw_rpc/002347_MENTO_MH5_MH5B_eth_call.json,9cdb781319f8ab70cb454cd504b6995b1e1ba36c59ba54e4cf414f59381f61aa,500
project/semantic_explanation_validation_v1/03_execution/raw_rpc/002348_MENTO_MH5_MH5B_eth_sendTransaction.json,d2ab6702d9a4de5b647e139d6f59142422556f3bc6f8a60f731b0d676002fea2,713
project/semantic_explanation_validation_v1/03_execution/raw_rpc/002349_MENTO_MH5_MH5B_eth_getTransactionReceipt.json,801e40440f3fe963f364c13157bbc5242ee14602e0ce2add045ddbde7e0adcde,2953
project/semantic_explanation_validation_v1/03_execution/raw_rpc/002350_MENTO_MH5_MH5B_debug_traceTransaction.json.gz,c61c3da8d98d691938740de12239ac4846718f6230c10c0a098514877c7e1ae5,420613
project/semantic_explanation_validation_v1/03_execution/raw_rpc/002351_MENTO_MH5_MH5B_eth_call.json,402b7211471193c5fd846ae64b02982ebc8ee2e32836b4cd657f84d298648ab9,500
project/semantic_explanation_validation_v1/03_execution/raw_rpc/002352_MENTO_MH5_MH5B_eth_call.json,247050fe69f74881d61f7f312237a99faea39253b8912e5b0c1b7f1e9c5d0c9d,436
project/semantic_explanation_validation_v1/03_execution/raw_rpc/002353_MENTO_MH5_MH5B_eth_call.json,58ac55e81e30a9789fff3836877175a0ed306ef08f87c3802b1e993def337bed,948
project/semantic_explanation_validation_v1/03_execution/raw_rpc/002354_MENTO_MH5_MH5B_eth_call.json,5a3ae1bde62db960ac1d5415d4fd104fe2ff0d126da40d507aee6ada94c27687,948
project/semantic_explanation_validation_v1/03_execution/raw_rpc/002355_MENTO_MH5_MH5B_eth_call.json,16e5f4771b1a156bf1ecce2bc28345b799ee2141eb007c35403883af3f386b67,436
project/semantic_explanation_validation_v1/03_execution/raw_rpc/002356_MENTO_MH5_MH5B_eth_call.json,808f91f8eafd08a8f5dcd0826a734f1c46ad809546a6ee61b32f483ba2347d6d,436
project/semantic_explanation_validation_v1/03_execution/raw_rpc/002357_MENTO_MH5_MH5B_eth_call.json,a32504bce90e9ef64e09ee85dd22b84a8dab467c2d07a7f61d41c17958285225,372
project/semantic_explanation_validation_v1/03_execution/raw_rpc/002358_MENTO_MH5_MH5B_eth_call.json,d69a5fb28cc997788fd7700630e189e91f55dae79f7e139fd2f430c800cade6c,436
project/semantic_explanation_validation_v1/03_execution/raw_rpc/002359_MENTO_MH5_MH5B_eth_call.json,d5fa189c6e45241840aa07ee357f06c8eccab4931b93e36c587a55e4a0390267,500
project/semantic_explanation_validation_v1/03_execution/raw_rpc/002360_FELIX_XH1_XH1A_hardhat_reset.json,c5903dab8c994fe9dabcbb35e390a728a2a3a8a7e596c3cae0eb947c594d57dc,323
project/semantic_explanation_validation_v1/03_execution/raw_rpc/002361_FELIX_XH1_XH1A_eth_getBlockByNumber.json,5cceed002ecfbd61f971928e098a804499f3592310dccce770ba38d929ce3beb,2260
project/semantic_explanation_validation_v1/03_execution/raw_rpc/002362_FELIX_XH1_XH1A_hardhat_impersonateAccount.json,366ec24c5525cced8029ff88f025e5397c391ce3796db061d7b683ab81408bbb,256
project/semantic_explanation_validation_v1/03_execution/raw_rpc/002363_FELIX_XH1_XH1A_hardhat_setBalance.json,7616fac6506b06d1e804cdb5cf56c32f763c692a8b79fe1f666c94d38abe77f5,279
project/semantic_explanation_validation_v1/03_execution/raw_rpc/002364_FELIX_XH1_XH1A_hardhat_setCode.json,c22bb73d3981cb3b9a95d509635e5dc86d8f8a8b40c699fc5d4c9e660bd27aef,825
project/semantic_explanation_validation_v1/03_execution/raw_rpc/002365_FELIX_XH1_XH1A_evm_setNextBlockTimestamp.json,e4695f43f4b5cbc960d838c150fe8368b1b8b120912dac0b8a3f6901af84b2bf,229
project/semantic_explanation_validation_v1/03_execution/raw_rpc/002366_FELIX_XH1_XH1A_eth_sendTransaction.json,79fbdcce428a42b7e1cae7c79d7075896f5b71d83271497b8267814759721759,457
project/semantic_explanation_validation_v1/03_execution/raw_rpc/002367_FELIX_XH1_XH1A_eth_getTransactionReceipt.json,a296cb73f84dc5989b1414e3d830f09c25a1c09da71e46081d8be4920b8e8314,1385
project/semantic_explanation_validation_v1/03_execution/raw_rpc/002368_FELIX_XH1_XH1A_hardhat_setCode.json,390a993a4da281c825fcb00b8ebc150da86c1c13ede48bb7b06d909c6845634f,825
project/semantic_explanation_validation_v1/03_execution/raw_rpc/002369_FELIX_XH1_XH1A_evm_setNextBlockTimestamp.json,7e214566bb049b75b8afdd9fa7e077c05d09cbc40b94ade173117677844a903f,229
project/semantic_explanation_validation_v1/03_execution/raw_rpc/002370_FELIX_XH1_XH1A_eth_call.json,c084f51619b9932afed914ee282e8ff092d46af9bde90adcb7019807ed84f114,372
project/semantic_explanation_validation_v1/03_execution/raw_rpc/002371_FELIX_XH1_XH1A_eth_call.json,bb04e44be006f81e4b695a69b0122f6f977365d56dfcd554479dd30d344639b6,500
project/semantic_explanation_validation_v1/03_execution/raw_rpc/002372_FELIX_XH1_XH1A_eth_call.json,d6a60438ca104dfc4c1999cca58060570e11492240d68ff403d18ac5b2e6fab9,372
project/semantic_explanation_validation_v1/03_execution/raw_rpc/002373_FELIX_XH1_XH1A_eth_call.json,4d9c238e955c1c3064fd226d8762d056925726f65d4712407d6d63b707a31c0c,372
project/semantic_explanation_validation_v1/03_execution/raw_rpc/002374_FELIX_XH1_XH1A_eth_sendTransaction.json,fbbc441ed2e6dcf94afffc4bcbbd25524feaa5cdfc4934ad0bf2b24579a652b8,457
project/semantic_explanation_validation_v1/03_execution/raw_rpc/002375_FELIX_XH1_XH1A_eth_getTransactionReceipt.json,f585c6735ba3540fbe45b9983e248b3e6270f15549cd4b723b74d33c1e0f8f8b,1385
project/semantic_explanation_validation_v1/03_execution/raw_rpc/002376_FELIX_XH1_XH1A_debug_traceTransaction.json.gz,b9c0bc12123cb4c87618832781d2392c28bace6eb721acd1c09d75db2729f4cb,28309
project/semantic_explanation_validation_v1/03_execution/raw_rpc/002377_FELIX_XH1_XH1A_eth_call.json,2380f285680075d6472c5c31760c5290f5524f301b28a3390c0790c547f48bb0,372
project/semantic_explanation_validation_v1/03_execution/raw_rpc/002378_FELIX_XH1_XH1A_eth_call.json,244568e1e8a270fed9853525994c5a9a7deeb66cadbcc40ed43f90faef2ac3b3,500
project/semantic_explanation_validation_v1/03_execution/raw_rpc/002379_FELIX_XH1_XH1A_eth_call.json,646239c3dfe547bee73a5c349ca4eccab9e34f5f60ecf01fd3987745a22defb0,372
project/semantic_explanation_validation_v1/03_execution/raw_rpc/002380_FELIX_XH1_XH1A_eth_call.json,dc08d9c829996a96e391cf0bb132e38116bd5cb1113e553a4714527c4cab4f3c,372
project/semantic_explanation_validation_v1/03_execution/raw_rpc/002381_FELIX_XH1_XH1B_hardhat_reset.json,912068741b9e8773a61433322859df716f2cf82725580fb81ddcdbb143f0dbf1,323
project/semantic_explanation_validation_v1/03_execution/raw_rpc/002382_FELIX_XH1_XH1B_eth_getBlockByNumber.json,fdccae54024d1654a938b59f1a475883e2f810ed603e47cc1bdd4b573e7679ef,2260
project/semantic_explanation_validation_v1/03_execution/raw_rpc/002383_FELIX_XH1_XH1B_hardhat_impersonateAccount.json,95a23b6b1f280b9e16bd6804d63a78448fca36531cb854f20c055540e55c2c3a,256
project/semantic_explanation_validation_v1/03_execution/raw_rpc/002384_FELIX_XH1_XH1B_hardhat_setBalance.json,dc257dee75733cfd401df99cfe48b62c1e2a564e27139ca59f77319a1c5d1ef1,279
project/semantic_explanation_validation_v1/03_execution/raw_rpc/002385_FELIX_XH1_XH1B_hardhat_setCode.json,8c7c965f45540891808eb43b9e24464066046659e716daeb55a23af4273b0cd6,825
project/semantic_explanation_validation_v1/03_execution/raw_rpc/002386_FELIX_XH1_XH1B_evm_setNextBlockTimestamp.json,189c8541df24fec95c302a95d491093699dec968b4e038da0b6e7aaada492628,229
project/semantic_explanation_validation_v1/03_execution/raw_rpc/002387_FELIX_XH1_XH1B_eth_sendTransaction.json,55744bbd9a15663ed965fba58d4c0034ac180121de63579707953b4ab777c9c1,457
project/semantic_explanation_validation_v1/03_execution/raw_rpc/002388_FELIX_XH1_XH1B_eth_getTransactionReceipt.json,c674652203f9aa24c2811fa7851e1af3db6b4718a6cac5bc2cf61edc1e100de4,1385
project/semantic_explanation_validation_v1/03_execution/raw_rpc/002389_FELIX_XH1_XH1B_hardhat_setCode.json,45b0206487a14273700ac70502662ed64dc3637455fcd8cefa678dd82914626d,825
project/semantic_explanation_validation_v1/03_execution/raw_rpc/002390_FELIX_XH1_XH1B_evm_setNextBlockTimestamp.json,744389540a75ceb92d6265854e88f36cbba156beec16ae7417673c847c4f1e36,229
project/semantic_explanation_validation_v1/03_execution/raw_rpc/002391_FELIX_XH1_XH1B_eth_call.json,1fbd9f3f88e61139ec4999208aff78d1e1e5c7198916f5af073b7d05041cdaa2,372
project/semantic_explanation_validation_v1/03_execution/raw_rpc/002392_FELIX_XH1_XH1B_eth_call.json,effd79aae51623546ab55b9ad66344304c5b1f9611650e04c6af139bd7955b6d,500
project/semantic_explanation_validation_v1/03_execution/raw_rpc/002393_FELIX_XH1_XH1B_eth_call.json,07bc16446865a48235ce49db82e0bc11fe5cc97a3c097c0494d83c89414b3a12,372
project/semantic_explanation_validation_v1/03_execution/raw_rpc/002394_FELIX_XH1_XH1B_eth_call.json,b73214977ba24f6d3d037a75a3055fba6c9fbd3964b4be32004b206bba0c2729,372
project/semantic_explanation_validation_v1/03_execution/raw_rpc/002395_FELIX_XH1_XH1B_eth_sendTransaction.json,91e7629f3c8ba6a9344be5f33e209b197e8dbff7b0504c874b908a6a48ade16f,457
project/semantic_explanation_validation_v1/03_execution/raw_rpc/002396_FELIX_XH1_XH1B_eth_getTransactionReceipt.json,70e5cfb4eafcfbf6af602f1047192692002ceddf981baef358b4133c97a453bb,2641
project/semantic_explanation_validation_v1/03_execution/raw_rpc/002397_FELIX_XH1_XH1B_debug_traceTransaction.json.gz,4689a3ef86bca72f891f54f0cbcd18076241ac405741dcce1bbefab5ce9fa845,32206
project/semantic_explanation_validation_v1/03_execution/raw_rpc/002398_FELIX_XH1_XH1B_eth_call.json,9e6ea76be7e0ea2d450367559bc109d4a9314ea0b98c3a4cedc92b34b0b306ea,372
project/semantic_explanation_validation_v1/03_execution/raw_rpc/002399_FELIX_XH1_XH1B_eth_call.json,090c4b24283c0102ba6df66ea5e89c3ea0deaa40608e58a099acf074dc5068c5,500
project/semantic_explanation_validation_v1/03_execution/raw_rpc/002400_FELIX_XH1_XH1B_eth_call.json,9f5e64bbb3d5cd935c2be45f349534691a0d0c4904e7672dd3b606d3f2060a4e,372
project/semantic_explanation_validation_v1/03_execution/raw_rpc/002401_FELIX_XH1_XH1B_eth_call.json,75f904dd380de7091fa233fa7a4c935709cbc7a92762b9ef6681a7ecf8a4844b,372
project/semantic_explanation_validation_v1/03_execution/raw_rpc/002402_FELIX_XH2_XH2A_hardhat_reset.json,640184cf7b2b327a46711db21d7199226edc90c048a6873711d2a3103bd8aa7f,323
project/semantic_explanation_validation_v1/03_execution/raw_rpc/002403_FELIX_XH2_XH2A_eth_getBlockByNumber.json,5b0693e362fbc8582623b4d56c29c348b2aecc51e8329c9708343f22833651b2,2260
project/semantic_explanation_validation_v1/03_execution/raw_rpc/002404_FELIX_XH2_XH2A_hardhat_impersonateAccount.json,15a2308d95019884fc389e3c8507795f5a4bfb171a2129c7cbcdd10beb9c216c,256
project/semantic_explanation_validation_v1/03_execution/raw_rpc/002405_FELIX_XH2_XH2A_hardhat_setBalance.json,e15c69c873f819dd21f34c00b613932bc5894c7699fce3f44f1947e716096cea,279
project/semantic_explanation_validation_v1/03_execution/raw_rpc/002406_FELIX_XH2_XH2A_hardhat_setCode.json,106b9eeba8e44892b3fbef47dff8fad025b3836df49a645b24dba59bdb4946b3,825
project/semantic_explanation_validation_v1/03_execution/raw_rpc/002407_FELIX_XH2_XH2A_evm_setNextBlockTimestamp.json,df768308228397bf89a71fc42f35c135b86b011685a48ec94b2eef50596af67b,229
project/semantic_explanation_validation_v1/03_execution/raw_rpc/002408_FELIX_XH2_XH2A_eth_sendTransaction.json,b98e71b30de8051279cbf3ecbd66d64f930b96798a5d397e511ba570ca70fc1e,457
project/semantic_explanation_validation_v1/03_execution/raw_rpc/002409_FELIX_XH2_XH2A_eth_getTransactionReceipt.json,724e077bfacb84bfd865dc391ee00b6184242ba7a4623ce8758acdecd33190ce,1385
project/semantic_explanation_validation_v1/03_execution/raw_rpc/002410_FELIX_XH2_XH2A_hardhat_setCode.json,112034e1a27c9d3776bf87a532b78b1138e9c854e82a81d9e7c56e35793a6ff3,825
project/semantic_explanation_validation_v1/03_execution/raw_rpc/002411_FELIX_XH2_XH2A_evm_setNextBlockTimestamp.json,dc9d9cd1a9ef1f8cd52180d4265159409fb73a22c30096d06a18f25e1182c792,229
project/semantic_explanation_validation_v1/03_execution/raw_rpc/002412_FELIX_XH2_XH2A_eth_call.json,41987ab92d48b703e5bf1a8faf3a09b7593d1e6dfe37e627abf2955e97e09733,372
project/semantic_explanation_validation_v1/03_execution/raw_rpc/002413_FELIX_XH2_XH2A_eth_call.json,df1c0aed4d9b3b87dba885c4d1a21c5057106de1733361e416c2150533352267,500
project/semantic_explanation_validation_v1/03_execution/raw_rpc/002414_FELIX_XH2_XH2A_eth_call.json,66fc0b0b512a49c791ce315c43000f9051509a213a1e8341ec82afce0363f16c,372
project/semantic_explanation_validation_v1/03_execution/raw_rpc/002415_FELIX_XH2_XH2A_eth_call.json,6ba60a67d3c18cabfd9638730afb603b422c4a137be1aa01de28e0a974178135,372
project/semantic_explanation_validation_v1/03_execution/raw_rpc/002416_FELIX_XH2_XH2A_eth_sendTransaction.json,7d46c19200bf886b9a5701660855e1e7f562068c296b4db57997f143c0e918f5,457
project/semantic_explanation_validation_v1/03_execution/raw_rpc/002417_FELIX_XH2_XH2A_eth_getTransactionReceipt.json,53aaca99cb97e4de82d2cda7dffdac1b72319736b715ee322cf8570659f54378,1385
project/semantic_explanation_validation_v1/03_execution/raw_rpc/002418_FELIX_XH2_XH2A_debug_traceTransaction.json.gz,3bd15cec9b8e3bf7c9474d168cc3ed926e566cc55b7c8fff5d15a63963f6f555,28547
project/semantic_explanation_validation_v1/03_execution/raw_rpc/002419_FELIX_XH2_XH2A_eth_call.json,e31627592e66b9f2a30cee7f71771148ec1348f9a625ecaff0c9bb5c23c2e0e0,372
project/semantic_explanation_validation_v1/03_execution/raw_rpc/002420_FELIX_XH2_XH2A_eth_call.json,7ef073f52cb3ea8e1b465a3b0d6752b5e4c3baedb8b3bdd704cf79cd1cd09d0b,500
project/semantic_explanation_validation_v1/03_execution/raw_rpc/002421_FELIX_XH2_XH2A_eth_call.json,14c1f8d0c512239c7a773a393478976925e5a901c604e0c0ce9e6bee76824006,372
project/semantic_explanation_validation_v1/03_execution/raw_rpc/002422_FELIX_XH2_XH2A_eth_call.json,b7b5f542e8567d0975fc3d512804abfa36ede2d9e17131fc3bd25d7856c9c342,372
project/semantic_explanation_validation_v1/03_execution/raw_rpc/002423_FELIX_XH2_XH2B_hardhat_reset.json,87b3d18d930dd41113fa3c07864bfa1746f6d8b4deb82803b04d3ee865858abc,323
project/semantic_explanation_validation_v1/03_execution/raw_rpc/002424_FELIX_XH2_XH2B_eth_getBlockByNumber.json,d8646d0cbfbd2f8e2cb2314cc852c3f5966c514dbcc74a8e7bdec9a8a0e17243,2260
project/semantic_explanation_validation_v1/03_execution/raw_rpc/002425_FELIX_XH2_XH2B_hardhat_impersonateAccount.json,23643275836450cd32707c29eeb5244a60a321cfbea5f6a7020508bdc6f3c84e,256
project/semantic_explanation_validation_v1/03_execution/raw_rpc/002426_FELIX_XH2_XH2B_hardhat_setBalance.json,96558bee20ad70a9d6d7cea7d50b2fee76caeeafce46e3405ecf4ce60ba174ff,279
project/semantic_explanation_validation_v1/03_execution/raw_rpc/002427_FELIX_XH2_XH2B_hardhat_setCode.json,62a2d78b981bda40fcf3da605221d2845d9b8209113cc651bb6b0729a68bee83,825
project/semantic_explanation_validation_v1/03_execution/raw_rpc/002428_FELIX_XH2_XH2B_evm_setNextBlockTimestamp.json,30f5a1bb51fb5d33f7f5d718f4d5fa6d527ecfa29a91f4add1f8d8d7a9682a62,229
project/semantic_explanation_validation_v1/03_execution/raw_rpc/002429_FELIX_XH2_XH2B_eth_sendTransaction.json,40bc50319a48775b43f87eef58eaa52cedbb50a94765d4c458911d0910e0a799,457
project/semantic_explanation_validation_v1/03_execution/raw_rpc/002430_FELIX_XH2_XH2B_eth_getTransactionReceipt.json,da563b37d6d725666d7028656972b890d085237086bfc9ae6747f6aef43f1104,1385
project/semantic_explanation_validation_v1/03_execution/raw_rpc/002431_FELIX_XH2_XH2B_hardhat_setCode.json,a295cbff1a330dbe0a1f759a36b44f3e9ea15f4d475e6f27260f42b7dc18cd4f,763
project/semantic_explanation_validation_v1/03_execution/raw_rpc/002432_FELIX_XH2_XH2B_evm_setNextBlockTimestamp.json,6593c41198cd865c756225b1ee99ddf460b6259f7728c847ec27cd78bf659ffe,229
project/semantic_explanation_validation_v1/03_execution/raw_rpc/002433_FELIX_XH2_XH2B_eth_call.json,c947f0acb480d9df18ef0dea12283efea2fc8fec00ee28b576694e320ed4998a,372
project/semantic_explanation_validation_v1/03_execution/raw_rpc/002434_FELIX_XH2_XH2B_eth_call.json,4dcfede097549bf65aa1f23d80bd3eab5b28f90f79c00d5d4dd758466a1bcb80,500
project/semantic_explanation_validation_v1/03_execution/raw_rpc/002435_FELIX_XH2_XH2B_eth_call.json,2d9dc53f36c68567b17dd878c30e8a7a884c157dab5fadc608a9c15694eafea4,372
project/semantic_explanation_validation_v1/03_execution/raw_rpc/002436_FELIX_XH2_XH2B_eth_call.json,08abd17ff40b3167b40960edbf9014286fd0f385e9d31a7f705c7988f6f04e8e,372
project/semantic_explanation_validation_v1/03_execution/raw_rpc/002437_FELIX_XH2_XH2B_eth_sendTransaction.json,2c31f60532c42bade0d10008df96581119bebc61504bacd2537c9cfc4dff2db8,457
project/semantic_explanation_validation_v1/03_execution/raw_rpc/002438_FELIX_XH2_XH2B_eth_getTransactionReceipt.json,b5c6a67dfc01e14e0e8eacea5a243a8e4405241464c9d95a2b2fb525fb12e2aa,2641
project/semantic_explanation_validation_v1/03_execution/raw_rpc/002439_FELIX_XH2_XH2B_debug_traceTransaction.json.gz,786641ecc1bcec7b9a18178e62fd996bc7f2078b93a53dc44e125b02bcb8507f,23753
project/semantic_explanation_validation_v1/03_execution/raw_rpc/002440_FELIX_XH2_XH2B_eth_call.json,9c6bede27a9b8a278d96d13c38a0ae7f4f00c703fb58cf30ba2c68b3d81b0153,372
project/semantic_explanation_validation_v1/03_execution/raw_rpc/002441_FELIX_XH2_XH2B_eth_call.json,a9b345a7ce507c6bcd94ac041be541e8473be3d6bda0b76b30eb748e3d60315a,500
project/semantic_explanation_validation_v1/03_execution/raw_rpc/002442_FELIX_XH2_XH2B_eth_call.json,ee5454d29a504aa0806ab7a6949e419cca713a72ad749f178274cd86937b8cec,372
project/semantic_explanation_validation_v1/03_execution/raw_rpc/002443_FELIX_XH2_XH2B_eth_call.json,16a9141daaba019316afadc6e907fc5ec7a56691308e345a6e871d9bf280da32,372
project/semantic_explanation_validation_v1/03_execution/raw_rpc/002444_FELIX_XH3_XH3A_hardhat_reset.json,ab76e435f4a3434731b99eca9ad1013d8c704f1142e252dfef979e3842f41701,323
project/semantic_explanation_validation_v1/03_execution/raw_rpc/002445_FELIX_XH3_XH3A_eth_getBlockByNumber.json,e69d3f9811a03dae40250ec169c6b136ce3f5f51aa867a49e06ae5df99a161a3,2260
project/semantic_explanation_validation_v1/03_execution/raw_rpc/002446_FELIX_XH3_XH3A_hardhat_impersonateAccount.json,cfcda5b70b8c9c2a78f803926b75b38c5bbae79e8a33f5738ce6c50635743f34,256
project/semantic_explanation_validation_v1/03_execution/raw_rpc/002447_FELIX_XH3_XH3A_hardhat_setBalance.json,6929f417d47c4cda03ff9c2b372797f51743e1620489745b24e6a045df2948b5,279
project/semantic_explanation_validation_v1/03_execution/raw_rpc/002448_FELIX_XH3_XH3A_hardhat_setCode.json,aeba57c224eb87e9c81cc4404ddd7eef803682892adbbee7c7e5c6a9df863f19,825
project/semantic_explanation_validation_v1/03_execution/raw_rpc/002449_FELIX_XH3_XH3A_evm_setNextBlockTimestamp.json,ea4d59d97a45a7f59fee4810adbe042fa523d862dc2d5dcd6bcf32f3c10750d6,229
project/semantic_explanation_validation_v1/03_execution/raw_rpc/002450_FELIX_XH3_XH3A_eth_sendTransaction.json,081211f59d13338e89dad4dcf5a22fe0c309a10c9305953ddb86ebeb66e1abfd,457
project/semantic_explanation_validation_v1/03_execution/raw_rpc/002451_FELIX_XH3_XH3A_eth_getTransactionReceipt.json,674786e6b0ea4b2430e3da75afef2216c62370c94c9bbd96eb761f3f82873b5a,1385
project/semantic_explanation_validation_v1/03_execution/raw_rpc/002452_FELIX_XH3_XH3A_hardhat_setCode.json,62ec1391cc2d6ed9807dbc0c7a0083f80fdb82febf3fb4a96692c805615f09db,825
project/semantic_explanation_validation_v1/03_execution/raw_rpc/002453_FELIX_XH3_XH3A_evm_setNextBlockTimestamp.json,780baf2445698c7a8e5d83e2c2114da039a0f09bfbce381c17c6bcdced6ac28c,229
project/semantic_explanation_validation_v1/03_execution/raw_rpc/002454_FELIX_XH3_XH3A_eth_sendTransaction.json,e2479da94f1c4194edc01ec3714f865949782ad1433b0a39ffc83dd893890443,457
project/semantic_explanation_validation_v1/03_execution/raw_rpc/002455_FELIX_XH3_XH3A_eth_getTransactionReceipt.json,8d0f95143f93a02ecf3680fd7fabc14401f2447f54cded453b35a94581905d3b,2641
project/semantic_explanation_validation_v1/03_execution/raw_rpc/002456_FELIX_XH3_XH3A_evm_setNextBlockTimestamp.json,2e6ff6f7b6c6b149ea2c7e163417174d572cc7649624d4e0b299bb986f132c04,229
project/semantic_explanation_validation_v1/03_execution/raw_rpc/002457_FELIX_XH3_XH3A_eth_call.json,bc397e1d93a3c0030b4e262de9e216b5f42143d6b1d0c44ec2874a6176091c6a,372
project/semantic_explanation_validation_v1/03_execution/raw_rpc/002458_FELIX_XH3_XH3A_eth_call.json,18f426e43cc61bb1025f228e68462ee77290dad1252b1f19b2767dd90ee169a7,500
project/semantic_explanation_validation_v1/03_execution/raw_rpc/002459_FELIX_XH3_XH3A_eth_call.json,e45f3227e8fa2a2e621a4b4e8619a971915022ae352596a80b0a54ba6db00168,372
project/semantic_explanation_validation_v1/03_execution/raw_rpc/002460_FELIX_XH3_XH3A_eth_call.json,09a9a6f71ef844c3274f4790bcaca60fafa227512338b3aa31623b087fcdf0d6,372
project/semantic_explanation_validation_v1/03_execution/raw_rpc/002461_FELIX_XH3_XH3A_eth_sendTransaction.json,e0ef911718ab2ef34fd8a1c30a9c44862ec4b55f38d84fd2d20171fb9831fc3e,457
project/semantic_explanation_validation_v1/03_execution/raw_rpc/002462_FELIX_XH3_XH3A_eth_getTransactionReceipt.json,f3fcfee3b93a7db3a7850db19c3f2de7a243c1e1bac0bc80803557124d2afb53,1385
project/semantic_explanation_validation_v1/03_execution/raw_rpc/002463_FELIX_XH3_XH3A_debug_traceTransaction.json,65a6eb38d76c401703413b57a64b3d735af85a0e143dec70391ca4ecd378aa42,153487
project/semantic_explanation_validation_v1/03_execution/raw_rpc/002464_FELIX_XH3_XH3A_eth_call.json,37e6d78ea93c1e53689bd78c9e9b83eb86b76feca9f98bd2afdac9e9cd01ed72,372
project/semantic_explanation_validation_v1/03_execution/raw_rpc/002465_FELIX_XH3_XH3A_eth_call.json,3e9094c7cc942aee596434bef6c708dc7255c7bb21024d6cec2f921d8b19107d,500
project/semantic_explanation_validation_v1/03_execution/raw_rpc/002466_FELIX_XH3_XH3A_eth_call.json,384031f76e971316199b9e12b80af735f0b5a6e713e2b455493a10dd0696b838,372
project/semantic_explanation_validation_v1/03_execution/raw_rpc/002467_FELIX_XH3_XH3A_eth_call.json,4d76ef464a8b2ac3fe01ad435efe8402de5bb63ef9480c848bdbbe867f206bd7,372
project/semantic_explanation_validation_v1/03_execution/raw_rpc/002468_FELIX_XH3_XH3B_hardhat_reset.json,0ff5a6d3bb5118e1e9e1225a5890a9edd914ee55ce4de7211d0944e3167856b6,323
project/semantic_explanation_validation_v1/03_execution/raw_rpc/002469_FELIX_XH3_XH3B_eth_getBlockByNumber.json,3a7e4abaa85f2cdde9b89637ab08b364b1877cfe2d6ef878ee4689e7f7f79f2c,2260
project/semantic_explanation_validation_v1/03_execution/raw_rpc/002470_FELIX_XH3_XH3B_hardhat_impersonateAccount.json,26d737d06498cdfd2946509473c2d1c15ae15bc73a2212e3229a68f91aee995e,256
project/semantic_explanation_validation_v1/03_execution/raw_rpc/002471_FELIX_XH3_XH3B_hardhat_setBalance.json,ee9273cb1fec0cd0ad910e0d3ee0c32e1c99882d50f583345c34a5c9fb491f87,279
project/semantic_explanation_validation_v1/03_execution/raw_rpc/002472_FELIX_XH3_XH3B_hardhat_setCode.json,0788fa1211a52fc70163660eb83e138c34e2b1f4b5848b0bc5849af1f34d9306,825
project/semantic_explanation_validation_v1/03_execution/raw_rpc/002473_FELIX_XH3_XH3B_evm_setNextBlockTimestamp.json,22a14341adf6820ab0f97707563e5b9aeaab948c155ee7d3dab0915c8b890f94,229
project/semantic_explanation_validation_v1/03_execution/raw_rpc/002474_FELIX_XH3_XH3B_eth_sendTransaction.json,35b520022fe193f392b62b625396f4b206809949cb142779e708e72d9d5aad09,457
project/semantic_explanation_validation_v1/03_execution/raw_rpc/002475_FELIX_XH3_XH3B_eth_getTransactionReceipt.json,eaa33cbcce5046021aedc5415fedf5be92143275aa7b8d0d5218eb3784865dcd,1385
project/semantic_explanation_validation_v1/03_execution/raw_rpc/002476_FELIX_XH3_XH3B_hardhat_setCode.json,39995727fe166afe69626888dc486ad42e9c7f20b19d00866d431be62221808e,825
project/semantic_explanation_validation_v1/03_execution/raw_rpc/002477_FELIX_XH3_XH3B_evm_setNextBlockTimestamp.json,255376c4488f6eb169d00fba4fc82a82c727d3ec0f3f0ce73c619c2308630217,229
project/semantic_explanation_validation_v1/03_execution/raw_rpc/002478_FELIX_XH3_XH3B_eth_sendTransaction.json,b4f9ebe09084ed12c737435583603a28079be456963c47aa8d47c2c974207605,457
project/semantic_explanation_validation_v1/03_execution/raw_rpc/002479_FELIX_XH3_XH3B_eth_getTransactionReceipt.json,078f8e38b2a6942e0bfc9c3bb32029d3043a1d3b5fca90bbd1fb859c079ab7cf,2641
project/semantic_explanation_validation_v1/03_execution/raw_rpc/002480_FELIX_XH3_XH3B_evm_setNextBlockTimestamp.json,0c1b6c67c178471759f9aa21e50f7ae44ce0cdde474a6960bab90c29e1a649cc,229
project/semantic_explanation_validation_v1/03_execution/raw_rpc/002481_FELIX_XH3_XH3B_eth_call.json,c3526cf04c1a8fb48be36c606ce3b2133e217a8ea1409839d6a0d28a8e7d203b,372
project/semantic_explanation_validation_v1/03_execution/raw_rpc/002482_FELIX_XH3_XH3B_eth_call.json,7f5f11a9579de01ad93fad00524ce25a4feab91befe7019764dbd9ed67ccf6c7,500
project/semantic_explanation_validation_v1/03_execution/raw_rpc/002483_FELIX_XH3_XH3B_eth_call.json,af6083d9b45b4076dd1211ec78ad18f6077f47b259f594a6c11b3b97aaf0e0c6,372
project/semantic_explanation_validation_v1/03_execution/raw_rpc/002484_FELIX_XH3_XH3B_eth_call.json,1b72fb9ae4694017f89ae535d35f48ff9961c52633c12e6f56e80b52ef2063b0,372
project/semantic_explanation_validation_v1/03_execution/raw_rpc/002485_FELIX_XH3_XH3B_eth_sendTransaction.json,2b616520c95237af0bb4d8ae0d64777051e43a303c17c00004935451035101b8,457
project/semantic_explanation_validation_v1/03_execution/raw_rpc/002486_FELIX_XH3_XH3B_eth_getTransactionReceipt.json,d82c8380fb46e8b4b4ae261be3526b7b4e35c79fa22428f146f5a8bf16ec0e03,1385
project/semantic_explanation_validation_v1/03_execution/raw_rpc/002487_FELIX_XH3_XH3B_debug_traceTransaction.json,9d41f195c74efac9f3712bcc986b42e0961acdf68f33ebd1161e899fab82750c,153487
project/semantic_explanation_validation_v1/03_execution/raw_rpc/002488_FELIX_XH3_XH3B_eth_call.json,658fd2118244af93e5e67b917ed8fc0f2714c4aab4adc21fe89b615177480f73,372
project/semantic_explanation_validation_v1/03_execution/raw_rpc/002489_FELIX_XH3_XH3B_eth_call.json,b59af128f73083351709be32f170ea9be3abd7f472b000a09b13ec0b88cb6bd7,500
project/semantic_explanation_validation_v1/03_execution/raw_rpc/002490_FELIX_XH3_XH3B_eth_call.json,f379da8ae8ee167ee68907d419532f86111f8869a72a842eb1a06831f61c67da,372
project/semantic_explanation_validation_v1/03_execution/raw_rpc/002491_FELIX_XH3_XH3B_eth_call.json,c36f8766811bb5f83cc3ad4a2562ad1ef29507b7d6ad8067279e0100bdd2a82b,372
project/semantic_explanation_validation_v1/03_execution/raw_rpc/002492_FELIX_XH4_XH4A_hardhat_reset.json,324610815511e1292a02fd6c899dbf21142ee4860c535418284f67a3f1667a53,323
project/semantic_explanation_validation_v1/03_execution/raw_rpc/002493_FELIX_XH4_XH4A_eth_getBlockByNumber.json,a2afdefe1cb42bd4d4b19761eaa8a1db84bb0b9c40093b1f4f9c6c995c5905bf,2260
project/semantic_explanation_validation_v1/03_execution/raw_rpc/002494_FELIX_XH4_XH4A_hardhat_impersonateAccount.json,8afcf9acfab85b9d24d23a3b85b66f9a5b371482d4a5321ca901663ec2a7b666,256
project/semantic_explanation_validation_v1/03_execution/raw_rpc/002495_FELIX_XH4_XH4A_hardhat_setBalance.json,b482de50af12b2290c73984c43a9e821ab0a0ae338dbd80a4493523807bc0116,279
project/semantic_explanation_validation_v1/03_execution/raw_rpc/002496_FELIX_XH4_XH4A_hardhat_setCode.json,f9bf17cd817d9c9642161a30e6759b0661dd8334fda682604a7bb38d9935f843,825
project/semantic_explanation_validation_v1/03_execution/raw_rpc/002497_FELIX_XH4_XH4A_evm_setNextBlockTimestamp.json,04cf920f269f4ae64b95bfcf13523ebbcf521c2a8ed02b808386f6291926456b,229
project/semantic_explanation_validation_v1/03_execution/raw_rpc/002498_FELIX_XH4_XH4A_eth_sendTransaction.json,82ff6828f51a55de78b7e7faf95149bd8b980a367003a0215a775247e0f10f70,457
project/semantic_explanation_validation_v1/03_execution/raw_rpc/002499_FELIX_XH4_XH4A_eth_getTransactionReceipt.json,35bdc446cd68908a02733e538eecd639ce4ec6ea0659fc0df3b31b9ddb6f8c2e,1385
project/semantic_explanation_validation_v1/03_execution/raw_rpc/002500_FELIX_XH4_XH4A_hardhat_setCode.json,00e1d87d9d672ae6c4f45b93ea8748ee00cd132804becd73f434a267eb5945c0,825
project/semantic_explanation_validation_v1/03_execution/raw_rpc/002501_FELIX_XH4_XH4A_evm_setNextBlockTimestamp.json,3e6398369a2eca08695f997eced61361d83c6e91a1d90c8b7bbefdaba0fa3ccc,229
project/semantic_explanation_validation_v1/03_execution/raw_rpc/002502_FELIX_XH4_XH4A_eth_call.json,de84f3b7b63061c920a6a00d28234032c39e94d8baf4d8ff9d74030ce28f202f,372
project/semantic_explanation_validation_v1/03_execution/raw_rpc/002503_FELIX_XH4_XH4A_eth_call.json,018c186f80749b3fb8d641796e449db46c0bb73c80dabc5b070bdecaee04bda9,500
project/semantic_explanation_validation_v1/03_execution/raw_rpc/002504_FELIX_XH4_XH4A_eth_call.json,af5bb7ff9a7afb65c9e2cf830d41dcb568feeeebbae75f97609f4c40bb4c43d7,372
project/semantic_explanation_validation_v1/03_execution/raw_rpc/002505_FELIX_XH4_XH4A_eth_call.json,be358694afab1b38cce6b6ee63badc3cd39e87c68eb70f1794ebb76a8812bf5e,372
project/semantic_explanation_validation_v1/03_execution/raw_rpc/002506_FELIX_XH4_XH4A_eth_sendTransaction.json,b22aa7926edc2878e07ce846ed3b6e9f215a56a016b23e162ece40cf9eac6a87,457
project/semantic_explanation_validation_v1/03_execution/raw_rpc/002507_FELIX_XH4_XH4A_eth_getTransactionReceipt.json,a02db4b0bcb2734296fe3003c10cf4c0a7fa34d9ef0ddf974532511b359ae70e,1385
project/semantic_explanation_validation_v1/03_execution/raw_rpc/002508_FELIX_XH4_XH4A_debug_traceTransaction.json.gz,d76b88eb68a72d2050bb26241133e79a00d9bbaa1c4ea72f2cb8f633c31a4eda,28943
project/semantic_explanation_validation_v1/03_execution/raw_rpc/002509_FELIX_XH4_XH4A_eth_call.json,c68d0caef0550a2461bcf4c14c6afe9eb02735d9e6c306589a81708698daec9e,372
project/semantic_explanation_validation_v1/03_execution/raw_rpc/002510_FELIX_XH4_XH4A_eth_call.json,670a9f6352af326b00e99e0ae01303da699dc32ed79f05020a81526b70d93938,500
project/semantic_explanation_validation_v1/03_execution/raw_rpc/002511_FELIX_XH4_XH4A_eth_call.json,968ebfeb2f7f451446f8afe57c438b5fe8a728a46ab919c1e3df4dbc034050d2,372
project/semantic_explanation_validation_v1/03_execution/raw_rpc/002512_FELIX_XH4_XH4A_eth_call.json,28ee15b264d52ffc256666d1dcf31916e7544409120792455c937d1cc3e839db,372
project/semantic_explanation_validation_v1/03_execution/raw_rpc/002513_FELIX_XH4_XH4B_hardhat_reset.json,49f145faeaaecf8646133658dfc4c95e3bad6e63c49be9ead7c76f295028a530,323
project/semantic_explanation_validation_v1/03_execution/raw_rpc/002514_FELIX_XH4_XH4B_eth_getBlockByNumber.json,a341634d848c59e560ab195acd7242c033109df7c2f31cd66bcdced571a53001,2260
project/semantic_explanation_validation_v1/03_execution/raw_rpc/002515_FELIX_XH4_XH4B_hardhat_impersonateAccount.json,f791031760f86b02f8593d7f3ca0f6f985682eaa34f7367fba7abd87761164c4,256
project/semantic_explanation_validation_v1/03_execution/raw_rpc/002516_FELIX_XH4_XH4B_hardhat_setBalance.json,acaf8cc6a0e1894ca1d5616250e80e5f94c0a7c6cf8633badbb59b9ce05d2b5f,279
project/semantic_explanation_validation_v1/03_execution/raw_rpc/002517_FELIX_XH4_XH4B_hardhat_setCode.json,c43b9c985936931f2a7b4180b6cd405ac7bdf67eab97a7b68ebdf6cb422d68e7,825
project/semantic_explanation_validation_v1/03_execution/raw_rpc/002518_FELIX_XH4_XH4B_evm_setNextBlockTimestamp.json,0136dec473540ec1dd406ceb774c339cc8c1ec0744b00c459ad86f5fdc68d507,229
project/semantic_explanation_validation_v1/03_execution/raw_rpc/002519_FELIX_XH4_XH4B_eth_sendTransaction.json,b4470c21b440ee51e5ea127920e6ab7aec0307fdac3d4e8c5ea8273ba0a00260,457
project/semantic_explanation_validation_v1/03_execution/raw_rpc/002520_FELIX_XH4_XH4B_eth_getTransactionReceipt.json,14293d4b7b08d6d8386d88e51d4db46087ec55659e59128214c4e2aea973c092,1385
project/semantic_explanation_validation_v1/03_execution/raw_rpc/002521_FELIX_XH4_XH4B_hardhat_setCode.json,9766c05c0639e51c7222744fe07c48cdab9cc4cc6d3ec903a733c4557692a7c0,825
project/semantic_explanation_validation_v1/03_execution/raw_rpc/002522_FELIX_XH4_XH4B_hardhat_setCode.json,f2041e525814d1e17ccf39ee11b79eff67728112f921f05882c36565909889c8,825
project/semantic_explanation_validation_v1/03_execution/raw_rpc/002523_FELIX_XH4_XH4B_evm_setNextBlockTimestamp.json,50d9859cbb19d3343f49264838ee9d96a5f6d65a3a4f8a6bb10f417ee14a2e76,229
project/semantic_explanation_validation_v1/03_execution/raw_rpc/002524_FELIX_XH4_XH4B_eth_call.json,6643fed77b06a0b348dd535cec4d54f3e0fe8f51561ee0168a44c820ece9c7ff,372
project/semantic_explanation_validation_v1/03_execution/raw_rpc/002525_FELIX_XH4_XH4B_eth_call.json,bf90dac341215935a8ed6d4b36d2399f4d73aa293503584f134b7a01c2bc7c7f,500
project/semantic_explanation_validation_v1/03_execution/raw_rpc/002526_FELIX_XH4_XH4B_eth_call.json,95a66780dabb02bb81bee45aada84da15e7826aee35eb783ac672b1a0e89285b,372
project/semantic_explanation_validation_v1/03_execution/raw_rpc/002527_FELIX_XH4_XH4B_eth_call.json,6077e12e48eca38fc2a1941a6949cb5f8c7f9b5a487a83fafb4110d5102a61a7,372
project/semantic_explanation_validation_v1/03_execution/raw_rpc/002528_FELIX_XH4_XH4B_eth_sendTransaction.json,836e57396ee2fbea971e7940a58a462db977130d26f94ab1106ff5defc1f076d,457
project/semantic_explanation_validation_v1/03_execution/raw_rpc/002529_FELIX_XH4_XH4B_eth_getTransactionReceipt.json,8a897fff918d7b5c06d10bd0d4930743b60cbafb316bf0d2edd6a27768132a55,2641
project/semantic_explanation_validation_v1/03_execution/raw_rpc/002530_FELIX_XH4_XH4B_debug_traceTransaction.json.gz,a222845ba43600e2f8aef912e9b9ff38bae9002cab64a85972db85179661f964,32630
project/semantic_explanation_validation_v1/03_execution/raw_rpc/002531_FELIX_XH4_XH4B_eth_call.json,02970d9b2b8c78a5465192d8273e627ae20c1371d22b3dacf2cb882b52c68344,372
project/semantic_explanation_validation_v1/03_execution/raw_rpc/002532_FELIX_XH4_XH4B_eth_call.json,ffcae2fa2d552b55fa93b263c5243b9b50b1e218002a96eb0f0e29b3b5a6cc2c,500
project/semantic_explanation_validation_v1/03_execution/raw_rpc/002533_FELIX_XH4_XH4B_eth_call.json,e7332a09cef9549fd1a46746db6e3778f0130735ae7379b40cf8de7adfca485e,372
project/semantic_explanation_validation_v1/03_execution/raw_rpc/002534_FELIX_XH4_XH4B_eth_call.json,efd1c88cee03572516454b3b30f2927c93a83aa5f49b0782e8ab80f47c76cf66,372
project/semantic_explanation_validation_v1/03_execution/raw_rpc/002535_FELIX_XH5_XH5A_hardhat_reset.json,1ceabf17ab9a1553bdede1ac893651ac65f450d2571decde6854eecdbce5640e,323
project/semantic_explanation_validation_v1/03_execution/raw_rpc/002536_FELIX_XH5_XH5A_eth_getBlockByNumber.json,e19f8154eb39c495f2920caebb7c6a51a85b61fce35683169f1ad28b27a9630f,2260
project/semantic_explanation_validation_v1/03_execution/raw_rpc/002537_FELIX_XH5_XH5A_hardhat_impersonateAccount.json,e5ad78bc578d088462b3d5b7d0481683caa38d57f6f6aa6fc18c00d8fbe63e5c,256
project/semantic_explanation_validation_v1/03_execution/raw_rpc/002538_FELIX_XH5_XH5A_hardhat_setBalance.json,296440f1c4019ca0a6608dde2d999b2b547540d63677aa9a83b2b48e4ea6fb60,279
project/semantic_explanation_validation_v1/03_execution/raw_rpc/002539_FELIX_XH5_XH5A_hardhat_setCode.json,154b88d5db61e3e86fb48ba92f079a83b3e8d56326f97c902fa0d62209682c2d,825
project/semantic_explanation_validation_v1/03_execution/raw_rpc/002540_FELIX_XH5_XH5A_evm_setNextBlockTimestamp.json,edc5e4656579042d2b736e08f633483ae9aaf2abbbb718f4466b90192b689b08,229
project/semantic_explanation_validation_v1/03_execution/raw_rpc/002541_FELIX_XH5_XH5A_eth_sendTransaction.json,3d69a5827c518e2dddb0e242e0843264839380846301243d751dd1670051957e,457
project/semantic_explanation_validation_v1/03_execution/raw_rpc/002542_FELIX_XH5_XH5A_eth_getTransactionReceipt.json,e3a50d8de172b6a3f108a938b44ccff6173b21604e003ed3f0fc93ec76d616cc,1385
project/semantic_explanation_validation_v1/03_execution/raw_rpc/002543_FELIX_XH5_XH5A_hardhat_setCode.json,6962a1473ef2b4e5929644abd419be1e757388b8d2b63aa8059074d071da03c4,825
project/semantic_explanation_validation_v1/03_execution/raw_rpc/002544_FELIX_XH5_XH5A_evm_setNextBlockTimestamp.json,51b85a47ea45234d8b3fa1f884a6aa13e7f8ee0a112e588d34052d614df71364,229
project/semantic_explanation_validation_v1/03_execution/raw_rpc/002545_FELIX_XH5_XH5A_eth_call.json,f20fa8380abd40262f56aa47e4d44d5edc3af2596370f833099043cdfdcf6923,372
project/semantic_explanation_validation_v1/03_execution/raw_rpc/002546_FELIX_XH5_XH5A_eth_call.json,fee0bd86bba97aec78904c8062d9b0638ff348bb8b78fb3dbb354e57724c020d,500
project/semantic_explanation_validation_v1/03_execution/raw_rpc/002547_FELIX_XH5_XH5A_eth_call.json,a0ff03a3926323e455895f5d156e1d9becdd9e48ced4def39a81ab4eeb5d860d,372
project/semantic_explanation_validation_v1/03_execution/raw_rpc/002548_FELIX_XH5_XH5A_eth_call.json,0b64ebcfac654cedb176e206228c30eaeecde4119518baab96e8dc27f092576e,372
project/semantic_explanation_validation_v1/03_execution/raw_rpc/002549_FELIX_XH5_XH5A_eth_sendTransaction.json,a834fdc97abb83fea7cfc64f248ed4a51439e321a27dc4b0c37c7eb735af5e44,457
project/semantic_explanation_validation_v1/03_execution/raw_rpc/002550_FELIX_XH5_XH5A_eth_getTransactionReceipt.json,7a3e60c605b3f63001e07a654ea840e69d97c04014e42224ce6c7a2e72be053f,1385
project/semantic_explanation_validation_v1/03_execution/raw_rpc/002551_FELIX_XH5_XH5A_debug_traceTransaction.json.gz,e90b9b75cf9ba1d09682d231e8f7f895b647ce40df58c8d20997fc1c6327cc09,29215
project/semantic_explanation_validation_v1/03_execution/raw_rpc/002552_FELIX_XH5_XH5A_eth_call.json,afe75508c0232c008e18bf492ea31277c48691cb8feed42cc4f13f51c846b727,372
project/semantic_explanation_validation_v1/03_execution/raw_rpc/002553_FELIX_XH5_XH5A_eth_call.json,2dd3e77265acd076944fc765676338c2fe86f8013cae5d1926f957f6cdd10d06,500
project/semantic_explanation_validation_v1/03_execution/raw_rpc/002554_FELIX_XH5_XH5A_eth_call.json,9374e3d0ff63f333865c9784f9eb563b6285b7b41d09e959ec46238b37b72989,372
project/semantic_explanation_validation_v1/03_execution/raw_rpc/002555_FELIX_XH5_XH5A_eth_call.json,0f89e0742c1b06f893f505f28427bccf43e69c3276d00b33967576d62196552e,372
project/semantic_explanation_validation_v1/03_execution/raw_rpc/002556_FELIX_XH5_XH5B_hardhat_reset.json,397ba72e7f831f334000a189b3c1b74a7cc1e0bb22648769baa51b46dddd25a9,323
project/semantic_explanation_validation_v1/03_execution/raw_rpc/002557_FELIX_XH5_XH5B_eth_getBlockByNumber.json,93edee3f2876d167102432f25d19d5c26395eec7c8168225a59eabd45e2aac17,2260
project/semantic_explanation_validation_v1/03_execution/raw_rpc/002558_FELIX_XH5_XH5B_hardhat_impersonateAccount.json,ee31d5d54f6a01f7783d4155a617273490676095074785b1f1c74d916da1cc05,256
project/semantic_explanation_validation_v1/03_execution/raw_rpc/002559_FELIX_XH5_XH5B_hardhat_setBalance.json,c75684e862709e14bdda6592c42e50eeb89da2c0552e8dd19bf9f93a28ed7698,279
project/semantic_explanation_validation_v1/03_execution/raw_rpc/002560_FELIX_XH5_XH5B_hardhat_setCode.json,79de767d89c74ebdba8ee2c6399029091cd84cc4a8c9a6f6889b95ea9ba6d395,825
project/semantic_explanation_validation_v1/03_execution/raw_rpc/002561_FELIX_XH5_XH5B_evm_setNextBlockTimestamp.json,00635ca76ac660188310bba4fe0dceb1433d5b4868672c1f1d9e20bbcf5b365f,229
project/semantic_explanation_validation_v1/03_execution/raw_rpc/002562_FELIX_XH5_XH5B_eth_sendTransaction.json,bdfc68ebf1a4a5b4ebd40d35a72ed86180563d005189b24a15332d464b484773,457
project/semantic_explanation_validation_v1/03_execution/raw_rpc/002563_FELIX_XH5_XH5B_eth_getTransactionReceipt.json,bac0659ef86b32e3edee077e4a7b352b17e033f6c36565e7d877d07485f012c4,1385
project/semantic_explanation_validation_v1/03_execution/raw_rpc/002564_FELIX_XH5_XH5B_hardhat_setCode.json,8a4379e4299ab147ec5c466ffd29707bc4b48616bee6c68c6f6081ddc212459f,825
project/semantic_explanation_validation_v1/03_execution/raw_rpc/002565_FELIX_XH5_XH5B_evm_setNextBlockTimestamp.json,4d2c1c2f45b27eeeeb283862458c447a9ed576f8732d6fa11b0fc4be061fba2f,229
project/semantic_explanation_validation_v1/03_execution/raw_rpc/002566_FELIX_XH5_XH5B_eth_call.json,35bdcae88bae62fe017d4e611475713fa100097f6364d38f7252f48fc331a331,372
project/semantic_explanation_validation_v1/03_execution/raw_rpc/002567_FELIX_XH5_XH5B_eth_call.json,735b79709372c55ab91f7a0deb56b5730f83107ca00d6582f21e2a27af977439,500
project/semantic_explanation_validation_v1/03_execution/raw_rpc/002568_FELIX_XH5_XH5B_eth_call.json,ba5337a8af03f491e874d6979a735dadc0c24ab0e09dccede136669f9c3e54be,372
project/semantic_explanation_validation_v1/03_execution/raw_rpc/002569_FELIX_XH5_XH5B_eth_call.json,d765940c98bba8bc6d198c3fd1b9d3623eadb1e511a2ad7072d8ce1fab1fec92,372
project/semantic_explanation_validation_v1/03_execution/raw_rpc/002570_FELIX_XH5_XH5B_eth_sendTransaction.json,f7c1d2fd912dcd2caca9869a31a545511b04f81f299319a88468e2ded58263a8,457
project/semantic_explanation_validation_v1/03_execution/raw_rpc/002571_FELIX_XH5_XH5B_eth_getTransactionReceipt.json,443e2509bad76bbd15a878ae2f970f12d42d6be21880d04ccb2767d1c15cda38,1385
project/semantic_explanation_validation_v1/03_execution/raw_rpc/002572_FELIX_XH5_XH5B_debug_traceTransaction.json.gz,b008a7e4a2bc259a9247455186c2a84669aa7cded352f368111647d2fcbca322,28933
project/semantic_explanation_validation_v1/03_execution/raw_rpc/002573_FELIX_XH5_XH5B_eth_call.json,0657d1ac21509f8c29fb891ca617cbb220b1e408621174b9c7ecda19c4e7cab0,372
project/semantic_explanation_validation_v1/03_execution/raw_rpc/002574_FELIX_XH5_XH5B_eth_call.json,b80ba934b1f550d44d308924af9ff2504c846066a36bc2156a4c7da60076e2d1,500
project/semantic_explanation_validation_v1/03_execution/raw_rpc/002575_FELIX_XH5_XH5B_eth_call.json,a9ea323aa3ac5a416ac7a9321a9c3461d9cafec3af7c8bb9b49db206749a1d66,372
project/semantic_explanation_validation_v1/03_execution/raw_rpc/002576_FELIX_XH5_XH5B_eth_call.json,285556005c6fdd98c476708758490880a1bfd4a9328ba1b9d0e20dc4df22f519,372
project/semantic_explanation_validation_v1/03_execution/RPC_AUDIT_LOG.jsonl.gz,29cafafedc6c35f177df4af1ddcb6c7d1ff11264d6f7bc1cc5d2052418fcb949,69006
project/semantic_explanation_validation_v1/03_execution/traces/AH1A.json,84a8dac0ae6bc2be8e008d2f5db4a57f7ed1e2d28bc501ca6faeb64187cfe3af,80611
project/semantic_explanation_validation_v1/03_execution/traces/AH1B.json,e540bb9b17f04395b56f33a494debfbb7de82718aae783cc33e7d169b51292ba,47888
project/semantic_explanation_validation_v1/03_execution/traces/AH2A.json,d3482ad447a0b62fea193c60ff0a9b36721bb9e19dd265f3ba786736945c6ee2,47888
project/semantic_explanation_validation_v1/03_execution/traces/AH2B.json,93393321d8c82fe9a6264ba712a11ce32affca208c3fe6d1a1066b8311243abb,80611
project/semantic_explanation_validation_v1/03_execution/traces/AH3A.json,bde2a4bd132c946213695965e8782885f13bede4a825e3445c1c1600a59cab5b,47888
project/semantic_explanation_validation_v1/03_execution/traces/AH3B.json,bde2a4bd132c946213695965e8782885f13bede4a825e3445c1c1600a59cab5b,47888
project/semantic_explanation_validation_v1/03_execution/traces/AH4A.json,e540bb9b17f04395b56f33a494debfbb7de82718aae783cc33e7d169b51292ba,47888
project/semantic_explanation_validation_v1/03_execution/traces/AH4B.json,84a8dac0ae6bc2be8e008d2f5db4a57f7ed1e2d28bc501ca6faeb64187cfe3af,80611
project/semantic_explanation_validation_v1/03_execution/traces/AH5A.json,d3482ad447a0b62fea193c60ff0a9b36721bb9e19dd265f3ba786736945c6ee2,47888
project/semantic_explanation_validation_v1/03_execution/traces/AH5B.json,d3482ad447a0b62fea193c60ff0a9b36721bb9e19dd265f3ba786736945c6ee2,47888
project/semantic_explanation_validation_v1/03_execution/traces/FH1A.json.gz,c61b304da11730e84c718d7150bf8140392320ee1ee4f6d86cfec9c500f68ad3,34099
project/semantic_explanation_validation_v1/03_execution/traces/FH1B.json.gz,80abc1dee87064a7b5e98b8339a53a09644d2a6c6abbbe6304b716895bfa79d3,140893
project/semantic_explanation_validation_v1/03_execution/traces/FH2A.json.gz,1224ce2e74e7b020a5df391f46583fb63256faf3fb0386f940de56db4c1309d1,137477
project/semantic_explanation_validation_v1/03_execution/traces/FH2B.json.gz,177bccccdaf3cbcc8de8581e3b313b3f7a9719d48263b22022721dded6ad3874,138732
project/semantic_explanation_validation_v1/03_execution/traces/FH3A.json.gz,bbf6193ecb66c272584a9e3133b87a0553f6b0be25961456e6b81f098ac4d6a5,33800
project/semantic_explanation_validation_v1/03_execution/traces/FH3B.json.gz,810394823d419f53df9dfc4c03dae1280578dd139f22da66deffe43a7d3a2d72,68268
project/semantic_explanation_validation_v1/03_execution/traces/FH4A.json.gz,196cfdba7de7a1889141e082b3a87e1b9e3c6ec84364b3f33a30d05f1d883924,138602
project/semantic_explanation_validation_v1/03_execution/traces/FH4B.json.gz,cbe2db27fc2051507cd9a44ab05b0fdbd5bfbb4dac6ec7708a68c148ec72e721,138329
project/semantic_explanation_validation_v1/03_execution/traces/FH5A.json,e6622caa60af5f7e74dc704d4a53f049af8696073cb28c8f0b415752cc149431,23679
project/semantic_explanation_validation_v1/03_execution/traces/FH5B.json,e6622caa60af5f7e74dc704d4a53f049af8696073cb28c8f0b415752cc149431,23679
project/semantic_explanation_validation_v1/03_execution/traces/MH1A.json.gz,349aac7cebc64ade74da3c69aca6fcfa68c2279f54f52a503a8b779fa9e25f09,409847
project/semantic_explanation_validation_v1/03_execution/traces/MH1B.json.gz,ec6b03fefe34c2f61d9bc0a2a920cf5c763da99d0a9a4aea56d5b50567afe42a,403558
project/semantic_explanation_validation_v1/03_execution/traces/MH2A.json.gz,86d89f85f4b013199fdcf46de6f51001c3c53634146ae6ec3f6f8c81c8b6530b,395121
project/semantic_explanation_validation_v1/03_execution/traces/MH2B.json.gz,a2bd377a4d8b0753fabf2c92e889f5c0e61223dc528be5a2c0aced223931a3fa,401492
project/semantic_explanation_validation_v1/03_execution/traces/MH3A.json.gz,0ac086a4875f77dd61bc0bdf71bd97b50ac5220a8db1c43b5916755f2b0f0be8,409621
project/semantic_explanation_validation_v1/03_execution/traces/MH3B.json.gz,1f17bb8499a77d923e30abb0d0416d552b5c758f6908f7016d02bf05d582d898,400450
project/semantic_explanation_validation_v1/03_execution/traces/MH4A.json.gz,e03e255363ee10a32c32c21b1a098fad8e4abd4c124f3f61ce19354419c05aec,413022
project/semantic_explanation_validation_v1/03_execution/traces/MH4B.json.gz,f6a218f3f476089b1ba503703e86faf87cdaaf1b7960995477bfd40c49c8046a,398973
project/semantic_explanation_validation_v1/03_execution/traces/MH5A.json.gz,0df37652bea95df809dbc246286ef8d467357b8b4eb581d1e2455541608cec3d,412520
project/semantic_explanation_validation_v1/03_execution/traces/MH5B.json.gz,e9d98a456dfdcf1b66b8a0ee8fba777ad46668078a8bbf76a72990e5ce0459d0,409259
project/semantic_explanation_validation_v1/03_execution/traces/VH1A.json.gz,2560b9ed71c80a2357a1371c09e1d82b60ff9d363231605c86813621e78468a0,155807
project/semantic_explanation_validation_v1/03_execution/traces/VH1B.json.gz,7265157fad3d458701ad281ce4356118400bb41eb5fe20ef1fa2ad5cb6247904,157366
project/semantic_explanation_validation_v1/03_execution/traces/VH2A.json.gz,7c058df43324201c5fc81299747c90f9ba4589a6079ab2785b85aca0118b7edb,131559
project/semantic_explanation_validation_v1/03_execution/traces/VH2B.json.gz,466bf82ea98e292441738dbd88693e441cedb12fb0a8409d00e79d5d76fccfd9,104868
project/semantic_explanation_validation_v1/03_execution/traces/VH3A.json.gz,bacf8d2c004f99f6b6049b8305f1061bcf08d0acb774682c14806169c67de162,155717
project/semantic_explanation_validation_v1/03_execution/traces/VH3B.json.gz,b751c0eb5dd93017f66868d07de6ce5218f5691605393c16d50e823a6d842e42,157330
project/semantic_explanation_validation_v1/03_execution/traces/VH4A.json.gz,82b17224c08c62bcdf4ee86943b85beae4e9e82b94fd68e8d519198d67a12d9c,129482
project/semantic_explanation_validation_v1/03_execution/traces/VH4B.json.gz,94ca7a5de3d11a59482a795766bac3d03f786a1653aebb02ccefb56811c351d3,156385
project/semantic_explanation_validation_v1/03_execution/traces/VH5A.json.gz,5b753f54f98f78fdff661e7512c7c319efa8197aac60a3d6b696bed9e34fae2f,156735
project/semantic_explanation_validation_v1/03_execution/traces/VH5B.json.gz,9853aee109b758378185e5eb1e6346a49e5fef848ad9320e48765f0597042c71,155067
project/semantic_explanation_validation_v1/03_execution/traces/XH1A.json.gz,231e3a9a71936e3c5f9ab239a0d82c4d1f6317cf118e43ea577a00b33827917c,27573
project/semantic_explanation_validation_v1/03_execution/traces/XH1B.json.gz,5931d36a37127e56d252989a336dec2b580ba0976b1899dd356c43865e7916ec,31039
project/semantic_explanation_validation_v1/03_execution/traces/XH2A.json.gz,2ce6cd872dfdce2792a0e5f7905349bf05bf3b6351f71d43dafa876e4af19d54,27558
project/semantic_explanation_validation_v1/03_execution/traces/XH2B.json.gz,4f07e89b489e6e826fa0cc373820f5b56ad6bc87992a2977764085faea760fb7,22848
project/semantic_explanation_validation_v1/03_execution/traces/XH3A.json,45ca370be0663a51c6137b80fd132bae190376ca3034dd8e5e3f1b30b9b2d757,140745
project/semantic_explanation_validation_v1/03_execution/traces/XH3B.json,68ec47e4bb871272056b70aa9ed7515dd1eed34ff84664abfc6a39ec5146a3ee,140745
project/semantic_explanation_validation_v1/03_execution/traces/XH4A.json.gz,ad8ef32ebf65218bb264c33388e9cce78bab3517e576dcc3ee0473c432ca1bbf,27802
project/semantic_explanation_validation_v1/03_execution/traces/XH4B.json.gz,6e16cb88438c89709aeaaa040def58dfc5cd66d6043991ba00022c995f586e2d,31017
project/semantic_explanation_validation_v1/03_execution/traces/XH5A.json.gz,0f7d8ed1561b51b9cf78120d66de20959b5b9ef79d24824f4f112d5818d7685c,27510
project/semantic_explanation_validation_v1/03_execution/traces/XH5B.json.gz,ff9230c0e413709819cfd3ae82743c8c3378a627058535f177fee83bf47d7095,27061
project/semantic_explanation_validation_v1/04_analysis/ABLATION_SUMMARY.json,6f431b6ffd6a932ca29c79bc6f799ff67815b29261e6e69e510cc38a1a356cd5,7068
project/semantic_explanation_validation_v1/04_analysis/E4_JOINT_GATE.json,556b460c773c1e07c3ce3c924640ea023c3a8ec69fa1c59bf79845301db86ec4,721
project/semantic_explanation_validation_v1/04_analysis/INTERPRETATION_TASKS.jsonl,c529abd99ad4f165a4aeb004d8079d5a76acc80ccb73574c6b8e69d578f3ca09,333357
project/semantic_explanation_validation_v1/04_analysis/REFERENCE_ADJUDICATION.json,67576a731c1a12368ba64828e436725d20ab67cb0fb735a38b18108b9e963f91,956
project/semantic_explanation_validation_v1/04_analysis/SEMANTIC_VALIDATION_REPORT.md,be31a2138277d633caf699b764dc91e93c2e1871500acf0197d8caf4241c015a,5168
project/semantic_explanation_validation_v1/04_analysis/SUMMARY.json,8c8ddd204d5faeecd4321848c023c838b746d498aea11049654dd32df4d88dc4,12559
project/semantic_explanation_validation_v1/04_analysis/TERMINOLOGY_LEDGER.md,aa00c4f915d36a202b761b1f24be2286519a3e5dda90a1f9cb9b095cfc7c9882,1082
project/semantic_explanation_validation_v1/05_natural_history/attempts/RETRIEVAL_ATTEMPT_001/VESTA_W1_SAMPLE.json,a9af04f06b2c56067895bca90faafc656f82d8d561e94e41bd01556770beb6fe,12812
project/semantic_explanation_validation_v1/05_natural_history/attempts/RETRIEVAL_ATTEMPT_002/AURIGAMI_W1_SAMPLE.json,8cde86d85159aab4d4a41012edfda24536a4558014f61d95a945742e0fa8f855,715
project/semantic_explanation_validation_v1/05_natural_history/attempts/RETRIEVAL_ATTEMPT_002/AURIGAMI_W2_SAMPLE.json,6c5d7d9913d9ee9376654ced86050046eca11b05594bbfd9e40fde6148bd80d2,715
project/semantic_explanation_validation_v1/05_natural_history/attempts/RETRIEVAL_ATTEMPT_002/FATHOM_W1_SAMPLE.json,35aab10bc4106ffefa7d51dcf405ef276c51e83ea389f63d95811eba3ddb975a,1578
project/semantic_explanation_validation_v1/05_natural_history/attempts/RETRIEVAL_ATTEMPT_002/FATHOM_W2_SAMPLE.json,2d01fa2a915d3afd2097ca8b5781b4145982652c3f5bea9e02e7c7d2b6ee2599,1578
project/semantic_explanation_validation_v1/05_natural_history/attempts/RETRIEVAL_ATTEMPT_002/FELIX_W1_SAMPLE.json,927291de1ee656b8b654c9ac48f54ae6f015f17a074316ff9a53d86699ae629b,2670
project/semantic_explanation_validation_v1/05_natural_history/attempts/RETRIEVAL_ATTEMPT_002/FELIX_W2_SAMPLE.json,07f65a6095bf32c872dc3359348ea41826ced480f33c35fcb2920037be6cae3e,2670
project/semantic_explanation_validation_v1/05_natural_history/attempts/RETRIEVAL_ATTEMPT_002/MENTO_W1_SAMPLE.json,d02e9e09827ff01688762beefaacc077f42edfce95989576873b66afeac46928,155851
project/semantic_explanation_validation_v1/05_natural_history/attempts/RETRIEVAL_ATTEMPT_002/MENTO_W2_SAMPLE.json,6b9a5fcf08b3a400560ad10b3f0d8efc7a4a4938e561a8875ff9a470506b2435,3007
project/semantic_explanation_validation_v1/05_natural_history/attempts/RETRIEVAL_ATTEMPT_002/NATURAL_HISTORY_SUMMARY.json,2abf3fd073063db8fd049ba245bdb106cb4ecd5d3d4a8b2df0ff50fc241ef470,19184
project/semantic_explanation_validation_v1/05_natural_history/attempts/RETRIEVAL_ATTEMPT_002/VESTA_W1_SAMPLE.json,7cc2c01f449e4d6091685151bcb303da7c726b97f0a770feb415fead750fe677,945
project/semantic_explanation_validation_v1/05_natural_history/attempts/RETRIEVAL_ATTEMPT_002/VESTA_W2_SAMPLE.json,1cc0c12140e5ec88dec3feaa50aef0bb24ff65016e593a104f10906ebd1c1775,945
project/semantic_explanation_validation_v1/05_natural_history/AURIGAMI_W1_SAMPLE.json,8cde86d85159aab4d4a41012edfda24536a4558014f61d95a945742e0fa8f855,715
project/semantic_explanation_validation_v1/05_natural_history/AURIGAMI_W2_SAMPLE.json,6c5d7d9913d9ee9376654ced86050046eca11b05594bbfd9e40fde6148bd80d2,715
project/semantic_explanation_validation_v1/05_natural_history/FATHOM_W1_SAMPLE.json,e7f82a0d68d1b01f909ea800df41b15ee8ad6e8d98204e2299816c35628c83e9,793
project/semantic_explanation_validation_v1/05_natural_history/FATHOM_W2_SAMPLE.json,c0dfb75abc2955d98a4ff080c0e2129971cbafb582e6926ffdc8f1386b028177,793
project/semantic_explanation_validation_v1/05_natural_history/FELIX_W1_SAMPLE.json,05e25b99cd2d318892e0a258a86dc74b8f75145fbdf524b5165cdaed6ee5cabd,864
project/semantic_explanation_validation_v1/05_natural_history/FELIX_W2_BLOCK_GAP_PROBE.json,46558afc03ade319cfff0c9721bb335b599f7f21c8a02fb227ea9a64432bda42,606
project/semantic_explanation_validation_v1/05_natural_history/FELIX_W2_SAMPLE.json,01930c64aa669847a4b2b230da9be896796f82c4045b04a2988255eea2bf14e4,1116
project/semantic_explanation_validation_v1/05_natural_history/MENTO_W1_SAMPLE.json,96e10ef92c022c78a666f696e99218b4a6dcba43d3ddecc12b0e1bac6c050583,152012
project/semantic_explanation_validation_v1/05_natural_history/MENTO_W2_SAMPLE.json,98ba606eed8185469b47a62b8eae56654a7efeb6d66aedab59619262193d4bc6,153123
project/semantic_explanation_validation_v1/05_natural_history/NATURAL_HISTORY_SUMMARY.json,f6c83a174766317c56bf14870f81a11b19617c90d224e9b3ff69af82da92888b,9791
project/semantic_explanation_validation_v1/05_natural_history/VESTA_W1_SAMPLE.json,7cc2c01f449e4d6091685151bcb303da7c726b97f0a770feb415fead750fe677,945
project/semantic_explanation_validation_v1/05_natural_history/VESTA_W2_SAMPLE.json,1cc0c12140e5ec88dec3feaa50aef0bb24ff65016e593a104f10906ebd1c1775,945
project/semantic_explanation_validation_v1/06_reproduction/REPLAY_REPORT.json,3379481ac8bc0edf5836fff467a567489c1595bc49a3da4420d5b2407d6cf73c,400573
project/semantic_explanation_validation_v1/06_reproduction/SELECTION.json,c6b51ff8481153c74dee7fe8bd945ba441a076fe7e95adbad49b6a7bb5550327,1447
project/semantic_explanation_validation_v1/07_offline_correctness_closure_v1/audit_core.py,f48f27a92a90e2849aefdc965298a04975d2ad92821d8554c6e0056eada5d090,2058
project/semantic_explanation_validation_v1/07_offline_correctness_closure_v1/build_closure.py,c939e06438f63fa4d321211b72e20d3fa97dec9625c89aff68ac33e2505464fd,60414
project/semantic_explanation_validation_v1/07_offline_correctness_closure_v1/CLAIM_DISPOSITION_MATRIX.md,c3d330fb64706ff8c04740f3f06452c831358465a9f9c04e80aa4e4d7dcb3055,3294
project/semantic_explanation_validation_v1/07_offline_correctness_closure_v1/CONDITION_FIDELITY_AUDIT.csv,dbd7abcbd8919b3bea5095a51660da173aad37730898b6f244208a9f898cffcb,42647
project/semantic_explanation_validation_v1/07_offline_correctness_closure_v1/CORRECTED_SUMMARY.md,1b5a1ba9844817e0f31fb499355f3bac31395206dbd27f045131dfc57c158b9c,10691
project/semantic_explanation_validation_v1/07_offline_correctness_closure_v1/CORRECTED_TASK_RESULTS.csv,4d37f1166a81f0bb23f19f21c5d06642c1698787058300e137c004b31f96ed0a,496759
project/semantic_explanation_validation_v1/07_offline_correctness_closure_v1/create_source_manifest.py,cd1a1c4f22c92d8810a2e52030d962c4bac9909d37fbe65635585620526c0304,1372
project/semantic_explanation_validation_v1/07_offline_correctness_closure_v1/IMPLEMENTATION_PLAN.md,bc12ad48f68d77796d7fb796c92ca544ed501aa985ec45dd3a3893a1b53f3169,1757
project/semantic_explanation_validation_v1/07_offline_correctness_closure_v1/INDEPENDENT_WITNESS_LABELS.csv,f7d3df8a361e6a5f967eea68bb32d7f2305cad36e68ab581d8493834554a24d9,210445
project/semantic_explanation_validation_v1/07_offline_correctness_closure_v1/INTERPRETER_ERROR_AND_AMBIGUITY_AUDIT.csv,ad7b503d87c2b8151c1691894a2b2a0dae8553d091ab2093aca99deb454f03a7,9152
project/semantic_explanation_validation_v1/07_offline_correctness_closure_v1/LABEL_DISAGREEMENT_AUDIT.md,ae4658dbfb5dfbc3f8296c350194b40469cb763d187e5e5d16a65d1d2ba6e06d,2145
project/semantic_explanation_validation_v1/07_offline_correctness_closure_v1/OBSERVATION_COMPLETENESS_MATRIX.csv,b131d9f8ccc8870a4b3082ae873bdc87f96a33bc881f8ae43e2840eda50d1e4b,14535
project/semantic_explanation_validation_v1/07_offline_correctness_closure_v1/OBSERVATION_CONTRACT_AUDIT.md,29e143debd64869ddfb0ff0e932d8ddf5314ccc7f2428a490b2f95b68a343cec,2712
project/semantic_explanation_validation_v1/07_offline_correctness_closure_v1/OFFLINE_CORRECTNESS_CLOSURE_FINAL_REPORT.md,2b2c786621ad5a276b98f77cfbf94d313d70280aaed1b3383986e3fd99313647,5430
project/semantic_explanation_validation_v1/07_offline_correctness_closure_v1/RULE_PROVENANCE_AUDIT.md,f402816bf582b6ad23f1e9fd78862ffdcdc79e65e08ef351cad8859a486ac033,2840
project/semantic_explanation_validation_v1/07_offline_correctness_closure_v1/RUN_MANIFEST.json,63be04c7df1742e226cbee1da97059f1f473b67ed66d94f3c1d2eea8bf72c629,1028
project/semantic_explanation_validation_v1/07_offline_correctness_closure_v1/SEMANTIC_LABEL_DEFINITIONS.md,1e81a50f9ed1cbbeeb790e529f8604e24b3ced6f0dc3e215db75ee15049ec377,3301
project/semantic_explanation_validation_v1/07_offline_correctness_closure_v1/SOURCE_ARTIFACT_SHA256.csv,5345853e6519ece0aa0666a2ce5acd00eb6ce87db8c1411c79256df66188d3a6,1402402
project/semantic_explanation_validation_v1/07_offline_correctness_closure_v1/tests/test_audit_core.py,072cadf257466f6cea2203e536174ebd7c3f9a96f51b0fa1533d45a0b999d5c8,2054
project/semantic_explanation_validation_v1/07_offline_correctness_closure_v1/VERIFICATION_REPORT.json,a361c1dfb598b29868abad73fbbccc66851d7ed3641c4eca9076ca25e32bcabc,2064
project/semantic_explanation_validation_v1/07_offline_correctness_closure_v1/verify_closure.py,b874fef3abdc6b03db20e542b9cd836dede4be324310ae5722fa709af0ed5422,4899
project/semantic_explanation_validation_v1/08_targeted_offline_closure_addendum/ADDENDUM_CONDITION_FIDELITY.csv,a0e7d65a2edffe264518d0125816b0866ed5789be5cdcb21750b62401bad82f6,51649
project/semantic_explanation_validation_v1/08_targeted_offline_closure_addendum/AH5_GRANULAR_FIDELITY_AUDIT.md,61a3cf6b2436c97f3de011251cdddf09b1bf9e0d8c403aa6882cacdb52f14025,1360
project/semantic_explanation_validation_v1/08_targeted_offline_closure_addendum/build_addendum.py,698fe7853b67b8d3bf27931639528493ee3cc70d3da4b428118602bfeaee8411,26891
project/semantic_explanation_validation_v1/08_targeted_offline_closure_addendum/FINAL_QUALIFIED_DENOMINATOR_AND_DISPOSITION.md,739e551afa54d62a8e9175e242c7dc956422be5248b3e686cb63b7c5653100d9,3201
project/semantic_explanation_validation_v1/08_targeted_offline_closure_addendum/NONTRIVIAL_LABEL_EVIDENCE_AUDIT.csv,b269d37ac49e3e171dc54049b91c98108e6c6bd57ff1811bd8ed5740a1a44ced,1345503
project/semantic_explanation_validation_v1/08_targeted_offline_closure_addendum/PARENT_CLOSURE_SHA256.csv,97abadf7c534e656cfc690d0c1b7cf264dc535888a643aa811fdc428e0bfc369,3381
project/semantic_explanation_validation_v1/08_targeted_offline_closure_addendum/PUBLIC_VS_HARNESS_EVIDENCE_AUDIT.md,a733819a6dfc7ee110259145e64f8d778200ae6e0b5d5b96761c01bccb83d329,1853
project/semantic_explanation_validation_v1/08_targeted_offline_closure_addendum/README.md,82573a1b402ae7f796eb5c40acd98d54f31825a53534092ff16d62c99c4f0a8a,731
project/semantic_explanation_validation_v1/08_targeted_offline_closure_addendum/VERIFICATION_REPORT.json,c3405cdc7e9b16770012e82ae23558821efaa805c5964c03101acc22cd124c7c,679
project/semantic_explanation_validation_v1/08_targeted_offline_closure_addendum/verify_addendum.py,ecb94793eca0055e72c11e8f32f1c0db1860dbd8c5c6e688a78b0d80923797f3,3149
project/semantic_explanation_validation_v1/08_targeted_offline_closure_addendum/VESTA_PRICEFEEDV2_SOURCE_BINDING_AUDIT.md,ad056ec1fe20e9297170af3870364c22fd3ee9bcca9f50284cc9456ba666b112,1607
project/semantic_explanation_validation_v1/analysis/__init__.py,23818fc356ef377c070c767864b49660652157f03baf87f36a0aa9006de47688,55
project/semantic_explanation_validation_v1/analysis/interpreter.py,07545d3a465370e4d597eb0c38177b1cb12498d985a1f5c61ea0d45ef263325d,7008
project/semantic_explanation_validation_v1/analysis/run_analysis.py,0798ab26f292e0f40b7a999a9bb781e00c9f90b56ee32ac1c00bf7a90e902b47,10901
project/semantic_explanation_validation_v1/analysis/score.py,2dbaecea516fc944442cbc1c1a76bfe331fd9a0abc3d223d05e0020050dc3db3,1066
project/semantic_explanation_validation_v1/runner/adapters.mjs,3762192690ac8822dafd65716f417b4d76cb4142fd5c12e85baad0c696f97bd4,3508
project/semantic_explanation_validation_v1/runner/archive_formal_attempt.mjs,befdce183dafc1ab5141d28248a5443e984447b97d8afdbdc053c13af8029668,719
project/semantic_explanation_validation_v1/runner/archive_natural_attempt.mjs,c28a0f8227ccb3bd7f7ce16da4b261e5d4584eb62ca65f8e0f3b49a7de0dbc7c,664
project/semantic_explanation_validation_v1/runner/celo_rpc_sanitizer.mjs,36ff620722b4347d78f35d4f29f1b2042b67062193b5ed98f0351572999ea6b7,1992
project/semantic_explanation_validation_v1/runner/collector_core.mjs,7df8e9edf6edb5a1143f060fd3f48998d186b7ebe36dc6d04e5babceb54cc034,2856
project/semantic_explanation_validation_v1/runner/formal_plan.mjs,9b591910a424863f87208910f4f797aed0c68ef753f3b1f5e9fd14abae98551a,1279
project/semantic_explanation_validation_v1/runner/freeze_natural_windows.mjs,330634dd0db79f92cb4e25f2b18186fa19380e88384b2fa6c8a970af85144697,2574
project/semantic_explanation_validation_v1/runner/hardhat.config.cjs,9f003d6164252f2d8cd42f1c3a8a17abb87d08339766df7b59b15dfb3d8cd5a6,103
project/semantic_explanation_validation_v1/runner/independent_replay.mjs,0175668eef6b5aa41a5fcd92a5f17628e3ea796a59e4d31019ad968d6a8ee180,4426
project/semantic_explanation_validation_v1/runner/natural_history_core.mjs,f24e60fd55f12e240c7fcbbe21a2e2476da22bca68b6b9506fa18ea004281625,516
project/semantic_explanation_validation_v1/runner/package-lock.json,c5ad719c178b090bbeaab6dc9ec73a4413d41af446301bd2bda53e48ed3c2e1e,106509
project/semantic_explanation_validation_v1/runner/package.json,721b48a9939864ee0c611ba3633a0405fdc5945173e2dc3b1ef25f3ed6156e0c,204
project/semantic_explanation_validation_v1/runner/resolve_natural_gap.mjs,51503da498a8b1f1b007df8380499f06e345346d6f8a111cf078d5b4a85f9711,2352
project/semantic_explanation_validation_v1/runner/run_formal.mjs,e17ccc87e4484291e158eafe56a278f9f52d5438bec966fbb3c400830537a672,24601
project/semantic_explanation_validation_v1/runner/run_natural_history.mjs,966d93e4f36dc78fefa6e0e736e960902175021470e6195d61c5cd8fbd820c75,5516
project/semantic_explanation_validation_v1/runner/run_preflight.mjs,e1555c5bc136057684b5518b7f69c3aee04fe5419d2439bdabc2ba26c56397a1,6075
project/semantic_explanation_validation_v1/runner/runtime_stubs.mjs,7a755ad3eedd7ec0091a01a22b26d3ed12eed933c7c14e529410b011c5aca3f5,1541
project/semantic_explanation_validation_v1/runner/select_reproduction.mjs,d7f9b470f581afe2388f33111606f927842e3d16107c58d303f3a79f31aec8e7,1187
project/semantic_explanation_validation_v1/runner/test_adapters.mjs,da09b179d9dafdc58fc5a0983132ed3ad1ca46937d956d2ebe1a83792487a963,1476
project/semantic_explanation_validation_v1/runner/test_celo_rpc_sanitizer.mjs,ef193ff15253156addef7dba43809c1936c86c9eb4a78f90d3b1095ee7bbecdf,1131
project/semantic_explanation_validation_v1/runner/test_collector_core.mjs,944b76bb21cde6c69ecfd0f6e26f3c8178a32184f25874d879459115aac2fc3b,3511
project/semantic_explanation_validation_v1/runner/test_formal_plan.mjs,8ed9d401d37647127ef1285c7ff3b91732a456e5051b9b29c3f88af04dbf1a6e,1723
project/semantic_explanation_validation_v1/runner/test_natural_history_core.mjs,bb3f529c457211e53ef400a18431c7be39abf11d3fb7d46295bedc26cb5cd931,753
project/semantic_explanation_validation_v1/runner/test_preflight_contract.mjs,dc41b711a5e6e79014131508f5a132c72bc4b9c49eaf34277c30d6e6e568aafd,2430
project/semantic_explanation_validation_v1/tests/test_interpreter.py,81f14192f349060ad3c31802ae087c6140222fe00c144dfd105c75f5b989eabb,3918
project/semantic_explanation_validation_v1/tests/test_protocol.py,5352ea8fdd504bfaf21271d06d14b18191cf7ad9145b20220358c413b0ab28d9,3009
README_REVIEWER.md,7fb8abbb53771865d0decf601a3bcd86f64b95c51d548cd7a1ad6b1f295358ad,5357
supplement.css,eb36018e941161f8d578bb2ad491739a040ab6a1875f07efe4a27a5f872be7e9,496
SUPPLEMENT_S1_EXTENDED_TEXT.html,e425dd2f8a2669672f718c63c8412e22ffc4c96ec3e82e8b5ffac9fa8d972406,96239
SUPPLEMENT_S1_EXTENDED_TEXT.md,98fa36adf5b69149812eb9dc5e317f51610ecce62c7df5b9081f3cb926545862,71774
verify_package.py,687e0d2078dda541b7a782fffcc6fb37785e9bea5ddbcbcc3466b34bbfd83863,1662
