path,sha256
<PROJECT_ROOT>\journal_manuscript_phase\JOURNAL_CLAIM_EVIDENCE_LOCK_V2.md,9ca7531c434f5cec81b74293cd4beb0a9560866121f52b681c1e8d076c72c7b2
<PROJECT_ROOT>\journal_manuscript_phase\JOURNAL_MANUSCRIPT_LOCK_V2.md,5a52d22b5f6a4cabc1722fd17245b092d7ad09e661aba1d75b6af204886d8146
<PROJECT_ROOT>\journal_manuscript_phase\JOURNAL_MANUSCRIPT_V0.2.md,a18a8ae83c612bb41d4f4051dec5810e38bc69130348b189a6a341c31e8fceb0
<PROJECT_ROOT>\journal_manuscript_phase\JOURNAL_MANUSCRIPT_V0.2_CHANGELOG.md,aa693161cb95ebb2b2a1481ffe3a8e421189c010255700cc529ebd6700217438
<PROJECT_ROOT>\journal_manuscript_phase\JOURNAL_MANUSCRIPT_V0.2_EVIDENCE_AUDIT.md,e976e4b0664d93eec95d99d1d5491e7e9e9d4d36c709f70be116c0d0cd6e9eb5
<PROJECT_ROOT>\post_review_generalization_expansion_v1\04_g4_formal_selection_design_freeze\G4_CALL_ACCOUNTING_V1.csv,869ebf9a8278d09f3d5709b8f6e4204f4b30fc800a2a245f44a0dac7b2a74039
<PROJECT_ROOT>\post_review_generalization_expansion_v1\04_g4_formal_selection_design_freeze\G4_CALL_ACCOUNTING_V1.json,f7a57e44ecab08c6408f3caef33c6c017098a1916b0094a5c06eeef66d654f5c
<PROJECT_ROOT>\post_review_generalization_expansion_v1\04_g4_formal_selection_design_freeze\G4_CONDITION_MATRIX_V1.csv,11098ba912898ed817820b5a0abd117a68d470c3ba1a7d62dba6c53acae23e24
<PROJECT_ROOT>\post_review_generalization_expansion_v1\04_g4_formal_selection_design_freeze\G4_CONDITION_MATRIX_V1.json,8cf92d019328e84c1b33f07a683f94edefb464a31952813f6487c7dea84a941e
<PROJECT_ROOT>\post_review_generalization_expansion_v1\04_g4_formal_selection_design_freeze\G4_DESIGN.md,72cfb10bc8bd3763dd1e561cb1ebfa00e309fad1aefddcd47004d5472a49b070
<PROJECT_ROOT>\post_review_generalization_expansion_v1\04_g4_formal_selection_design_freeze\G4_DESIGN_REVIEW_V1.json,b149d3c6c1032e8696ce36ac5cf7329b6c21164058f18dd32feb6a68bcfbb966
<PROJECT_ROOT>\post_review_generalization_expansion_v1\04_g4_formal_selection_design_freeze\G4_DESIGN_REVIEW_V1.md,d66ce15e7d0822db906c12d663da8655f41059adceaa345e287f49482fa29974
<PROJECT_ROOT>\post_review_generalization_expansion_v1\04_g4_formal_selection_design_freeze\G4_EXECUTION_PLAN.md,5aaf24b210fba49ec3646ea5f62e29ce3a2892e7b5a150909f97c8055140a6e9
<PROJECT_ROOT>\post_review_generalization_expansion_v1\04_g4_formal_selection_design_freeze\G4_FINAL_REPORT.md,9aa1c2b840f914fbfac3951c03b2195c0be53a7e0224a4567df5717ec92c03a7
<PROJECT_ROOT>\post_review_generalization_expansion_v1\04_g4_formal_selection_design_freeze\G4_FINAL_STATE.json,718a4beccf5cdecf4a6e92855ee8871d9738a057e65c14def93055c6e2b2b11c
<PROJECT_ROOT>\post_review_generalization_expansion_v1\04_g4_formal_selection_design_freeze\G4_FORMAL_SELECTION_FREEZE.json,39233585934f6a7b789cdda0a5f13d8ade35d1c1a0dc24ef84f14e3faf505e92
<PROJECT_ROOT>\post_review_generalization_expansion_v1\04_g4_formal_selection_design_freeze\G4_FORMAL_SELECTION_FREEZE.md,f02a44ab1d96942ccecf54d4417394ba857c57014e5f7b2ab638b5c497b12349
<PROJECT_ROOT>\post_review_generalization_expansion_v1\04_g4_formal_selection_design_freeze\G4_INTERPRETATION_BOUNDARIES_V1.md,d65910ccc503e011a4b91e40ad314ea0d844992e7feac54559f066f0eab6f107
<PROJECT_ROOT>\post_review_generalization_expansion_v1\04_g4_formal_selection_design_freeze\G4_INTERVENTION_OBSERVATION_PROTOCOL_V1.json,6bb734fef4187d6ef629d5416c5cfbc697f95019f7ec46d84443dd0c01efb516
<PROJECT_ROOT>\post_review_generalization_expansion_v1\04_g4_formal_selection_design_freeze\G4_INTERVENTION_OBSERVATION_PROTOCOL_V1.md,8027a5220bd488677509ac5a1106b1b994801a0db3226324905db96a30388776
<PROJECT_ROOT>\post_review_generalization_expansion_v1\04_g4_formal_selection_design_freeze\G4_METRIC_LOCK_V1.json,1e998ba712d9321efeecbe9d13495abd897efc97586157e75b891ed141c700b5
<PROJECT_ROOT>\post_review_generalization_expansion_v1\04_g4_formal_selection_design_freeze\G4_METRIC_LOCK_V1.md,a0931b23910834f8d21ee6d8c24350557feed0de690e9918ba93326395fbbdd5
<PROJECT_ROOT>\post_review_generalization_expansion_v1\04_g4_formal_selection_design_freeze\G4_PAIRWISE_COMPARISON_LOCK_V1.csv,2f67c704e86fa1edd85458d433a3e266b23293a11f45ff3169140c146df35f05
<PROJECT_ROOT>\post_review_generalization_expansion_v1\04_g4_formal_selection_design_freeze\G4_PAIRWISE_COMPARISON_LOCK_V1.md,57b3156ba0cf440a9f271c3ab83ba7148ef767ded9535d91007d6281495f788a
<PROJECT_ROOT>\post_review_generalization_expansion_v1\04_g4_formal_selection_design_freeze\G4_PHASE_MANIFEST.json,55005bdbcfda7724a176226bc3e61caa9f5c4ccee044d0af506a6463bcece473
<PROJECT_ROOT>\post_review_generalization_expansion_v1\04_g4_formal_selection_design_freeze\G4_PROTECTED_BASELINE_SHA256.csv,6666404fbfd7c34d0793568280d9d6d537a9350999da04c3edb85d40737ba767
<PROJECT_ROOT>\post_review_generalization_expansion_v1\04_g4_formal_selection_design_freeze\G4_REFERENCE_LOCK_V1.json,3ca5f02b1db50003f3a442f88992e363f0ba1c5b1c6817f2037a75cdcca7e270
<PROJECT_ROOT>\post_review_generalization_expansion_v1\04_g4_formal_selection_design_freeze\G4_STATE_GRAPH_AUDIT_V1.md,295255852d2c8bc2d1e5723a689f6b46abaad9698c182c0a431a5cd660115e7f
<PROJECT_ROOT>\post_review_generalization_expansion_v1\04_g4_formal_selection_design_freeze\G4_STATE_GRAPH_V1.csv,6f11bb48c34a3c4a29cf2b94ea33230a2b238f783ac4ac4ed7e431ff7975b245
<PROJECT_ROOT>\post_review_generalization_expansion_v1\04_g4_formal_selection_design_freeze\G4_VERIFICATION_REPORT.json,8ce7d2e7bf8945d16ab8ef7f78157c30d808c4395533c4a80e70070ef8c33090
<PROJECT_ROOT>\post_review_generalization_expansion_v1\04_g4_formal_selection_design_freeze\G5_DRY_RUN_GOVERNANCE_V1.json,907b3dfc912085cf77c1aed305c8a78f1d4dba679c0545a870bddcd5cc220efd
<PROJECT_ROOT>\post_review_generalization_expansion_v1\04_g4_formal_selection_design_freeze\G5_DRY_RUN_GOVERNANCE_V1.md,c6f1e6c4634a318fa72582d26660f63d957a0d7c135a04aea4de5656983c703e
<PROJECT_ROOT>\post_review_generalization_expansion_v1\04_g4_formal_selection_design_freeze\build_g4_artifacts.py,cc759ff1c96f1a39162cfa270d912a1a20c3b1cb0862f6720c28e2c86a162f7c
<PROJECT_ROOT>\post_review_generalization_expansion_v1\04_g4_formal_selection_design_freeze\freeze_g4_boundary.py,49da8313b49a59436b23c14f3791c1c397b0cbd2f6ab52a7a8c8881886505b24
<PROJECT_ROOT>\post_review_generalization_expansion_v1\04_g4_formal_selection_design_freeze\verify_g4_artifacts.py,d32a4381e4e8b1d483239d1e57bcee2d1ae3a4daff18328e66c280eebd892f73
<PROJECT_ROOT>\post_review_generalization_expansion_v1\05_g5_infrastructure_dry_run\G5_ACTUAL_CALL_ACCOUNTING.csv,baabb9b5f0b79f378680d0243bcc44cb377a86ecfd6465bd3bc5a61a2b023dfb
<PROJECT_ROOT>\post_review_generalization_expansion_v1\05_g5_infrastructure_dry_run\G5_ACTUAL_CALL_ACCOUNTING.json,a3f6d84bdaa89228c89907c09b8aa746db0ad44032c241b4625165a82340f769
<PROJECT_ROOT>\post_review_generalization_expansion_v1\05_g5_infrastructure_dry_run\G5_EXECUTION_PLAN.md,434c5f71812873bf01dd0f7d94853a9c12d3948ee9b90d790b511039c6b0d845
<PROJECT_ROOT>\post_review_generalization_expansion_v1\05_g5_infrastructure_dry_run\G5_EXPOSURE_LOG.jsonl,4db6ba0ac24a421433fe0ef6667c06698bc3c6e97f0a373d9248922c97b61e4e
<PROJECT_ROOT>\post_review_generalization_expansion_v1\05_g5_infrastructure_dry_run\G5_FINAL_REPORT.md,8679cd866f7ad9b92a17b41bad14276d2eaef19eaca6198c2cd9c001f6c48222
<PROJECT_ROOT>\post_review_generalization_expansion_v1\05_g5_infrastructure_dry_run\G5_FINAL_STATE.json,5a6a8e1122bc37cdf9acba78ac90ea08777205ad1482882cf8211006622932da
<PROJECT_ROOT>\post_review_generalization_expansion_v1\05_g5_infrastructure_dry_run\G5_FROZEN_INTEGRITY_CHECK.csv,4124e0ec4e3f953cb853efa9b03c9f8b8a8ee8b453d8860cf77d4292ddae31b8
<PROJECT_ROOT>\post_review_generalization_expansion_v1\05_g5_infrastructure_dry_run\G5_FROZEN_INTEGRITY_CHECK.json,5e759e2d40af769aca4248bf174199ef565f2008caf374f3cdf5c3c13e709218
<PROJECT_ROOT>\post_review_generalization_expansion_v1\05_g5_infrastructure_dry_run\G5_INFRASTRUCTURE_RESULTS.json,a645ba0ce7f61662e19014926f56ffd99b9fdd79e05229a0373f5ebf74914c00
<PROJECT_ROOT>\post_review_generalization_expansion_v1\05_g5_infrastructure_dry_run\G5_PHASE_MANIFEST.json,3e4dc0fa1216cd4f6fa12a584f522e732d58c4f6256e5f181274d18d4aa1a192
<PROJECT_ROOT>\post_review_generalization_expansion_v1\05_g5_infrastructure_dry_run\G5_PREFLIGHT_VERSION_LOCK.json,d0dfa96d231f2f802d64d5a7d4c8b220f853b75364c8724e9bd5df9474cec989
<PROJECT_ROOT>\post_review_generalization_expansion_v1\05_g5_infrastructure_dry_run\G5_PROTECTED_G4_SHA256.csv,dda9588148d9c595f29b2d81126106214abff91b75e99ddff854024c8752a3ac
<PROJECT_ROOT>\post_review_generalization_expansion_v1\05_g5_infrastructure_dry_run\G5_READ_ONLY_PREFLIGHT_AUDIT.json,97993fd37e1f1258ec1f2e8d913c89deba9e119e25eef14fed263952b7464660
<PROJECT_ROOT>\post_review_generalization_expansion_v1\05_g5_infrastructure_dry_run\G5_RPC_AUDIT_LOG.jsonl,63821a62ff5b5dae3316accfcab5cc4f3558f27527238a6b32d474aa7f43ce4c
<PROJECT_ROOT>\post_review_generalization_expansion_v1\05_g5_infrastructure_dry_run\G5_TECHNICAL_CHECKLIST.csv,e0c77569b7f5e91d8e68f9325478ddfe724cf01fe54bdd0eff6aa0d894cc7cb6
<PROJECT_ROOT>\post_review_generalization_expansion_v1\05_g5_infrastructure_dry_run\G5_TECHNICAL_CHECKLIST.json,577b2da3e9cc33753ec06bf73db65bc6658bceb9d2ac5c0de33bfc4a11c58708
<PROJECT_ROOT>\post_review_generalization_expansion_v1\05_g5_infrastructure_dry_run\G5_TECHNICAL_CHECKLIST.md,29a725dca23db080b8e828367811e442c2225602db88e25efb65d2b50c6454c2
<PROJECT_ROOT>\post_review_generalization_expansion_v1\05_g5_infrastructure_dry_run\G5_TECHNICAL_REPAIR_LOG.json,b19873430ba5136ef3375e43e91daabf70f19e7d78e218b477a8fdf202141ce7
<PROJECT_ROOT>\post_review_generalization_expansion_v1\05_g5_infrastructure_dry_run\G5_TECHNICAL_REPAIR_LOG.md,83df5abbcfc1695357a2f2c0f099de86f07ce98bc072bd35f6b7d270ba88ee1c
<PROJECT_ROOT>\post_review_generalization_expansion_v1\05_g5_infrastructure_dry_run\G5_VERIFICATION_REPORT.json,b06ae4edc3fd3e796aa20d0e385753d009365b579932391e46a210fe63ea24de
<PROJECT_ROOT>\post_review_generalization_expansion_v1\05_g5_infrastructure_dry_run\attempts\attempt_001\G5_INFRASTRUCTURE_CRASH.json,285076b9765bfbe95aaff9728e42a97379ec9c9a5f7ccd3350bd5f6195dbb35d
<PROJECT_ROOT>\post_review_generalization_expansion_v1\05_g5_infrastructure_dry_run\attempts\attempt_001\G5_RPC_AUDIT_LOG.jsonl,bcde654b99f5d047778e60deeadc279812655e1eb5a7b67b2366fd45696d36f4
<PROJECT_ROOT>\post_review_generalization_expansion_v1\05_g5_infrastructure_dry_run\attempts\attempt_001\raw\001_VESTA_hardhat_reset.json,a9f52c62ca99718f2fb448628703395dfaa2ad366eef66434e9326c89510e032
<PROJECT_ROOT>\post_review_generalization_expansion_v1\05_g5_infrastructure_dry_run\attempts\attempt_002\G5_INFRASTRUCTURE_CRASH.json,617f68ae428249572561dea6c3f0af5a2a1dc59338c231a7104ce9aa6a8eb461
<PROJECT_ROOT>\post_review_generalization_expansion_v1\05_g5_infrastructure_dry_run\attempts\attempt_002\G5_RPC_AUDIT_LOG.jsonl,19ee6e788877a4e9e1bf4f9970094af8e136927c861e1ab5af5abb722ae44034
<PROJECT_ROOT>\post_review_generalization_expansion_v1\05_g5_infrastructure_dry_run\attempts\attempt_002\raw\001_VESTA_hardhat_reset.json,8b62ae7a98339613344e97af6b693a4b42340570e72828edb85f923f85ad5cc2
<PROJECT_ROOT>\post_review_generalization_expansion_v1\05_g5_infrastructure_dry_run\attempts\attempt_002\raw\002_VESTA_eth_getBlockByNumber.json,ba7e46e86963a408711a9c6ab74710a6337801d399d5a7b88f4fd02af93ea881
<PROJECT_ROOT>\post_review_generalization_expansion_v1\05_g5_infrastructure_dry_run\attempts\attempt_002\raw\003_VESTA_eth_getCode.json,fe4407c679d37a2f34458afaca641c11bfe8ed94f863e21f17096f96b83b2b57
<PROJECT_ROOT>\post_review_generalization_expansion_v1\05_g5_infrastructure_dry_run\attempts\attempt_002\raw\004_VESTA_eth_getCode.json,582dffdad8f1e4f617d4bc693ff39403f405532657715b73a366852d97f6daa8
<PROJECT_ROOT>\post_review_generalization_expansion_v1\05_g5_infrastructure_dry_run\attempts\attempt_002\raw\005_VESTA_evm_snapshot.json,5fd10451979c3d4f2939a62fbf9977350fbb7559cb4255186743cf35ea3477d7
<PROJECT_ROOT>\post_review_generalization_expansion_v1\05_g5_infrastructure_dry_run\attempts\attempt_002\raw\006_VESTA_hardhat_impersonateAccount.json,7377def0d33fa59254642dada89ebcf70bd230bd6e872011fd9165d5e5e7a121
<PROJECT_ROOT>\post_review_generalization_expansion_v1\05_g5_infrastructure_dry_run\attempts\attempt_002\raw\007_VESTA_hardhat_setBalance.json,c106a7295a596da4eb38cf32b226aa762197b8bc3e3a757f79527f34c0743ef7
<PROJECT_ROOT>\post_review_generalization_expansion_v1\05_g5_infrastructure_dry_run\attempts\attempt_002\raw\008_VESTA_eth_getBalance.json,3f7f650834af41eb92c8891573aec537890247ff9654605123c7fdc748611a7f
<PROJECT_ROOT>\post_review_generalization_expansion_v1\05_g5_infrastructure_dry_run\attempts\attempt_002\raw\009_VESTA_hardhat_setCode.json,839da590658c687733be3bfc2674ddf87cef231cacb96115f55c55cab0831d8e
<PROJECT_ROOT>\post_review_generalization_expansion_v1\05_g5_infrastructure_dry_run\attempts\attempt_002\raw\010_VESTA_eth_sendTransaction.json,7577403f0822034284fda5b3b816e315e431f510a28f7bc8aa81d7f4e3714ccc
<PROJECT_ROOT>\post_review_generalization_expansion_v1\05_g5_infrastructure_dry_run\attempts\attempt_002\raw\011_VESTA_eth_getTransactionReceipt.json,a9c6dd7b124bc61d2128859119fb8e24b378be28441b3aea73be64207ce66b45
<PROJECT_ROOT>\post_review_generalization_expansion_v1\05_g5_infrastructure_dry_run\attempts\attempt_002\raw\012_VESTA_debug_traceTransaction.json,109cc48a8cbde0e11de364d74865d80ad6eb608f1a6417a4068446b3f19afcfc
<PROJECT_ROOT>\post_review_generalization_expansion_v1\05_g5_infrastructure_dry_run\attempts\attempt_002\raw\013_VESTA_hardhat_setCode.json,357a4ff7b5a605e3a20963f0d16895caffdcdf6724dc4a1b9337bbd49a7d6a2c
<PROJECT_ROOT>\post_review_generalization_expansion_v1\05_g5_infrastructure_dry_run\attempts\attempt_002\raw\014_VESTA_eth_call.json,e3e88bf050baedb5566d597915076c6f732ef99a02d2cfa3960724946250d699
<PROJECT_ROOT>\post_review_generalization_expansion_v1\05_g5_infrastructure_dry_run\attempts\attempt_002\raw\015_VESTA_eth_getBlockByNumber.json,5646aa93544b21c850b39609b2269693f73564ec98db61c6673dfe87ac718740
<PROJECT_ROOT>\post_review_generalization_expansion_v1\05_g5_infrastructure_dry_run\attempts\attempt_002\raw\016_VESTA_evm_setNextBlockTimestamp.json,8933632b13ba94b4ae0a95b83ebf5229f06a5cf3613fcc0d5c29dcf282c43939
<PROJECT_ROOT>\post_review_generalization_expansion_v1\05_g5_infrastructure_dry_run\attempts\attempt_002\raw\017_VESTA_evm_mine.json,451b30169b79f9dbba0fa11358b8e6373fec12517ab35b323071ceadc73547e8
<PROJECT_ROOT>\post_review_generalization_expansion_v1\05_g5_infrastructure_dry_run\attempts\attempt_002\raw\018_VESTA_eth_getBlockByNumber.json,79e6d65116126854e1b41cd3032d907b4e1b6bd2ca4898eae65e666208366799
<PROJECT_ROOT>\post_review_generalization_expansion_v1\05_g5_infrastructure_dry_run\attempts\attempt_002\raw\019_VESTA_hardhat_setCode.json,be5263e66ced7f83da11b9033fd295c6755884f0337a72a378a9868e93e5aaa0
<PROJECT_ROOT>\post_review_generalization_expansion_v1\05_g5_infrastructure_dry_run\attempts\attempt_002\raw\020_VESTA_eth_getCode.json,d15de6c3ee218183410afede8803f45cd3fd997c027c07ede70e75cdf1c43fe4
<PROJECT_ROOT>\post_review_generalization_expansion_v1\05_g5_infrastructure_dry_run\attempts\attempt_002\raw\021_VESTA_eth_getCode.json,f7dc2fd25356434073b334ee5c6041b4b7d49b4c378bf40426ff1527410c0d9a
<PROJECT_ROOT>\post_review_generalization_expansion_v1\05_g5_infrastructure_dry_run\attempts\attempt_002\raw\022_VESTA_evm_revert.json,a6142ef8b77753c0a0412916fe87aad0512264d0ce5639ad1e00d6f37d768c1e
<PROJECT_ROOT>\post_review_generalization_expansion_v1\05_g5_infrastructure_dry_run\attempts\attempt_002\raw\023_VESTA_eth_getCode.json,e54cf30d505464e3ffa40b86122f99a600c271be4edcac653e02e6bca764ca25
<PROJECT_ROOT>\post_review_generalization_expansion_v1\05_g5_infrastructure_dry_run\attempts\attempt_002\raw\024_VESTA_eth_getCode.json,2ac39e757228b0e612ec577a0769fb88c9df4145fea17bdbab0157215dbf0184
<PROJECT_ROOT>\post_review_generalization_expansion_v1\05_g5_infrastructure_dry_run\attempts\attempt_002\raw\025_VESTA_hardhat_stopImpersonatingAccount.json,964850ae89b2a9347758e29f6e612db40b547b5007959d7e5340e77245ed2fe6
<PROJECT_ROOT>\post_review_generalization_expansion_v1\05_g5_infrastructure_dry_run\attempts\attempt_002\raw\026_AURIGAMI_hardhat_reset.json,23a94904004c16efdb338beea5e57eca0b1814cde0ef82c61dcb6fd25d3ff179
<PROJECT_ROOT>\post_review_generalization_expansion_v1\05_g5_infrastructure_dry_run\attempts\attempt_002\raw\027_AURIGAMI_eth_getBlockByNumber.json,baef8df52d6dbab2bdac02f19695332a0e2717d81360793c0b9902fe40f8931c
<PROJECT_ROOT>\post_review_generalization_expansion_v1\05_g5_infrastructure_dry_run\attempts\attempt_002\raw\028_AURIGAMI_eth_getCode.json,1f2b6ddfcbea3fdb55e68f7f46e04b9d93093c40cc089f5f7a7257e853f9e5ce
<PROJECT_ROOT>\post_review_generalization_expansion_v1\05_g5_infrastructure_dry_run\attempts\attempt_002\raw\029_AURIGAMI_eth_getCode.json,6fc10e68fd679e15adbe7afb27c776f7b8b7066027504356d75e6b675fcb501c
<PROJECT_ROOT>\post_review_generalization_expansion_v1\05_g5_infrastructure_dry_run\attempts\attempt_002\raw\030_AURIGAMI_evm_snapshot.json,b721fcbad6dc35d5102db1c537166c6884ab9c3b91f093ea906f6aa4ab7b6540
<PROJECT_ROOT>\post_review_generalization_expansion_v1\05_g5_infrastructure_dry_run\attempts\attempt_002\raw\031_AURIGAMI_hardhat_impersonateAccount.json,22f034d1e5bf5e10d4297e49a85b8a943e1557247d253d9cc5f65fa1ae73df94
<PROJECT_ROOT>\post_review_generalization_expansion_v1\05_g5_infrastructure_dry_run\attempts\attempt_002\raw\032_AURIGAMI_hardhat_setBalance.json,4e33148bf9e042d08d06e3301358bd15f05fd27d2435e5cfe6f202ceefa7405d
<PROJECT_ROOT>\post_review_generalization_expansion_v1\05_g5_infrastructure_dry_run\attempts\attempt_002\raw\033_AURIGAMI_eth_getBalance.json,573b7e271ff59a631a0dcf0954b26dfe4f3823a8938bddaec6b21ded84a10b54
<PROJECT_ROOT>\post_review_generalization_expansion_v1\05_g5_infrastructure_dry_run\attempts\attempt_002\raw\034_AURIGAMI_hardhat_setCode.json,a7d787cf1e4e521cbb58ff30e9d7531ee7b6699530cdae316353db2d6475c7de
<PROJECT_ROOT>\post_review_generalization_expansion_v1\05_g5_infrastructure_dry_run\attempts\attempt_002\raw\035_AURIGAMI_eth_sendTransaction.json,ed8eabe78ea1efddc9ed74a2bac0a7a665134c9515cda1afe8aa747493a71be9
<PROJECT_ROOT>\post_review_generalization_expansion_v1\05_g5_infrastructure_dry_run\attempts\attempt_002\raw\036_AURIGAMI_eth_getTransactionReceipt.json,f43727ae7de95b7e477e0407f8d22c896a732774dd0d642e37c843d79e1fcfc4
<PROJECT_ROOT>\post_review_generalization_expansion_v1\05_g5_infrastructure_dry_run\attempts\attempt_002\raw\037_AURIGAMI_debug_traceTransaction.json,28f7428dac5b4f832640361d1c9a43f8c3fd8de8162c67106952bb8086ce16a3
<PROJECT_ROOT>\post_review_generalization_expansion_v1\05_g5_infrastructure_dry_run\attempts\attempt_002\raw\038_AURIGAMI_hardhat_setCode.json,68d54960111e8ac43b97b8cba05b5c0ec0b3ffe078488602041fbe5d21af3676
<PROJECT_ROOT>\post_review_generalization_expansion_v1\05_g5_infrastructure_dry_run\attempts\attempt_002\raw\039_AURIGAMI_eth_call.json,2b658a95c845f75c02f64c7952c85fc5ef4d015b1ac3545b2c7a914cd816842d
<PROJECT_ROOT>\post_review_generalization_expansion_v1\05_g5_infrastructure_dry_run\attempts\attempt_002\raw\040_AURIGAMI_eth_getBlockByNumber.json,b2cc456dce04aa2dfb5e5940f3d347077128b4be18e7dab04cc0d1170260abc9
<PROJECT_ROOT>\post_review_generalization_expansion_v1\05_g5_infrastructure_dry_run\attempts\attempt_002\raw\041_AURIGAMI_evm_setNextBlockTimestamp.json,4578146683f22c752083a3d1e4f2a4f64bfe729f2bac0ee1a774b1fa7c13e507
<PROJECT_ROOT>\post_review_generalization_expansion_v1\05_g5_infrastructure_dry_run\attempts\attempt_002\raw\042_AURIGAMI_evm_mine.json,408efec7637e6867ad81e507259150402a0db95ef543810e0dd513dcc791cf0d
<PROJECT_ROOT>\post_review_generalization_expansion_v1\05_g5_infrastructure_dry_run\attempts\attempt_002\raw\043_AURIGAMI_eth_getBlockByNumber.json,9ae6831f6f0450129271da8eceb0c5afce59ce0515a4711df7f9aceafc6960f4
<PROJECT_ROOT>\post_review_generalization_expansion_v1\05_g5_infrastructure_dry_run\attempts\attempt_002\raw\044_AURIGAMI_hardhat_setCode.json,8668b3cb06b40a98ca3ba0d45f8caa942971885a7ca0658179504c96c4246e82
<PROJECT_ROOT>\post_review_generalization_expansion_v1\05_g5_infrastructure_dry_run\attempts\attempt_002\raw\045_AURIGAMI_eth_getCode.json,3cb80b83f950c6c5e71a78da1883453bd5e5c7f5fb48dbdeb71e206dd36c730f
<PROJECT_ROOT>\post_review_generalization_expansion_v1\05_g5_infrastructure_dry_run\attempts\attempt_002\raw\046_AURIGAMI_eth_getCode.json,2fe84436360c2276ad42f1d09d1386bfc7f840ec301d640c18ace366000a1463
<PROJECT_ROOT>\post_review_generalization_expansion_v1\05_g5_infrastructure_dry_run\attempts\attempt_002\raw\047_AURIGAMI_evm_revert.json,f8f0df8b77f86686b861d9303254e7ba7d27b4eaaef0e0ecd18b0b6cc2df06c4
<PROJECT_ROOT>\post_review_generalization_expansion_v1\05_g5_infrastructure_dry_run\attempts\attempt_002\raw\048_AURIGAMI_eth_getCode.json,bb87dd646dc228da73ee556080074b82fb2c6074640f2206b81b64ae5aaf779e
<PROJECT_ROOT>\post_review_generalization_expansion_v1\05_g5_infrastructure_dry_run\attempts\attempt_002\raw\049_AURIGAMI_eth_getCode.json,2ec664cb0c626b5d9dbb6b57fa3d73e6d2891eb9a907a81f28bb60910c1157dc
<PROJECT_ROOT>\post_review_generalization_expansion_v1\05_g5_infrastructure_dry_run\attempts\attempt_002\raw\050_AURIGAMI_hardhat_stopImpersonatingAccount.json,06d1a28c4e48a9f8db4837d56b547a44e6ed62f5bb4039eacae8635a3dd4f480
<PROJECT_ROOT>\post_review_generalization_expansion_v1\05_g5_infrastructure_dry_run\attempts\attempt_002\raw\051_FATHOM_hardhat_reset.json,ec07538e4d8dde241c64b1a1c9b27d3beed364691f27d299d583d6a58ba3c946
<PROJECT_ROOT>\post_review_generalization_expansion_v1\05_g5_infrastructure_dry_run\finalize_g5.py,6a14161d8fd88f0ae36bee14f654e0549b5af0d7bb41defbbb3f32c839ee95aa
<PROJECT_ROOT>\post_review_generalization_expansion_v1\05_g5_infrastructure_dry_run\freeze_g5_boundary.py,4fa35de8ab7f2e017a392ef1d037845e320fff51c9412de7744d31a21c13550b
<PROJECT_ROOT>\post_review_generalization_expansion_v1\05_g5_infrastructure_dry_run\hardhat.config.js,1ac78fa11aacca74daa2e4ab7e672d396c7bb3029fc754ec42bd478c67fc92a5
<PROJECT_ROOT>\post_review_generalization_expansion_v1\05_g5_infrastructure_dry_run\package.json,e0ea500d532cf4ff41e80184ec4b378069f0b3156c769863d954f68242262c5a
<PROJECT_ROOT>\post_review_generalization_expansion_v1\05_g5_infrastructure_dry_run\raw\001_VESTA_hardhat_reset.json,8b62ae7a98339613344e97af6b693a4b42340570e72828edb85f923f85ad5cc2
<PROJECT_ROOT>\post_review_generalization_expansion_v1\05_g5_infrastructure_dry_run\raw\002_VESTA_eth_getBlockByNumber.json,ba7e46e86963a408711a9c6ab74710a6337801d399d5a7b88f4fd02af93ea881
<PROJECT_ROOT>\post_review_generalization_expansion_v1\05_g5_infrastructure_dry_run\raw\003_VESTA_eth_getCode.json,fe4407c679d37a2f34458afaca641c11bfe8ed94f863e21f17096f96b83b2b57
<PROJECT_ROOT>\post_review_generalization_expansion_v1\05_g5_infrastructure_dry_run\raw\004_VESTA_eth_getCode.json,582dffdad8f1e4f617d4bc693ff39403f405532657715b73a366852d97f6daa8
<PROJECT_ROOT>\post_review_generalization_expansion_v1\05_g5_infrastructure_dry_run\raw\005_VESTA_evm_snapshot.json,5fd10451979c3d4f2939a62fbf9977350fbb7559cb4255186743cf35ea3477d7
<PROJECT_ROOT>\post_review_generalization_expansion_v1\05_g5_infrastructure_dry_run\raw\006_VESTA_hardhat_impersonateAccount.json,7377def0d33fa59254642dada89ebcf70bd230bd6e872011fd9165d5e5e7a121
<PROJECT_ROOT>\post_review_generalization_expansion_v1\05_g5_infrastructure_dry_run\raw\007_VESTA_hardhat_setBalance.json,c106a7295a596da4eb38cf32b226aa762197b8bc3e3a757f79527f34c0743ef7
<PROJECT_ROOT>\post_review_generalization_expansion_v1\05_g5_infrastructure_dry_run\raw\008_VESTA_eth_getBalance.json,3f7f650834af41eb92c8891573aec537890247ff9654605123c7fdc748611a7f
<PROJECT_ROOT>\post_review_generalization_expansion_v1\05_g5_infrastructure_dry_run\raw\009_VESTA_hardhat_setCode.json,839da590658c687733be3bfc2674ddf87cef231cacb96115f55c55cab0831d8e
<PROJECT_ROOT>\post_review_generalization_expansion_v1\05_g5_infrastructure_dry_run\raw\010_VESTA_eth_sendTransaction.json,7577403f0822034284fda5b3b816e315e431f510a28f7bc8aa81d7f4e3714ccc
<PROJECT_ROOT>\post_review_generalization_expansion_v1\05_g5_infrastructure_dry_run\raw\011_VESTA_eth_getTransactionReceipt.json,ca02b010dcf92c327f4740272253b3e10a166a737da96cad3701affc6ac32974
<PROJECT_ROOT>\post_review_generalization_expansion_v1\05_g5_infrastructure_dry_run\raw\012_VESTA_debug_traceTransaction.json,109cc48a8cbde0e11de364d74865d80ad6eb608f1a6417a4068446b3f19afcfc
<PROJECT_ROOT>\post_review_generalization_expansion_v1\05_g5_infrastructure_dry_run\raw\013_VESTA_hardhat_setCode.json,357a4ff7b5a605e3a20963f0d16895caffdcdf6724dc4a1b9337bbd49a7d6a2c
<PROJECT_ROOT>\post_review_generalization_expansion_v1\05_g5_infrastructure_dry_run\raw\014_VESTA_eth_call.json,e3e88bf050baedb5566d597915076c6f732ef99a02d2cfa3960724946250d699
<PROJECT_ROOT>\post_review_generalization_expansion_v1\05_g5_infrastructure_dry_run\raw\015_VESTA_eth_getBlockByNumber.json,5006212d2843433f12bdb01f31f67b368e787c066ede334a25b612067b684fc7
<PROJECT_ROOT>\post_review_generalization_expansion_v1\05_g5_infrastructure_dry_run\raw\016_VESTA_evm_setNextBlockTimestamp.json,ed47eb5bfba49ab56445f008c14a2c6627aefdd5bdc2caa89ec26c26305c301b
<PROJECT_ROOT>\post_review_generalization_expansion_v1\05_g5_infrastructure_dry_run\raw\017_VESTA_evm_mine.json,451b30169b79f9dbba0fa11358b8e6373fec12517ab35b323071ceadc73547e8
<PROJECT_ROOT>\post_review_generalization_expansion_v1\05_g5_infrastructure_dry_run\raw\018_VESTA_eth_getBlockByNumber.json,78884fe069e657d6d4fc6e0afdf4e01d15598642cdcab7856fd3c8792f1b6cc0
<PROJECT_ROOT>\post_review_generalization_expansion_v1\05_g5_infrastructure_dry_run\raw\019_VESTA_hardhat_setCode.json,be5263e66ced7f83da11b9033fd295c6755884f0337a72a378a9868e93e5aaa0
<PROJECT_ROOT>\post_review_generalization_expansion_v1\05_g5_infrastructure_dry_run\raw\020_VESTA_eth_getCode.json,d15de6c3ee218183410afede8803f45cd3fd997c027c07ede70e75cdf1c43fe4
<PROJECT_ROOT>\post_review_generalization_expansion_v1\05_g5_infrastructure_dry_run\raw\021_VESTA_eth_getCode.json,f7dc2fd25356434073b334ee5c6041b4b7d49b4c378bf40426ff1527410c0d9a
<PROJECT_ROOT>\post_review_generalization_expansion_v1\05_g5_infrastructure_dry_run\raw\022_VESTA_evm_revert.json,a6142ef8b77753c0a0412916fe87aad0512264d0ce5639ad1e00d6f37d768c1e
<PROJECT_ROOT>\post_review_generalization_expansion_v1\05_g5_infrastructure_dry_run\raw\023_VESTA_eth_getCode.json,e54cf30d505464e3ffa40b86122f99a600c271be4edcac653e02e6bca764ca25
<PROJECT_ROOT>\post_review_generalization_expansion_v1\05_g5_infrastructure_dry_run\raw\024_VESTA_eth_getCode.json,2ac39e757228b0e612ec577a0769fb88c9df4145fea17bdbab0157215dbf0184
<PROJECT_ROOT>\post_review_generalization_expansion_v1\05_g5_infrastructure_dry_run\raw\025_VESTA_hardhat_stopImpersonatingAccount.json,964850ae89b2a9347758e29f6e612db40b547b5007959d7e5340e77245ed2fe6
<PROJECT_ROOT>\post_review_generalization_expansion_v1\05_g5_infrastructure_dry_run\raw\026_AURIGAMI_hardhat_reset.json,23a94904004c16efdb338beea5e57eca0b1814cde0ef82c61dcb6fd25d3ff179
<PROJECT_ROOT>\post_review_generalization_expansion_v1\05_g5_infrastructure_dry_run\raw\027_AURIGAMI_eth_getBlockByNumber.json,baef8df52d6dbab2bdac02f19695332a0e2717d81360793c0b9902fe40f8931c
<PROJECT_ROOT>\post_review_generalization_expansion_v1\05_g5_infrastructure_dry_run\raw\028_AURIGAMI_eth_getCode.json,1f2b6ddfcbea3fdb55e68f7f46e04b9d93093c40cc089f5f7a7257e853f9e5ce
<PROJECT_ROOT>\post_review_generalization_expansion_v1\05_g5_infrastructure_dry_run\raw\029_AURIGAMI_eth_getCode.json,6fc10e68fd679e15adbe7afb27c776f7b8b7066027504356d75e6b675fcb501c
<PROJECT_ROOT>\post_review_generalization_expansion_v1\05_g5_infrastructure_dry_run\raw\030_AURIGAMI_evm_snapshot.json,b721fcbad6dc35d5102db1c537166c6884ab9c3b91f093ea906f6aa4ab7b6540
<PROJECT_ROOT>\post_review_generalization_expansion_v1\05_g5_infrastructure_dry_run\raw\031_AURIGAMI_hardhat_impersonateAccount.json,22f034d1e5bf5e10d4297e49a85b8a943e1557247d253d9cc5f65fa1ae73df94
<PROJECT_ROOT>\post_review_generalization_expansion_v1\05_g5_infrastructure_dry_run\raw\032_AURIGAMI_hardhat_setBalance.json,4e33148bf9e042d08d06e3301358bd15f05fd27d2435e5cfe6f202ceefa7405d
<PROJECT_ROOT>\post_review_generalization_expansion_v1\05_g5_infrastructure_dry_run\raw\033_AURIGAMI_eth_getBalance.json,573b7e271ff59a631a0dcf0954b26dfe4f3823a8938bddaec6b21ded84a10b54
<PROJECT_ROOT>\post_review_generalization_expansion_v1\05_g5_infrastructure_dry_run\raw\034_AURIGAMI_hardhat_setCode.json,a7d787cf1e4e521cbb58ff30e9d7531ee7b6699530cdae316353db2d6475c7de
<PROJECT_ROOT>\post_review_generalization_expansion_v1\05_g5_infrastructure_dry_run\raw\035_AURIGAMI_eth_sendTransaction.json,ed8eabe78ea1efddc9ed74a2bac0a7a665134c9515cda1afe8aa747493a71be9
<PROJECT_ROOT>\post_review_generalization_expansion_v1\05_g5_infrastructure_dry_run\raw\036_AURIGAMI_eth_getTransactionReceipt.json,a56205ba30d5d7f9b25f06007cd687cded66d5fd77d7142852f56331e04ebda1
<PROJECT_ROOT>\post_review_generalization_expansion_v1\05_g5_infrastructure_dry_run\raw\037_AURIGAMI_debug_traceTransaction.json,28f7428dac5b4f832640361d1c9a43f8c3fd8de8162c67106952bb8086ce16a3
<PROJECT_ROOT>\post_review_generalization_expansion_v1\05_g5_infrastructure_dry_run\raw\038_AURIGAMI_hardhat_setCode.json,68d54960111e8ac43b97b8cba05b5c0ec0b3ffe078488602041fbe5d21af3676
<PROJECT_ROOT>\post_review_generalization_expansion_v1\05_g5_infrastructure_dry_run\raw\039_AURIGAMI_eth_call.json,2b658a95c845f75c02f64c7952c85fc5ef4d015b1ac3545b2c7a914cd816842d
<PROJECT_ROOT>\post_review_generalization_expansion_v1\05_g5_infrastructure_dry_run\raw\040_AURIGAMI_eth_getBlockByNumber.json,9ee9e2d1baf9cb16a1819b09f2da06839594a671b2d3ebfe9f62ee29fb21fa7f
<PROJECT_ROOT>\post_review_generalization_expansion_v1\05_g5_infrastructure_dry_run\raw\041_AURIGAMI_evm_setNextBlockTimestamp.json,df59770cd9a970cc7ff4a05e58e7ecd650158ba240be97508d9447a5f8236737
<PROJECT_ROOT>\post_review_generalization_expansion_v1\05_g5_infrastructure_dry_run\raw\042_AURIGAMI_evm_mine.json,408efec7637e6867ad81e507259150402a0db95ef543810e0dd513dcc791cf0d
<PROJECT_ROOT>\post_review_generalization_expansion_v1\05_g5_infrastructure_dry_run\raw\043_AURIGAMI_eth_getBlockByNumber.json,78dee767b68155c0b67e4c634075e98387fd48a44b221d1941a4a0981e17345a
<PROJECT_ROOT>\post_review_generalization_expansion_v1\05_g5_infrastructure_dry_run\raw\044_AURIGAMI_hardhat_setCode.json,8668b3cb06b40a98ca3ba0d45f8caa942971885a7ca0658179504c96c4246e82
<PROJECT_ROOT>\post_review_generalization_expansion_v1\05_g5_infrastructure_dry_run\raw\045_AURIGAMI_eth_getCode.json,3cb80b83f950c6c5e71a78da1883453bd5e5c7f5fb48dbdeb71e206dd36c730f
<PROJECT_ROOT>\post_review_generalization_expansion_v1\05_g5_infrastructure_dry_run\raw\046_AURIGAMI_eth_getCode.json,2fe84436360c2276ad42f1d09d1386bfc7f840ec301d640c18ace366000a1463
<PROJECT_ROOT>\post_review_generalization_expansion_v1\05_g5_infrastructure_dry_run\raw\047_AURIGAMI_evm_revert.json,f8f0df8b77f86686b861d9303254e7ba7d27b4eaaef0e0ecd18b0b6cc2df06c4
<PROJECT_ROOT>\post_review_generalization_expansion_v1\05_g5_infrastructure_dry_run\raw\048_AURIGAMI_eth_getCode.json,bb87dd646dc228da73ee556080074b82fb2c6074640f2206b81b64ae5aaf779e
<PROJECT_ROOT>\post_review_generalization_expansion_v1\05_g5_infrastructure_dry_run\raw\049_AURIGAMI_eth_getCode.json,2ec664cb0c626b5d9dbb6b57fa3d73e6d2891eb9a907a81f28bb60910c1157dc
<PROJECT_ROOT>\post_review_generalization_expansion_v1\05_g5_infrastructure_dry_run\raw\050_AURIGAMI_hardhat_stopImpersonatingAccount.json,06d1a28c4e48a9f8db4837d56b547a44e6ed62f5bb4039eacae8635a3dd4f480
<PROJECT_ROOT>\post_review_generalization_expansion_v1\05_g5_infrastructure_dry_run\raw\051_FATHOM_hardhat_reset.json,a1d80c955fecfa80e8c76b20963c72b062107dc86c74eed253176d81b2b04670
<PROJECT_ROOT>\post_review_generalization_expansion_v1\05_g5_infrastructure_dry_run\raw\052_FATHOM_eth_getBlockByNumber.json,5487da1ad8489cb2df468cf8d53369f84f7f2e373f47750306a5e43e20c083ae
<PROJECT_ROOT>\post_review_generalization_expansion_v1\05_g5_infrastructure_dry_run\raw\053_FATHOM_eth_getCode.json,f968a1a8d844e470f91e404490bb6101c1cc7b1eb4b1affb97824a1a96939b97
<PROJECT_ROOT>\post_review_generalization_expansion_v1\05_g5_infrastructure_dry_run\raw\054_FATHOM_eth_getCode.json,220e6d18a5f6e04c827c918dc376cb2982ee54ee195626378dbe081c6d776280
<PROJECT_ROOT>\post_review_generalization_expansion_v1\05_g5_infrastructure_dry_run\raw\055_FATHOM_evm_snapshot.json,34613f96d2bd8df891ef2c8717e9e087b2b0fa96240ce9651082c39689d8c01f
<PROJECT_ROOT>\post_review_generalization_expansion_v1\05_g5_infrastructure_dry_run\raw\056_FATHOM_hardhat_impersonateAccount.json,7b8bfeafd02474fbab79c6a0a46169ca82cb9e00dfc2701a69570469e012f064
<PROJECT_ROOT>\post_review_generalization_expansion_v1\05_g5_infrastructure_dry_run\raw\057_FATHOM_hardhat_setBalance.json,35003c3893e45747cefbfc561c3fed646b8bfd98a8e43e7b41a88da1658f7966
<PROJECT_ROOT>\post_review_generalization_expansion_v1\05_g5_infrastructure_dry_run\raw\058_FATHOM_eth_getBalance.json,08d50c4c8c9cc031628123a1000eb8a9d8049b2acb3ee11be39245c259ef5d03
<PROJECT_ROOT>\post_review_generalization_expansion_v1\05_g5_infrastructure_dry_run\raw\059_FATHOM_hardhat_setCode.json,f70b5f19834922382b7c7043660591553b17770e9d4b3c9e785ae84c4a184504
<PROJECT_ROOT>\post_review_generalization_expansion_v1\05_g5_infrastructure_dry_run\raw\060_FATHOM_eth_sendTransaction.json,2b3ab72ed16774d5f61ff95beaf83a841f6ee340f244e985bd87e32c5a2a7443
<PROJECT_ROOT>\post_review_generalization_expansion_v1\05_g5_infrastructure_dry_run\raw\061_FATHOM_eth_getTransactionReceipt.json,043e9a5bcd67b7169cfbc8a061c479b02008f7ee99b6be08a24b9be737668ae1
<PROJECT_ROOT>\post_review_generalization_expansion_v1\05_g5_infrastructure_dry_run\raw\062_FATHOM_debug_traceTransaction.json,f63425fd2d12e64b16304567f20af998eddae6f689eb84c1f788c09344b91e38
<PROJECT_ROOT>\post_review_generalization_expansion_v1\05_g5_infrastructure_dry_run\raw\063_FATHOM_hardhat_setCode.json,5b8620717b1c750cf474a7e8fd43ee5c509af3b01f630332f298687dfa0a1e96
<PROJECT_ROOT>\post_review_generalization_expansion_v1\05_g5_infrastructure_dry_run\raw\064_FATHOM_eth_call.json,0fd81c8ebdc37970600c672e26808c86ed332c89db9a265c80ae700dfe6ae8a0
<PROJECT_ROOT>\post_review_generalization_expansion_v1\05_g5_infrastructure_dry_run\raw\065_FATHOM_eth_getBlockByNumber.json,85894ff105c325af222a772c60165ddd9bb6a9344b7b6f0043384934a65c2fac
<PROJECT_ROOT>\post_review_generalization_expansion_v1\05_g5_infrastructure_dry_run\raw\066_FATHOM_evm_setNextBlockTimestamp.json,51c02242c49db8657da2495c4730d7b31eba07a054b8c9cdcde494978551ef75
<PROJECT_ROOT>\post_review_generalization_expansion_v1\05_g5_infrastructure_dry_run\raw\067_FATHOM_evm_mine.json,21280effc81e852ce33ac4667ca73ccb864b23c31ed69b8e7fd4e5df81e5d358
<PROJECT_ROOT>\post_review_generalization_expansion_v1\05_g5_infrastructure_dry_run\raw\068_FATHOM_eth_getBlockByNumber.json,0ca5dda40bd5ef2bb6361844bab8186341924ef5337b770dfd05afe3fcc43b78
<PROJECT_ROOT>\post_review_generalization_expansion_v1\05_g5_infrastructure_dry_run\raw\069_FATHOM_hardhat_setCode.json,0736d0bcbcbeee72afa06689e4b62e6f566846a85c7e1c7ca2b7459e325dee96
<PROJECT_ROOT>\post_review_generalization_expansion_v1\05_g5_infrastructure_dry_run\raw\070_FATHOM_eth_getCode.json,7a017619a11d0e4123ac7f9f0dc1738f1613c429b4a358696d6ef328ad6dcaa8
<PROJECT_ROOT>\post_review_generalization_expansion_v1\05_g5_infrastructure_dry_run\raw\071_FATHOM_eth_getCode.json,2c585d20d9badd998543a29a0ea029255b0fc5631e813d2a5cbd6835d8003679
<PROJECT_ROOT>\post_review_generalization_expansion_v1\05_g5_infrastructure_dry_run\raw\072_FATHOM_evm_revert.json,c4a30ebea2cb5cd965a8a27fd480d34ab675f55d8d7db20680394c8bfb4f02cd
<PROJECT_ROOT>\post_review_generalization_expansion_v1\05_g5_infrastructure_dry_run\raw\073_FATHOM_eth_getCode.json,97ecf85705923646cbacdb8cef46348e25da55ba8f755b330202a77f758df013
<PROJECT_ROOT>\post_review_generalization_expansion_v1\05_g5_infrastructure_dry_run\raw\074_FATHOM_eth_getCode.json,c0441e84340a8162ba2f466b2dbb8e5cee7ca39184a4aaefa0bbf4e9681a28b4
<PROJECT_ROOT>\post_review_generalization_expansion_v1\05_g5_infrastructure_dry_run\raw\075_FATHOM_hardhat_stopImpersonatingAccount.json,3b1177ffa544565fad344530237d43647eb22c6884c02c838f0569b3c396e77f
<PROJECT_ROOT>\post_review_generalization_expansion_v1\05_g5_infrastructure_dry_run\run_g5_infrastructure.js,ae136d377a642e1aa76d6a6c2490feca7725108e969f22f7be776b296d8b675f
<PROJECT_ROOT>\post_review_generalization_expansion_v1\05_g5_infrastructure_dry_run\verify_g5_delivery.py,0cc0924407b599872b5933c613e0b74f82f1f7bfb080ee9485c69036e5a49de5
<PROJECT_ROOT>\post_review_generalization_expansion_v1\05_g5_infrastructure_dry_run\verify_g5_preflight.py,28f84442dab25a619bb598e448105d8ee47e37ae958df68feedfef69ff79d1ba
<PROJECT_ROOT>\post_review_generalization_expansion_v1\05_g5_infrastructure_dry_run\verify_hardhat_no_default_accounts.js,a5106f2cc557c8f22514bf2bc23d1ab5ef44b2235475ddc88e4a118257557d06
<PROJECT_ROOT>\post_review_generalization_expansion_v1\06_g6_frozen_formal_execution\deployed\AA0.json,b85546d18e47e31e13f4c4880d1ec0e2ddb26fe944a02aa92f21afd860980e4b
<PROJECT_ROOT>\post_review_generalization_expansion_v1\06_g6_frozen_formal_execution\deployed\AA1.json,bc2a0b0da0888e95394371f3270c75220841c7ce881e7ea5a282e6ae3f0e54c4
<PROJECT_ROOT>\post_review_generalization_expansion_v1\06_g6_frozen_formal_execution\deployed\AA2.json,f6fa65e936c90fafed6f7647e28a2d47d3a7cbb3f58214b304552c5f07afa079
<PROJECT_ROOT>\post_review_generalization_expansion_v1\06_g6_frozen_formal_execution\deployed\AA3.json,fecfc00ac596f7415ca3b942ed74dda7ef05415985800425dfda1825de4ade73
<PROJECT_ROOT>\post_review_generalization_expansion_v1\06_g6_frozen_formal_execution\deployed\AA4.json,e38597523e0bdb2c6bdfc0aa41febb5a63810760293c94d8824a460591abf4fb
<PROJECT_ROOT>\post_review_generalization_expansion_v1\06_g6_frozen_formal_execution\deployed\AB0.json,8b8bf1abc437c4b7dd07b13168a3ce84e5326766df37c1e42788f9cbed700270
<PROJECT_ROOT>\post_review_generalization_expansion_v1\06_g6_frozen_formal_execution\deployed\AB1.json,f9c66997fc2ea3937675d3bbdad51a3f2de39521b16cd0b2ec2ee4d9a37e2e84
<PROJECT_ROOT>\post_review_generalization_expansion_v1\06_g6_frozen_formal_execution\deployed\AB2.json,8873bfca69637adbd25ac66da4a109f523d5aab344eccdb85618cdbf706009b6
<PROJECT_ROOT>\post_review_generalization_expansion_v1\06_g6_frozen_formal_execution\deployed\FA0.json,8a8b28a88369aadf3856bcd129909be8521a0640a3ed7a5f7787017f6affed5c
<PROJECT_ROOT>\post_review_generalization_expansion_v1\06_g6_frozen_formal_execution\deployed\FA1.json,ffb259f4c6a4a3ff536d94e9ac0c7f8b60014e28db8e8b2b014d67878e0626a5
<PROJECT_ROOT>\post_review_generalization_expansion_v1\06_g6_frozen_formal_execution\deployed\FA2.json,b55f12cb20c2083f1bbf66fa9157d4c3736ab1e6531660b222651c501b0016a4
<PROJECT_ROOT>\post_review_generalization_expansion_v1\06_g6_frozen_formal_execution\deployed\FA3.json,780740774a1b76fbd2154e4d65a8844b690e7ac1004c999c61f56346bd580bc2
<PROJECT_ROOT>\post_review_generalization_expansion_v1\06_g6_frozen_formal_execution\deployed\FB0.json,f94efa8fcf0297bb6716e1d0f20510b90b2d9dfb34ad4cb113c2ea151a76ed38
<PROJECT_ROOT>\post_review_generalization_expansion_v1\06_g6_frozen_formal_execution\deployed\FB1.json,c0aacb53add9cba0a68289b49cf95a3738176f4c7a17478a8a4f14fb37b9bc38
<PROJECT_ROOT>\post_review_generalization_expansion_v1\06_g6_frozen_formal_execution\deployed\FB2.json,2bceaa8283134ca0037d39abc34f0af123b48cbe8e38b6c766a6242ba0d21540
<PROJECT_ROOT>\post_review_generalization_expansion_v1\06_g6_frozen_formal_execution\deployed\FC0.json,e6f35c5a598e19b65c0d56205d8bc73af71f88c7e922aefd35ba60dcc712cce9
<PROJECT_ROOT>\post_review_generalization_expansion_v1\06_g6_frozen_formal_execution\deployed\FC1.json,33f22399f971ce069f0cb978d731245fca4beb022258732e8c110de335afdeea
<PROJECT_ROOT>\post_review_generalization_expansion_v1\06_g6_frozen_formal_execution\deployed\FC2.json,52b210785bb5266a207da8da803fb5dc0bb6485e0b2bc1797fd8723e9987cfe9
<PROJECT_ROOT>\post_review_generalization_expansion_v1\06_g6_frozen_formal_execution\deployed\FC3.json,c9ce3b9f0df43fdf263898ec82a85fd336cea5e99815c6cf963a9c02394d5c5a
<PROJECT_ROOT>\post_review_generalization_expansion_v1\06_g6_frozen_formal_execution\deployed\VA0.json,75171dc86d82fa92c21114be9e67af8fc55a85852b42942bf8dce8c68adaf2be
<PROJECT_ROOT>\post_review_generalization_expansion_v1\06_g6_frozen_formal_execution\deployed\VA1.json,b355f66114acfabbbab9f273bcc20f66b52638342683c6f7d63a6aab066ad8d5
<PROJECT_ROOT>\post_review_generalization_expansion_v1\06_g6_frozen_formal_execution\deployed\VA2.json,318a6296e7ca956b6542a8735909bfd62c13f372b9065d2a2e815369eedbef81
<PROJECT_ROOT>\post_review_generalization_expansion_v1\06_g6_frozen_formal_execution\deployed\VA3.json,4cf07a6fb2aed252deca611ca839a6ebf35df8cdb458929d6ae049ffc298353c
<PROJECT_ROOT>\post_review_generalization_expansion_v1\06_g6_frozen_formal_execution\deployed\VA4.json,ce823fe6e5fdd21adadf71be6a96e7feeb58e4e0e007d489d4e33d465fd3b7bd
<PROJECT_ROOT>\post_review_generalization_expansion_v1\06_g6_frozen_formal_execution\deployed\VB0.json,326f920dfae2c695151ef0fd395ff0c01ec2b7dc2d2f066345c36006b4aafaca
<PROJECT_ROOT>\post_review_generalization_expansion_v1\06_g6_frozen_formal_execution\deployed\VB1.json,05c47f0f3beaa898e3de69bd84dd336fefa016b30119e260e10afd131a48b7b9
<PROJECT_ROOT>\post_review_generalization_expansion_v1\06_g6_frozen_formal_execution\deployed\VB2.json,1f329c6080dbbaa0fc97fc92620b978915145ecfb70e1bfda6b079c0d78e89ff
<PROJECT_ROOT>\post_review_generalization_expansion_v1\06_g6_frozen_formal_execution\raw\000001_V_A_RESET_hardhat_reset.json,2fc25ce0fe34a886663926866654f39d3f3ccdd1d5dec375a9636ffdc5bcc2a6
<PROJECT_ROOT>\post_review_generalization_expansion_v1\06_g6_frozen_formal_execution\raw\000002_V_A_RESET_eth_getBlockByNumber.json,6ef5d76deed12a04b7f1c35f7b0bb4b803dd8505088c8c2cc81dc58aed4fc8ca
<PROJECT_ROOT>\post_review_generalization_expansion_v1\06_g6_frozen_formal_execution\raw\000003_V_A_RESET_hardhat_impersonateAccount.json,9fe63a78cc61f6083b57dca8417bf241031d523997743ff569eb150719fb6f4b
<PROJECT_ROOT>\post_review_generalization_expansion_v1\06_g6_frozen_formal_execution\raw\000004_V_A_RESET_hardhat_setBalance.json,17b286ca01ad1563c5ca772e4546c1a1a3c88d5ba3644c1b4bec86e2b6411d4c
<PROJECT_ROOT>\post_review_generalization_expansion_v1\06_g6_frozen_formal_execution\raw\000005_V_A_RESET_eth_getBlockByNumber.json,f90db61109e7a775bad6ae3928682070d7254ee81d2884d3c1e0d9a983393b38
<PROJECT_ROOT>\post_review_generalization_expansion_v1\06_g6_frozen_formal_execution\raw\000006_V_A_VA0_hardhat_setCode.json,6daa241ca4c7063ab8a076ce1a87998b19b7670d3ebd0ca38da3392cc6784622
<PROJECT_ROOT>\post_review_generalization_expansion_v1\06_g6_frozen_formal_execution\raw\000007_V_A_VA0_hardhat_setCode.json,6a1486a3820d07a402e3b003a63a092efe3a1b671a3621d230c02f8db045944c
<PROJECT_ROOT>\post_review_generalization_expansion_v1\06_g6_frozen_formal_execution\raw\000008_V_A_VA0_evm_setNextBlockTimestamp.json,abc9afc308cd0222e4a9af0c9a8520447df94456335251d98ad0783b1df18573
<PROJECT_ROOT>\post_review_generalization_expansion_v1\06_g6_frozen_formal_execution\raw\000009_V_A_VA0_eth_call.json,bed0afa36399f1080b259d467702f14745f1affa49686a391f2759a69db1957c
<PROJECT_ROOT>\post_review_generalization_expansion_v1\06_g6_frozen_formal_execution\raw\000010_V_A_VA0_eth_call.json,12b8947edf4ea036c66a6244b0d6ebddd16037d45f6021e3d83856ef29bcfde3
<PROJECT_ROOT>\post_review_generalization_expansion_v1\06_g6_frozen_formal_execution\raw\000011_V_A_VA0_eth_call.json,6684403edbbd93bdf6060ed057d732c0cf6ea8581434f6e6868d0631b7f51492
<PROJECT_ROOT>\post_review_generalization_expansion_v1\06_g6_frozen_formal_execution\raw\000012_V_A_VA0_eth_sendTransaction.json,ce25d577f4a742e486611116d04e1de0da2698a85b8275cff4a865ed81428bce
<PROJECT_ROOT>\post_review_generalization_expansion_v1\06_g6_frozen_formal_execution\raw\000013_V_A_VA0_eth_getTransactionReceipt.json,2c81b723a497e32afd8153347af0f216cfde05babe4305734b22f6416bc1e69b
<PROJECT_ROOT>\post_review_generalization_expansion_v1\06_g6_frozen_formal_execution\raw\000014_V_A_VA0_debug_traceTransaction.json,4eab7f2b1148e31a5cc800707255e186efc091fc9bacf21a0ad05a5d0cbc0ba0
<PROJECT_ROOT>\post_review_generalization_expansion_v1\06_g6_frozen_formal_execution\raw\000015_V_A_VA0_eth_call.json,1e92a3f078657d790a0505bff852a697064e5e97236f01dd3c77d891e5362d94
<PROJECT_ROOT>\post_review_generalization_expansion_v1\06_g6_frozen_formal_execution\raw\000016_V_A_VA0_eth_call.json,28295e3823a71ca71eb342ece577a654a8bee80c8add7e329f93684197820744
<PROJECT_ROOT>\post_review_generalization_expansion_v1\06_g6_frozen_formal_execution\raw\000017_V_A_VA0_eth_call.json,35ca9f05551e1728373570d56839043a3330d8ca1d0ca9101db35c2e38a713ae
<PROJECT_ROOT>\post_review_generalization_expansion_v1\06_g6_frozen_formal_execution\raw\000018_V_A_VA1_hardhat_setCode.json,5e67cd950930b21028c452d408c76a34b0cfbd48e4b0596f442fa95933e81ccb
<PROJECT_ROOT>\post_review_generalization_expansion_v1\06_g6_frozen_formal_execution\raw\000019_V_A_VA1_hardhat_setCode.json,acfbe1dcebc3962a51ef0f83092a9a3b715af18e5852816b72c77f0942c5f3fb
<PROJECT_ROOT>\post_review_generalization_expansion_v1\06_g6_frozen_formal_execution\raw\000020_V_A_VA1_evm_setNextBlockTimestamp.json,dbc020656929a6635f32ce21f7d478b44f0d7217e7119397960924af5b7b01a4
<PROJECT_ROOT>\post_review_generalization_expansion_v1\06_g6_frozen_formal_execution\raw\000021_V_A_VA1_eth_call.json,84902157dd9671055960bf09a9ef40bcfcd073861553c744b04fe315dcc56196
<PROJECT_ROOT>\post_review_generalization_expansion_v1\06_g6_frozen_formal_execution\raw\000022_V_A_VA1_eth_call.json,8eeb1f4ec17babf29b827a3bfcdc0474c392cb5705389081499f077f28ebaccb
<PROJECT_ROOT>\post_review_generalization_expansion_v1\06_g6_frozen_formal_execution\raw\000023_V_A_VA1_eth_call.json,c3c8d46955572a44b4ac2671a5f238d68b03fe048625c677b4c52f9665553ada
<PROJECT_ROOT>\post_review_generalization_expansion_v1\06_g6_frozen_formal_execution\raw\000024_V_A_VA1_eth_sendTransaction.json,72d58fd4abe33b0e1e32e980fdaaaabb8cae40444ce9b64dc37e3a29346a4c16
<PROJECT_ROOT>\post_review_generalization_expansion_v1\06_g6_frozen_formal_execution\raw\000025_V_A_VA1_eth_getTransactionReceipt.json,64dc87d15c894ef5f29a37ab4eadf7c97ba60bb29dfbc1aecb3300bd416d95ab
<PROJECT_ROOT>\post_review_generalization_expansion_v1\06_g6_frozen_formal_execution\raw\000026_V_A_VA1_debug_traceTransaction.json,63b8f6050df32f2cd480ae2bad7b00fbc7c939f5f1de863a95ab6b24ed6ed5d9
<PROJECT_ROOT>\post_review_generalization_expansion_v1\06_g6_frozen_formal_execution\raw\000027_V_A_VA1_eth_call.json,214959437ef95a1651b3307f66a5fa11deea8bc21eb749949b5f1adc76e568b8
<PROJECT_ROOT>\post_review_generalization_expansion_v1\06_g6_frozen_formal_execution\raw\000028_V_A_VA1_eth_call.json,b3be2e847dcbd5e2db84eef38365f84259115296ba77a392c52d08d4fd4b5238
<PROJECT_ROOT>\post_review_generalization_expansion_v1\06_g6_frozen_formal_execution\raw\000029_V_A_VA1_eth_call.json,01157369d3d65f71bae1e167ea9c76b0e21e3a0a5bdc93221d916e45fec61716
<PROJECT_ROOT>\post_review_generalization_expansion_v1\06_g6_frozen_formal_execution\raw\000030_V_A_VA2_hardhat_setCode.json,45a381415d53ce6388a521c66262ef74494c2e8241f04118a0fc7de54ff3a96f
<PROJECT_ROOT>\post_review_generalization_expansion_v1\06_g6_frozen_formal_execution\raw\000031_V_A_VA2_hardhat_setCode.json,89cfea23b0964b3f2969cc6378fe4f7cfd01c73f9a5a3351fd5126cc97ae0d26
<PROJECT_ROOT>\post_review_generalization_expansion_v1\06_g6_frozen_formal_execution\raw\000032_V_A_VA2_evm_setNextBlockTimestamp.json,df0784f97a2d1ac4238397a0d52f119c8c84b51b988441813790637e5ed9d1ce
<PROJECT_ROOT>\post_review_generalization_expansion_v1\06_g6_frozen_formal_execution\raw\000033_V_A_VA2_eth_call.json,fd4462916b294a6c1c15d2e8d8a0b8d71408dfe0bceeacb18269f4eb0b0f0830
<PROJECT_ROOT>\post_review_generalization_expansion_v1\06_g6_frozen_formal_execution\raw\000034_V_A_VA2_eth_call.json,ef75d1317acd360055b3b15327aaf4853cb3f9869e0a8a66407636961d8c7baa
<PROJECT_ROOT>\post_review_generalization_expansion_v1\06_g6_frozen_formal_execution\raw\000035_V_A_VA2_eth_call.json,6ac13f2ea535458a39256a22fab9a845a8fa2fc989e5b1d462418d2505a08a05
<PROJECT_ROOT>\post_review_generalization_expansion_v1\06_g6_frozen_formal_execution\raw\000036_V_A_VA2_eth_sendTransaction.json,f12c416630c3db92a31a792490f7816f133665e38140a0463f1b5a0a413b67cf
<PROJECT_ROOT>\post_review_generalization_expansion_v1\06_g6_frozen_formal_execution\raw\000037_V_A_VA2_eth_getTransactionReceipt.json,5cefc698e4d99d543cb8407799d67f45051610d566e6d53a1e2769cfa6079b5c
<PROJECT_ROOT>\post_review_generalization_expansion_v1\06_g6_frozen_formal_execution\raw\000038_V_A_VA2_debug_traceTransaction.json,1e59c7fb8c65adfbb389132e6da11beb6e9e14bc3a8686a368f2e7623001361f
<PROJECT_ROOT>\post_review_generalization_expansion_v1\06_g6_frozen_formal_execution\raw\000039_V_A_VA2_eth_call.json,f26aadd305f1240c62d421de38b87cd3558d3e185f8c42d63557de8c2930b5b1
<PROJECT_ROOT>\post_review_generalization_expansion_v1\06_g6_frozen_formal_execution\raw\000040_V_A_VA2_eth_call.json,94e3a9f2e90b6cb9789d33876835a78c4793f78586753d78a92ec0018de49d28
<PROJECT_ROOT>\post_review_generalization_expansion_v1\06_g6_frozen_formal_execution\raw\000041_V_A_VA2_eth_call.json,a320be70bab01060e72ae4622d390c5930d25a33c6eb4367212fc0cb2f852f10
<PROJECT_ROOT>\post_review_generalization_expansion_v1\06_g6_frozen_formal_execution\raw\000042_V_A_VA3_hardhat_setCode.json,d7bd7a333c597989eb8134ba68e422ea0af906e348bbe25d20f5f9071225c85e
<PROJECT_ROOT>\post_review_generalization_expansion_v1\06_g6_frozen_formal_execution\raw\000043_V_A_VA3_hardhat_setCode.json,d31f7dc646235f07bb3d74f23aaac274678eb6e8d322176829bbdc1576f8c171
<PROJECT_ROOT>\post_review_generalization_expansion_v1\06_g6_frozen_formal_execution\raw\000044_V_A_VA3_evm_setNextBlockTimestamp.json,0aa473da404769a910b8a39bb5fc581b750bbe9c20b315bd6bbd2481d28fac72
<PROJECT_ROOT>\post_review_generalization_expansion_v1\06_g6_frozen_formal_execution\raw\000045_V_A_VA3_eth_call.json,4de3fdf2779bd58fc74515099b21100e916c73f0e0d2f500de81ccf717c4b62d
<PROJECT_ROOT>\post_review_generalization_expansion_v1\06_g6_frozen_formal_execution\raw\000046_V_A_VA3_eth_call.json,37154b0d685e3ebb47fbaf1c14ae660221366c618dd9858ac53b5f59ac755ab9
<PROJECT_ROOT>\post_review_generalization_expansion_v1\06_g6_frozen_formal_execution\raw\000047_V_A_VA3_eth_call.json,c36081098cefe2275094cef130ed349ecfddfd3a2b828efea8f86d60ea944159
<PROJECT_ROOT>\post_review_generalization_expansion_v1\06_g6_frozen_formal_execution\raw\000048_V_A_VA3_eth_sendTransaction.json,a34090c027eb8b0b625f096ec39799515d3d820aeb749ef053fba985bae79172
<PROJECT_ROOT>\post_review_generalization_expansion_v1\06_g6_frozen_formal_execution\raw\000049_V_A_VA3_eth_getTransactionReceipt.json,2e6a795ba481f9cd564e1b217c2e77fad225dc4d386606ce022644505ab36432
<PROJECT_ROOT>\post_review_generalization_expansion_v1\06_g6_frozen_formal_execution\raw\000050_V_A_VA3_debug_traceTransaction.json,41fb6d5bda2c9c009375336d7c0d6f129e45a17120a1741f4a88fbf2de1dcb24
<PROJECT_ROOT>\post_review_generalization_expansion_v1\06_g6_frozen_formal_execution\raw\000051_V_A_VA3_eth_call.json,5180d78ed584d7f4be5ff958de204b5d14943a64a22dc89561f95c07b9e6561d
<PROJECT_ROOT>\post_review_generalization_expansion_v1\06_g6_frozen_formal_execution\raw\000052_V_A_VA3_eth_call.json,4f8e3ad728ef11feb7554d60f37dad350796a2e1330f89088fa0409c7694ad78
<PROJECT_ROOT>\post_review_generalization_expansion_v1\06_g6_frozen_formal_execution\raw\000053_V_A_VA3_eth_call.json,bbc49c7c8e3604bf07b5390a696d4117dd034e12b1b89f79daa9a44cf27ad800
<PROJECT_ROOT>\post_review_generalization_expansion_v1\06_g6_frozen_formal_execution\raw\000054_V_A_VA4_hardhat_setCode.json,b045264d38aaca1db52ab7ce7afe2e4c299ceddc9ff6a7e6ca3789ac1fcbc7da
<PROJECT_ROOT>\post_review_generalization_expansion_v1\06_g6_frozen_formal_execution\raw\000055_V_A_VA4_hardhat_setCode.json,16f44a4e90080a424323491d2ad6e301152bc46f2aef3865a1938e5d589b66b3
<PROJECT_ROOT>\post_review_generalization_expansion_v1\06_g6_frozen_formal_execution\raw\000056_V_A_VA4_evm_setNextBlockTimestamp.json,b7117291dc4e5312f4809316c3163de88d7d14fb563bd2f0150b7766ee9df065
<PROJECT_ROOT>\post_review_generalization_expansion_v1\06_g6_frozen_formal_execution\raw\000057_V_A_VA4_eth_call.json,4e577923aeea3e3aadf7009e426b9a7a6a89611e741e1cb0b45c4a57f0a57302
<PROJECT_ROOT>\post_review_generalization_expansion_v1\06_g6_frozen_formal_execution\raw\000058_V_A_VA4_eth_call.json,90eca5b1e4b69254dda2852d640ed2d1a19d21e7d4f11a709b88144d642b276b
<PROJECT_ROOT>\post_review_generalization_expansion_v1\06_g6_frozen_formal_execution\raw\000059_V_A_VA4_eth_call.json,b97e3ffa1314e6e1e33af8e6475355add0ce71fb138a1dc2c9ceddc0d2500e92
<PROJECT_ROOT>\post_review_generalization_expansion_v1\06_g6_frozen_formal_execution\raw\000060_V_A_VA4_eth_sendTransaction.json,5c4dd24ced584225b768de1ab7842c36fd7a002fbf3ad2c78e5f588d18e608fb
<PROJECT_ROOT>\post_review_generalization_expansion_v1\06_g6_frozen_formal_execution\raw\000061_V_A_VA4_eth_getTransactionReceipt.json,807e5d4505bcdcf2d2294d896053c3ed88092fb9ebe199caaf42ec8c1eeb8378
<PROJECT_ROOT>\post_review_generalization_expansion_v1\06_g6_frozen_formal_execution\raw\000062_V_A_VA4_debug_traceTransaction.json,382f03263b8aeb1716d3caa6ee1f0e7ce9be68811b06106e19fd8178de14b42d
<PROJECT_ROOT>\post_review_generalization_expansion_v1\06_g6_frozen_formal_execution\raw\000063_V_A_VA4_eth_call.json,b75bd9144c10fb1c46c46e8a807e258ae48e4d29adc62a7e4369d5d53de6235a
<PROJECT_ROOT>\post_review_generalization_expansion_v1\06_g6_frozen_formal_execution\raw\000064_V_A_VA4_eth_call.json,2834bea04e443689fa1335e95a117974f246f50141fed8724c5bdaa02bc4ea99
<PROJECT_ROOT>\post_review_generalization_expansion_v1\06_g6_frozen_formal_execution\raw\000065_V_A_VA4_eth_call.json,9df118e774cb6e2c45ae8f1b3982b1b60808eb50389943e33b2f3c78cadd3f8b
<PROJECT_ROOT>\post_review_generalization_expansion_v1\06_g6_frozen_formal_execution\raw\000066_V_B_RESET_hardhat_reset.json,2b50776c1f72149f1f08e07f44b642deee8e17b7535aa7359d02d5e7c62a9f98
<PROJECT_ROOT>\post_review_generalization_expansion_v1\06_g6_frozen_formal_execution\raw\000067_V_B_RESET_eth_getBlockByNumber.json,bbe9998feb51a743194479449d94424c07ca2ec09bf4abe48568c7f2791bd8a7
<PROJECT_ROOT>\post_review_generalization_expansion_v1\06_g6_frozen_formal_execution\raw\000068_V_B_RESET_hardhat_impersonateAccount.json,ad8787c29c90b3779bbf4d74d47056df87b26642a38cbff0d2b0f50d2b838ceb
<PROJECT_ROOT>\post_review_generalization_expansion_v1\06_g6_frozen_formal_execution\raw\000069_V_B_RESET_hardhat_setBalance.json,abca072d6eb7c48ce4d748edd35cfb94312c99f5292b8a2f5b23632ba8fc5958
<PROJECT_ROOT>\post_review_generalization_expansion_v1\06_g6_frozen_formal_execution\raw\000070_V_B_RESET_eth_getBlockByNumber.json,3741443fc1907cd601695bb3425d7ad581871429ed4573fd53ddba8d83fcc906
<PROJECT_ROOT>\post_review_generalization_expansion_v1\06_g6_frozen_formal_execution\raw\000071_V_B_VB0_hardhat_setCode.json,b69866dacea4a94bb257fde63d9286f6dd4b387ac182c248e7a1aa69d516215b
<PROJECT_ROOT>\post_review_generalization_expansion_v1\06_g6_frozen_formal_execution\raw\000072_V_B_VB0_hardhat_setCode.json,eda8c1566e8e4d28eca39316844b166dfd8558b6f3c083b84cb00a9cdf7fa53d
<PROJECT_ROOT>\post_review_generalization_expansion_v1\06_g6_frozen_formal_execution\raw\000073_V_B_VB0_evm_setNextBlockTimestamp.json,519d752320afbbfd8df42a25fae3381394cebf01a9429dabd8601295cf7c827b
<PROJECT_ROOT>\post_review_generalization_expansion_v1\06_g6_frozen_formal_execution\raw\000074_V_B_VB0_eth_call.json,6f93f59355e26e7a8168aa4636c51170aadb4aac61694aae0d45b55cf6b920d6
<PROJECT_ROOT>\post_review_generalization_expansion_v1\06_g6_frozen_formal_execution\raw\000075_V_B_VB0_eth_call.json,097e528455fb11eac92d479867a776ed6bed9550f499727ae08802ff4f4a8138
<PROJECT_ROOT>\post_review_generalization_expansion_v1\06_g6_frozen_formal_execution\raw\000076_V_B_VB0_eth_call.json,099afd919d83575f7c608c84dcb493842590e1aabaa06625d9c513a354a2f35c
<PROJECT_ROOT>\post_review_generalization_expansion_v1\06_g6_frozen_formal_execution\raw\000077_V_B_VB0_eth_sendTransaction.json,394b5d30ac475826f209e30f4ea2c2697f104274d1129cd6519f7c332a17fe1b
<PROJECT_ROOT>\post_review_generalization_expansion_v1\06_g6_frozen_formal_execution\raw\000078_V_B_VB0_eth_getTransactionReceipt.json,ca967be8bace791edfe239a5bf1c76c779f87952a741862130722b5ac86dad8b
<PROJECT_ROOT>\post_review_generalization_expansion_v1\06_g6_frozen_formal_execution\raw\000079_V_B_VB0_debug_traceTransaction.json,96566baa3c616940c84c5401b6c5752ca9b84eff5ef2246be03d41b51f93d6f7
<PROJECT_ROOT>\post_review_generalization_expansion_v1\06_g6_frozen_formal_execution\raw\000080_V_B_VB0_eth_call.json,954c00386df985a5ec9ab5eb709ed0d23a9d1d4bdc12461b0b0749bb7bcc4b1f
<PROJECT_ROOT>\post_review_generalization_expansion_v1\06_g6_frozen_formal_execution\raw\000081_V_B_VB0_eth_call.json,c3ee3cb6d8ce45850f621c690039ce90c22c0e86773cfbd0375e576a70ad5cbf
<PROJECT_ROOT>\post_review_generalization_expansion_v1\06_g6_frozen_formal_execution\raw\000082_V_B_VB0_eth_call.json,8af0553ff4fc2af18934b738bc8cd187196ecec4b5b3d589e18808eda6ec8381
<PROJECT_ROOT>\post_review_generalization_expansion_v1\06_g6_frozen_formal_execution\raw\000083_V_B_VB1_hardhat_setCode.json,2739eef6038677e0eef5a58838f33ae21365ab296c7d92b2a03d6de8ae51f29f
<PROJECT_ROOT>\post_review_generalization_expansion_v1\06_g6_frozen_formal_execution\raw\000084_V_B_VB1_hardhat_setCode.json,c8fd04b67cd1c29d8eed420086051ffda2c479b1f4c8859f8b297a8ef92565a1
<PROJECT_ROOT>\post_review_generalization_expansion_v1\06_g6_frozen_formal_execution\raw\000085_V_B_VB1_evm_setNextBlockTimestamp.json,03da2c59e9d0139b89aa9189c4856624f1243c52f7131610555dc31c8d9c2da9
<PROJECT_ROOT>\post_review_generalization_expansion_v1\06_g6_frozen_formal_execution\raw\000086_V_B_VB1_eth_call.json,88bff5338a1bfaacab9d609728ac953005be6432a9c786bdd283fb2e7dd4715d
<PROJECT_ROOT>\post_review_generalization_expansion_v1\06_g6_frozen_formal_execution\raw\000087_V_B_VB1_eth_call.json,03217a15ecb6f4d68c27d461c95e432044311db7ca15f094ed5f97549eb8ebd7
<PROJECT_ROOT>\post_review_generalization_expansion_v1\06_g6_frozen_formal_execution\raw\000088_V_B_VB1_eth_call.json,657b3f173b7c1b9afb3ae671e58620083c6a6be02693258f530eb9ca3f785661
<PROJECT_ROOT>\post_review_generalization_expansion_v1\06_g6_frozen_formal_execution\raw\000089_V_B_VB1_eth_sendTransaction.json,9cf23e677298225aa0917038e4d5139a2a41a798a7cb93a87c36726465161ace
<PROJECT_ROOT>\post_review_generalization_expansion_v1\06_g6_frozen_formal_execution\raw\000090_V_B_VB1_eth_getTransactionReceipt.json,25237fa7b3c20e06ce8baba3c6acf7c35cfacf560fef85bcadaeff9c8cb0593c
<PROJECT_ROOT>\post_review_generalization_expansion_v1\06_g6_frozen_formal_execution\raw\000091_V_B_VB1_debug_traceTransaction.json,12316a74c704021e203b633ae1a58dde709910c12f5e6dbe65f2885e9c9fb509
<PROJECT_ROOT>\post_review_generalization_expansion_v1\06_g6_frozen_formal_execution\raw\000092_V_B_VB1_eth_call.json,eea50e6010a830de963dd02331749f28ed75cba7350ced591b8f80728921d2d5
<PROJECT_ROOT>\post_review_generalization_expansion_v1\06_g6_frozen_formal_execution\raw\000093_V_B_VB1_eth_call.json,b3e702b3272caf3be70eed95f42c4e90adf861c578b0d4b4671d89c2c6eef6b1
<PROJECT_ROOT>\post_review_generalization_expansion_v1\06_g6_frozen_formal_execution\raw\000094_V_B_VB1_eth_call.json,dbb69d398d3326555b90b194b36fc4641f335acfb28747c262ed16adcaf8c96d
<PROJECT_ROOT>\post_review_generalization_expansion_v1\06_g6_frozen_formal_execution\raw\000095_V_B_VB2_hardhat_setCode.json,535198a4f00d7555732cfeb0ae885995ba6d30cff8065a107c35f7e6ead9eab2
<PROJECT_ROOT>\post_review_generalization_expansion_v1\06_g6_frozen_formal_execution\raw\000096_V_B_VB2_hardhat_setCode.json,2c130bc3874c73a4aa42bd5fdeeecb1e3b7c2ee97c81609fe620c5fe27f89d04
<PROJECT_ROOT>\post_review_generalization_expansion_v1\06_g6_frozen_formal_execution\raw\000097_V_B_VB2_evm_setNextBlockTimestamp.json,1660e6280e041a1704d83b67bb0191b7f20ca1d2dcee05897be0213019ab3363
<PROJECT_ROOT>\post_review_generalization_expansion_v1\06_g6_frozen_formal_execution\raw\000098_V_B_VB2_eth_call.json,fa3134ef7f94926124f4ab6ccbc9db4211c8a6014e9ed1f94a6585b9aad8e481
<PROJECT_ROOT>\post_review_generalization_expansion_v1\06_g6_frozen_formal_execution\raw\000099_V_B_VB2_eth_call.json,128c8e271626cfc6cdfb72eaa933a0241339ce83356737ea5c4bf99f193a5875
<PROJECT_ROOT>\post_review_generalization_expansion_v1\06_g6_frozen_formal_execution\raw\000100_V_B_VB2_eth_call.json,d6b55927bae5de6ae884e39f948d823749c09cdea5588a9350fc18de66a7af3c
<PROJECT_ROOT>\post_review_generalization_expansion_v1\06_g6_frozen_formal_execution\raw\000101_V_B_VB2_eth_sendTransaction.json,c06053564ad4fd39c6453cb768deae69bcdfec08aac7b2cc403b2703f26c682c
<PROJECT_ROOT>\post_review_generalization_expansion_v1\06_g6_frozen_formal_execution\raw\000102_V_B_VB2_eth_getTransactionReceipt.json,8bb2ba3df79fe0deaf88d3ea0a5506d7a2fcb4ea609092dec63c4d87c5fa8e26
<PROJECT_ROOT>\post_review_generalization_expansion_v1\06_g6_frozen_formal_execution\raw\000103_V_B_VB2_debug_traceTransaction.json,4878fe5853247ab1e7d518e557b15b207c615ccd79d1e702104d009be97c746a
<PROJECT_ROOT>\post_review_generalization_expansion_v1\06_g6_frozen_formal_execution\raw\000104_V_B_VB2_eth_call.json,49ee1b1c32c532897cceab062dc8f91ad1fda7afe42172eca22b0166ebeb0efd
<PROJECT_ROOT>\post_review_generalization_expansion_v1\06_g6_frozen_formal_execution\raw\000105_V_B_VB2_eth_call.json,09a4fa318f37fa51118fbda6a63c5d219f5c8b8613faa6abbcaa0ea96deef486
<PROJECT_ROOT>\post_review_generalization_expansion_v1\06_g6_frozen_formal_execution\raw\000106_V_B_VB2_eth_call.json,572fce21d63a4d3f4958fc5525314bbcbfc86eb2fe97e04c656d5e7c5a3753a4
<PROJECT_ROOT>\post_review_generalization_expansion_v1\06_g6_frozen_formal_execution\raw\000107_A_A_RESET_hardhat_reset.json,da534bca85df71f19a59870b8d60c22661e5a905ccfc0a68dbd74e50686341d5
<PROJECT_ROOT>\post_review_generalization_expansion_v1\06_g6_frozen_formal_execution\raw\000108_A_A_RESET_eth_getBlockByNumber.json,493e0a9e1ebcbd005c23552290442bb51d987f93c722872f19a3346e5fd121df
<PROJECT_ROOT>\post_review_generalization_expansion_v1\06_g6_frozen_formal_execution\raw\000109_A_A_RESET_hardhat_impersonateAccount.json,0067add169fcd0da27708248e10e87d283c0985f5f94c441b15ad4c95f8892b2
<PROJECT_ROOT>\post_review_generalization_expansion_v1\06_g6_frozen_formal_execution\raw\000110_A_A_RESET_hardhat_setBalance.json,8fb75f2ef4bb685af835b7c3baaa0461e3ef991d85e7da2c37907177f11fe2df
<PROJECT_ROOT>\post_review_generalization_expansion_v1\06_g6_frozen_formal_execution\raw\000111_A_A_RESET_hardhat_impersonateAccount.json,7bccbc824925786648c9bd3726ca322d67582e8739078531269d4e0abfe31e19
<PROJECT_ROOT>\post_review_generalization_expansion_v1\06_g6_frozen_formal_execution\raw\000112_A_A_RESET_hardhat_setBalance.json,dd9fdbab305541b8e00c73630c0506bb996e084a2b05c4a767b4cd18e15d0cb1
<PROJECT_ROOT>\post_review_generalization_expansion_v1\06_g6_frozen_formal_execution\raw\000113_A_A_RESET_hardhat_impersonateAccount.json,6d0dedd57605a792b5e3e7bfc4fbc17b4a24ddfc24005aff3484079bfd17e58f
<PROJECT_ROOT>\post_review_generalization_expansion_v1\06_g6_frozen_formal_execution\raw\000114_A_A_RESET_hardhat_setBalance.json,810ff4bc7afa8026c0640d6c47605dab9b5e3c69e5255f5009bf66d8e0c8966a
<PROJECT_ROOT>\post_review_generalization_expansion_v1\06_g6_frozen_formal_execution\raw\000115_A_A_RESET_eth_getBlockByNumber.json,9f85ab5870b2dfc4c2db3c09e4c2b0793ae226187c0f39d5808b3c34f391cedb
<PROJECT_ROOT>\post_review_generalization_expansion_v1\06_g6_frozen_formal_execution\raw\000116_A_A_AA0_evm_setNextBlockTimestamp.json,1552903b0a6f69eabc85d20e00620829880bcee983c07d9c9912ec015d13336b
<PROJECT_ROOT>\post_review_generalization_expansion_v1\06_g6_frozen_formal_execution\raw\000117_A_A_AA0_eth_sendTransaction.json,0532fbc66b5c35506ab68591349b86ec5e5a5bbc81556f0a0a49f83d6d5e7a35
<PROJECT_ROOT>\post_review_generalization_expansion_v1\06_g6_frozen_formal_execution\raw\000118_A_A_AA0_eth_getTransactionReceipt.json,0fc34e4586f5f8d9f99d00572882a9da517c863838c90d4bccb46fb5eb977d29
<PROJECT_ROOT>\post_review_generalization_expansion_v1\06_g6_frozen_formal_execution\raw\000119_A_A_AA0_evm_setNextBlockTimestamp.json,0cb1235b25ce45b045f909ee93a555bc644ec783877bdfa99812cb3b9f587b4c
<PROJECT_ROOT>\post_review_generalization_expansion_v1\06_g6_frozen_formal_execution\raw\000120_A_A_AA0_eth_sendTransaction.json,a692dfae56ddeb8a3d4b5c2dcf568c10b35a53d2c7d4aba0ee66e4f2df9890bf
<PROJECT_ROOT>\post_review_generalization_expansion_v1\06_g6_frozen_formal_execution\raw\000121_A_A_AA0_eth_getTransactionReceipt.json,e477ded4031171c3e1b188d5450b30d2ba6c4e12e61d60234947bb2c07b00a03
<PROJECT_ROOT>\post_review_generalization_expansion_v1\06_g6_frozen_formal_execution\raw\000122_A_A_AA0_hardhat_setCode.json,8b85081187b1976b44acaab9b3875970e90e80b45dd27c1ec4f7a5c7703eafe3
<PROJECT_ROOT>\post_review_generalization_expansion_v1\06_g6_frozen_formal_execution\raw\000123_A_A_AA0_eth_call.json,7ed41bbd9eed812281fe30221be74c91638a68fe6add3bf86709a8640b797ea9
<PROJECT_ROOT>\post_review_generalization_expansion_v1\06_g6_frozen_formal_execution\raw\000124_A_A_AA0_eth_call.json,005523d8dc1c45eaa88155eacc9b277e48b1df4447287c333f986bb062e965e8
<PROJECT_ROOT>\post_review_generalization_expansion_v1\06_g6_frozen_formal_execution\raw\000125_A_A_AA0_eth_call.json,9e7ba09a0065a3d0f2a64a49daaa9056d2c463ace9c76f69d16be571effcb3af
<PROJECT_ROOT>\post_review_generalization_expansion_v1\06_g6_frozen_formal_execution\raw\000126_A_A_AA0_eth_call.json,24d7a4f1f3429538d37ab0364404b71d9dd55683b668788ec9df0df4023072e6
<PROJECT_ROOT>\post_review_generalization_expansion_v1\06_g6_frozen_formal_execution\raw\000127_A_A_AA0_eth_call.json,38f70fea4c47fa1cb3533373f809ac9e1d00ddb2e78c9bfb968b1ad84d36e647
<PROJECT_ROOT>\post_review_generalization_expansion_v1\06_g6_frozen_formal_execution\raw\000128_A_A_AA0_eth_call.json,f6854373d5c41c2fd151044a9249ff3f9fefe6afe50f949b1428360070268d8c
<PROJECT_ROOT>\post_review_generalization_expansion_v1\06_g6_frozen_formal_execution\raw\000129_A_A_AA0_eth_call.json,1a244811d8ba74eae686d5150b1843b22a30a9d2e424ddd47a96f4189dd62bb4
<PROJECT_ROOT>\post_review_generalization_expansion_v1\06_g6_frozen_formal_execution\raw\000130_A_A_AA0_eth_call.json,667eea68c717f4bc6e16c0dcf38b3d613b38246056864f11d4b2cc13e0b347c2
<PROJECT_ROOT>\post_review_generalization_expansion_v1\06_g6_frozen_formal_execution\raw\000131_A_A_AA0_debug_traceCall.json,640ddf1b847b6c95d6ec57ea2ccb9b5b3c062ccab7b9d3ca040d0780ec8cad73
<PROJECT_ROOT>\post_review_generalization_expansion_v1\06_g6_frozen_formal_execution\raw\000132_A_A_AA0_eth_call.json,b564124577618eb550fe9ed5847ad369e7f3f53c850dc783c477aea749248c27
<PROJECT_ROOT>\post_review_generalization_expansion_v1\06_g6_frozen_formal_execution\raw\000133_A_A_AA0_eth_call.json,f2c1b1707b1d4b8d6ce47195ee50495d04935fdbb9cd0b4179e2a14c95a54fe0
<PROJECT_ROOT>\post_review_generalization_expansion_v1\06_g6_frozen_formal_execution\raw\000134_A_A_AA0_eth_call.json,f6a0af0de88d61f628791c109c85fa608072b17d3caf2f161936681b5860fec7
<PROJECT_ROOT>\post_review_generalization_expansion_v1\06_g6_frozen_formal_execution\raw\000135_A_A_AA0_eth_call.json,0e130ce13d118919e158670e8e5b15b635deb7d0d2d8d2b944e91f60ec7d928a
<PROJECT_ROOT>\post_review_generalization_expansion_v1\06_g6_frozen_formal_execution\raw\000136_A_A_AA0_eth_call.json,1cd9c7da5cf01fd4eaf43c04980bad7f5366b72e095222cca8973b789ab4a91f
<PROJECT_ROOT>\post_review_generalization_expansion_v1\06_g6_frozen_formal_execution\raw\000137_A_A_AA0_eth_call.json,b5dfca57f2c8e936f9f5282434e9663ac5d22f3e15ee6efbc2411e4f04dd5fd7
<PROJECT_ROOT>\post_review_generalization_expansion_v1\06_g6_frozen_formal_execution\raw\000138_A_A_AA0_eth_call.json,682736bddfc1a6a8cf32de5338b68a305fe8ddb4317c2ccb78e51a8dbed946ac
<PROJECT_ROOT>\post_review_generalization_expansion_v1\06_g6_frozen_formal_execution\raw\000139_A_A_AA0_eth_call.json,b4878390d0ac77dc744e96c8600a21ed1a1a4cf3dd2f402aa4b9c0185d09b0ab
<PROJECT_ROOT>\post_review_generalization_expansion_v1\06_g6_frozen_formal_execution\raw\000140_A_A_AA0_eth_getBlockByNumber.json,9f78bb485fc5b3bf7b00f8af1cfa13631d0ef7d210a69ea9fd929d81f1fb4a25
<PROJECT_ROOT>\post_review_generalization_expansion_v1\06_g6_frozen_formal_execution\raw\000141_A_A_AA1_eth_call.json,efb518931c04d6b1d49715d6759ebe7b66e3906f9cbdbf12f0e700062c712226
<PROJECT_ROOT>\post_review_generalization_expansion_v1\06_g6_frozen_formal_execution\raw\000142_A_A_AA1_evm_setNextBlockTimestamp.json,22447ca67fdd1699cf4ad8514f5fce7ecf89b4fe9e69597dfbb97d8770742a48
<PROJECT_ROOT>\post_review_generalization_expansion_v1\06_g6_frozen_formal_execution\raw\000143_A_A_AA1_evm_mine.json,484a1a5cf1feb1af9f7416e2869836e5ac63b5e58b35b59152afd4e065ebc25e
<PROJECT_ROOT>\post_review_generalization_expansion_v1\06_g6_frozen_formal_execution\raw\000144_A_A_AA1_hardhat_setCode.json,aa83d54c22776a1792398ca3d66f9c6594e6c4ceaf989f63744d59539afae54f
<PROJECT_ROOT>\post_review_generalization_expansion_v1\06_g6_frozen_formal_execution\raw\000145_A_A_AA1_eth_call.json,96edef90579017d0ecd6aee2c44964d32956b020ba5479d9753c7a393a618839
<PROJECT_ROOT>\post_review_generalization_expansion_v1\06_g6_frozen_formal_execution\raw\000146_A_A_AA1_eth_call.json,18b0b70818fda9ed8e667bff2d97941e674039de56fb189f3bfdba209fa2668a
<PROJECT_ROOT>\post_review_generalization_expansion_v1\06_g6_frozen_formal_execution\raw\000147_A_A_AA1_eth_call.json,239f8c43097bc379b09c8311b294d051f0ab8dba05243b7341c19158d10615fd
<PROJECT_ROOT>\post_review_generalization_expansion_v1\06_g6_frozen_formal_execution\raw\000148_A_A_AA1_eth_call.json,edc3dd857db321f7f0caac8364b7f713f5bd003ec6538e1ac8ea3dd93810acd0
<PROJECT_ROOT>\post_review_generalization_expansion_v1\06_g6_frozen_formal_execution\raw\000149_A_A_AA1_eth_call.json,f658af2a063e07371597fa4291d9f3d3d8157f26bb93dff9246e413990a0223a
<PROJECT_ROOT>\post_review_generalization_expansion_v1\06_g6_frozen_formal_execution\raw\000150_A_A_AA1_eth_call.json,f6296a06246cbbbf3812b0ea7642f7ef898baad9f1bb857bf1ce8feb30c7486d
<PROJECT_ROOT>\post_review_generalization_expansion_v1\06_g6_frozen_formal_execution\raw\000151_A_A_AA1_eth_call.json,7a0bebcaa4afdef484ab0f88de8901518d01a66e9f7591e15a1329b8a2a8c380
<PROJECT_ROOT>\post_review_generalization_expansion_v1\06_g6_frozen_formal_execution\raw\000152_A_A_AA1_eth_call.json,1d592e4ebcaf15bad862eb870dae0e1b49167d9cd4813fcaa4b3b334ddf525cf
<PROJECT_ROOT>\post_review_generalization_expansion_v1\06_g6_frozen_formal_execution\raw\000153_A_A_AA1_debug_traceCall.json,f083eb0f21322efd8d1ee3d54b725977baf0d208c92564919cf9e6bc750e3a0b
<PROJECT_ROOT>\post_review_generalization_expansion_v1\06_g6_frozen_formal_execution\raw\000154_A_A_AA1_eth_call.json,d063a5bd751c7cdf944214e594e47407d7b303c4ffe3d0be9b03494aeeccae41
<PROJECT_ROOT>\post_review_generalization_expansion_v1\06_g6_frozen_formal_execution\raw\000155_A_A_AA1_eth_call.json,56d47d5c60ca2166dfcbe7085a354299b83a942846f6f41104a7299ca1ae1956
<PROJECT_ROOT>\post_review_generalization_expansion_v1\06_g6_frozen_formal_execution\raw\000156_A_A_AA1_eth_call.json,377ef01d4202a7671a5b65c631051a6faeb629f2be59ff56fe13c3ff14f9736b
<PROJECT_ROOT>\post_review_generalization_expansion_v1\06_g6_frozen_formal_execution\raw\000157_A_A_AA1_eth_call.json,ac6a6bc2c5c5db165ed8599d833c47cb6c8a0e7fa13569a37b5f885731c5cc89
<PROJECT_ROOT>\post_review_generalization_expansion_v1\06_g6_frozen_formal_execution\raw\000158_A_A_AA1_eth_call.json,a1f4635529fb36e27a959c9fc8d63a795c252a867ce9eb04202c4f06a073ef7b
<PROJECT_ROOT>\post_review_generalization_expansion_v1\06_g6_frozen_formal_execution\raw\000159_A_A_AA1_eth_call.json,5befdac0d10ade73226613c3b47575e5f36ead041c41229babedba0df9caa7e3
<PROJECT_ROOT>\post_review_generalization_expansion_v1\06_g6_frozen_formal_execution\raw\000160_A_A_AA1_eth_call.json,087b5df0bf484b3e3ab3f31276ff80d05a58bf7ff467044b4cd5bdb0ca8873c5
<PROJECT_ROOT>\post_review_generalization_expansion_v1\06_g6_frozen_formal_execution\raw\000161_A_A_AA1_eth_call.json,6aaab906e12eed3aab952211447b046bbe5c5ba047062c0ff834db6a2d051525
<PROJECT_ROOT>\post_review_generalization_expansion_v1\06_g6_frozen_formal_execution\raw\000162_A_A_AA1_eth_getBlockByNumber.json,2cce63e6d6e0f9e70444b6ede288b934e3732313c355cff4e55af735adc4dbf8
<PROJECT_ROOT>\post_review_generalization_expansion_v1\06_g6_frozen_formal_execution\raw\000163_A_A_AA2_eth_call.json,8103e02041115a1d4d6a34369675de4982188d83e692a2f6c14fd5de55d6d5aa
<PROJECT_ROOT>\post_review_generalization_expansion_v1\06_g6_frozen_formal_execution\raw\000164_A_A_AA2_evm_setNextBlockTimestamp.json,19bd087f0a796b35cdbe117ef62c677205ed2a64411e8f508d8b1ea1f953ef88
<PROJECT_ROOT>\post_review_generalization_expansion_v1\06_g6_frozen_formal_execution\raw\000165_A_A_AA2_evm_mine.json,7bfdbeb088ccd6a6545c252ed4a7a58d9abd21587cc62a302c8af27de5f435a2
<PROJECT_ROOT>\post_review_generalization_expansion_v1\06_g6_frozen_formal_execution\raw\000166_A_A_AA2_hardhat_setCode.json,54bcfd2cd96f1774c0d01ddfc330ca64077fa606d483ab5bf62290537b7c750b
<PROJECT_ROOT>\post_review_generalization_expansion_v1\06_g6_frozen_formal_execution\raw\000167_A_A_AA2_eth_call.json,d1a2f1d41a9ec8bf1376172f1c52853596e5646d36e1238147176e6cce7b6038
<PROJECT_ROOT>\post_review_generalization_expansion_v1\06_g6_frozen_formal_execution\raw\000168_A_A_AA2_eth_call.json,046c38e14c3e744ab667ae840379b7202239ff1f1b0e3f741e4035abc70c86d5
<PROJECT_ROOT>\post_review_generalization_expansion_v1\06_g6_frozen_formal_execution\raw\000169_A_A_AA2_eth_call.json,7fa5352d1b0a7e6608ba0f2fe7418e92dcceaa93d8bcd4a5e2094ca4fb14b868
<PROJECT_ROOT>\post_review_generalization_expansion_v1\06_g6_frozen_formal_execution\raw\000170_A_A_AA2_eth_call.json,772be06a3a5b9c14c6cab3ff5c151f130290b1fa041324dcc6277d8f3d4465fc
<PROJECT_ROOT>\post_review_generalization_expansion_v1\06_g6_frozen_formal_execution\raw\000171_A_A_AA2_eth_call.json,19035ae01995b0049ce565009ce7be138c21f08ec7e6360a21ebe57aee9938ae
<PROJECT_ROOT>\post_review_generalization_expansion_v1\06_g6_frozen_formal_execution\raw\000172_A_A_AA2_eth_call.json,5f57ed902300ccc6f353d6585bc941b6e34a917cc1780b0fb93863a28e5caa2a
<PROJECT_ROOT>\post_review_generalization_expansion_v1\06_g6_frozen_formal_execution\raw\000173_A_A_AA2_eth_call.json,2d33154db4f89b1d12ce79f8d8958854dc499edd9fd97f905a37e0e985b4117a
<PROJECT_ROOT>\post_review_generalization_expansion_v1\06_g6_frozen_formal_execution\raw\000174_A_A_AA2_eth_call.json,645aa06feb1a7b519eff0024efc142e8314f5ccc19b0e827bfe6a479a3c0d4a2
<PROJECT_ROOT>\post_review_generalization_expansion_v1\06_g6_frozen_formal_execution\raw\000175_A_A_AA2_debug_traceCall.json,d2ab96b03cd090d8d34fb03d58372d307660e749ad78ce777b4083bb2c9272f2
<PROJECT_ROOT>\post_review_generalization_expansion_v1\06_g6_frozen_formal_execution\raw\000176_A_A_AA2_eth_call.json,5cb58793227cfa223c7ad5b6020194b7f84cb64e501c699f93c0bd2a21669700
<PROJECT_ROOT>\post_review_generalization_expansion_v1\06_g6_frozen_formal_execution\raw\000177_A_A_AA2_eth_call.json,5a40d3313e1730087ef6007e8aad6444b39c443622149d2c95e978d379670054
<PROJECT_ROOT>\post_review_generalization_expansion_v1\06_g6_frozen_formal_execution\raw\000178_A_A_AA2_eth_call.json,7723610db4f7c3903199d971463df1d4e73790574c038f469ba899c019923bc3
<PROJECT_ROOT>\post_review_generalization_expansion_v1\06_g6_frozen_formal_execution\raw\000179_A_A_AA2_eth_call.json,70b4bcf07b8d32c52dc795aab6949f21c755ba75ae4bae4d9902a4602cf88db7
<PROJECT_ROOT>\post_review_generalization_expansion_v1\06_g6_frozen_formal_execution\raw\000180_A_A_AA2_eth_call.json,e9a3660941322958c928e072b072e70057213f2924cc23f1e7b671a45deaa8a1
<PROJECT_ROOT>\post_review_generalization_expansion_v1\06_g6_frozen_formal_execution\raw\000181_A_A_AA2_eth_call.json,60b5a2a4fe0dfafdb03d1634e2625b5fb26fa04a5fa2626a166bee4418b76b52
<PROJECT_ROOT>\post_review_generalization_expansion_v1\06_g6_frozen_formal_execution\raw\000182_A_A_AA2_eth_call.json,d32f0cf5f1543bbad99b2b3ebee0d69622d7303d6b2636593ae68081d2fc0690
<PROJECT_ROOT>\post_review_generalization_expansion_v1\06_g6_frozen_formal_execution\raw\000183_A_A_AA2_eth_call.json,ee52b5707dc343fedd002a56211fd5ce930d3eb38371b8d415d42f88d13f010a
<PROJECT_ROOT>\post_review_generalization_expansion_v1\06_g6_frozen_formal_execution\raw\000184_A_A_AA2_eth_getBlockByNumber.json,3a9d1178ce035ccbe87227873ceb7aa4953ea65be6bf71212965c0af473af87e
<PROJECT_ROOT>\post_review_generalization_expansion_v1\06_g6_frozen_formal_execution\raw\000185_A_A_AA3_evm_setNextBlockTimestamp.json,655701f3311fc08e0823623014b89cf51000273d2da462472aa59ec05ed109b6
<PROJECT_ROOT>\post_review_generalization_expansion_v1\06_g6_frozen_formal_execution\raw\000186_A_A_AA3_eth_sendTransaction.json,73b47fb4943eefe558dc316a4f0a6158cb7f5a97eb6bf7083ecd686d645d6b72
<PROJECT_ROOT>\post_review_generalization_expansion_v1\06_g6_frozen_formal_execution\raw\000187_A_A_AA3_eth_getTransactionReceipt.json,1583bcbe935e1804396720517396d824e99b2a2702a6f66c3cb796857403bf07
<PROJECT_ROOT>\post_review_generalization_expansion_v1\06_g6_frozen_formal_execution\raw\000188_A_A_AA3_hardhat_setCode.json,2416c3d9c6092970b6e18061fec027631a168e7f8f43ca2956307db060f3743d
<PROJECT_ROOT>\post_review_generalization_expansion_v1\06_g6_frozen_formal_execution\raw\000189_A_A_AA3_eth_call.json,a8d6c8722e769634b95b755103617469e799a7363d6c5b0f4e01055a0620826c
<PROJECT_ROOT>\post_review_generalization_expansion_v1\06_g6_frozen_formal_execution\raw\000190_A_A_AA3_eth_call.json,10163bf1b9fd57df59686a16b2c5b97e175d5dd70b8aef74cbfaf9e7463179f3
<PROJECT_ROOT>\post_review_generalization_expansion_v1\06_g6_frozen_formal_execution\raw\000191_A_A_AA3_eth_call.json,db26f3c7d6874f9ea83f9460c40d59f202aab77e16f47f36f04327d3f61b452c
<PROJECT_ROOT>\post_review_generalization_expansion_v1\06_g6_frozen_formal_execution\raw\000192_A_A_AA3_eth_call.json,62eb0f22c837acab1e9cde1a10df91a44328ccbaef271f8df4950341ee49c60a
<PROJECT_ROOT>\post_review_generalization_expansion_v1\06_g6_frozen_formal_execution\raw\000193_A_A_AA3_eth_call.json,ffac351e524fdfbeaa60eaa7e2c576da9a2a13e6b8976601445fc3936f1d216b
<PROJECT_ROOT>\post_review_generalization_expansion_v1\06_g6_frozen_formal_execution\raw\000194_A_A_AA3_eth_call.json,1ea0b73501a8ba5a1385077630c55fa7366fa1d9a3a31e9843edc961f16f3691
<PROJECT_ROOT>\post_review_generalization_expansion_v1\06_g6_frozen_formal_execution\raw\000195_A_A_AA3_eth_call.json,322f69dc6661be1e742ac7b6947b047a3f8a5c54b8b7c2dbeba51d63abb8aec0
<PROJECT_ROOT>\post_review_generalization_expansion_v1\06_g6_frozen_formal_execution\raw\000196_A_A_AA3_eth_call.json,e1cdd77d44c16aada43158e45b593367ee01785fdded06e550f117fb1282e30f
<PROJECT_ROOT>\post_review_generalization_expansion_v1\06_g6_frozen_formal_execution\raw\000197_A_A_AA3_debug_traceCall.json,7923b8b43a4dc83903ed69ee2d005d003f94b22a3db54ff243bc0590c2d797bf
<PROJECT_ROOT>\post_review_generalization_expansion_v1\06_g6_frozen_formal_execution\raw\000198_A_A_AA3_eth_call.json,fcebe21c3a5e2de824885479da80fc4ef91ece9b7772fc4f0e6924d731c7839d
<PROJECT_ROOT>\post_review_generalization_expansion_v1\06_g6_frozen_formal_execution\raw\000199_A_A_AA3_eth_call.json,204c58b3fec102f4bc8876b70f3e7a6abfe0b3baf02abe1bad4f3dfaef0d2599
<PROJECT_ROOT>\post_review_generalization_expansion_v1\06_g6_frozen_formal_execution\raw\000200_A_A_AA3_eth_call.json,732be604e346895b32ecc89416c273c4d24a3b0f3a1bc5e895e34620827ec713
<PROJECT_ROOT>\post_review_generalization_expansion_v1\06_g6_frozen_formal_execution\raw\000201_A_A_AA3_eth_call.json,b7fe3b657c6d501cdece7f01075bc5982c1028d2a316d9b591cfedae21831e33
<PROJECT_ROOT>\post_review_generalization_expansion_v1\06_g6_frozen_formal_execution\raw\000202_A_A_AA3_eth_call.json,05f9607b518f49e575f93392a031235adbf4eced9488fa1267b27fa632a08a00
<PROJECT_ROOT>\post_review_generalization_expansion_v1\06_g6_frozen_formal_execution\raw\000203_A_A_AA3_eth_call.json,8363e8d6d94b875128b0c76fcbdd53a339d8f08c62c55a6e946b06a702c88fd0
<PROJECT_ROOT>\post_review_generalization_expansion_v1\06_g6_frozen_formal_execution\raw\000204_A_A_AA3_eth_call.json,b4bcc56986a47b324f883e913fc0c2f956e5e8eb247cd5baf8f3841b4c86ed9c
<PROJECT_ROOT>\post_review_generalization_expansion_v1\06_g6_frozen_formal_execution\raw\000205_A_A_AA3_eth_call.json,ce3cca210c6a8a4415fdbd57f07065bc0a690838fb536b93499575111a7b2bb3
<PROJECT_ROOT>\post_review_generalization_expansion_v1\06_g6_frozen_formal_execution\raw\000206_A_A_AA3_eth_getBlockByNumber.json,d2cdf3724e2795d2ff5e1d205e677d74498b46e4c17483cffd5d2361c72b25c4
<PROJECT_ROOT>\post_review_generalization_expansion_v1\06_g6_frozen_formal_execution\raw\000207_A_A_AA4_evm_setNextBlockTimestamp.json,4343d57b1dc89eb40cf844fc4f99f027533c2b1d084e7f062d05efb951201771
<PROJECT_ROOT>\post_review_generalization_expansion_v1\06_g6_frozen_formal_execution\raw\000208_A_A_AA4_eth_sendTransaction.json,a906d4eaa9115c1f3806e54accbb13226333362943d54d32612c0f4b23c84bfa
<PROJECT_ROOT>\post_review_generalization_expansion_v1\06_g6_frozen_formal_execution\raw\000209_A_A_AA4_eth_getTransactionReceipt.json,2dd093da868afa54a472ecfd7f348fcd8502a62f71efd17ae63c736f72399c48
<PROJECT_ROOT>\post_review_generalization_expansion_v1\06_g6_frozen_formal_execution\raw\000210_A_A_AA4_hardhat_setCode.json,3b5dbc54e2a61ba6677d3751567f3497e3640ffda71cb39072c200bf6a8211e6
<PROJECT_ROOT>\post_review_generalization_expansion_v1\06_g6_frozen_formal_execution\raw\000211_A_A_AA4_eth_call.json,437ed333eb44973e07cbad34965203977576589c4d775c636c5547a42fefcce6
<PROJECT_ROOT>\post_review_generalization_expansion_v1\06_g6_frozen_formal_execution\raw\000212_A_A_AA4_eth_call.json,40806c361594cbdd7d4f09034376161027b7ac9f799db4f4292e99271ce2d7c5
<PROJECT_ROOT>\post_review_generalization_expansion_v1\06_g6_frozen_formal_execution\raw\000213_A_A_AA4_eth_call.json,f995390011997814db09f9ca89a53ff9eb3ac91ac414a789e482695d43547897
<PROJECT_ROOT>\post_review_generalization_expansion_v1\06_g6_frozen_formal_execution\raw\000214_A_A_AA4_eth_call.json,2096e38c41f8495a13675bc524548069c7b8721d52a7ab6f11d6d787180ce501
<PROJECT_ROOT>\post_review_generalization_expansion_v1\06_g6_frozen_formal_execution\raw\000215_A_A_AA4_eth_call.json,a94bec396bce7a1f1b5308cee604edb439aa0145c6c94caf8aeea9fedfca7285
<PROJECT_ROOT>\post_review_generalization_expansion_v1\06_g6_frozen_formal_execution\raw\000216_A_A_AA4_eth_call.json,e4d36f90e424434f11bff07ce46fc721344738910464d2e49397c56f910dc83b
<PROJECT_ROOT>\post_review_generalization_expansion_v1\06_g6_frozen_formal_execution\raw\000217_A_A_AA4_eth_call.json,2fa2b00ac8d0e9825751cb9263d74e654767087ea402d64782da2b79dfaecf4f
<PROJECT_ROOT>\post_review_generalization_expansion_v1\06_g6_frozen_formal_execution\raw\000218_A_A_AA4_eth_call.json,aded2a78695d32a5e2d5398e4f649b25758e57ed3656822ac5d7e5b79d821cd6
<PROJECT_ROOT>\post_review_generalization_expansion_v1\06_g6_frozen_formal_execution\raw\000219_A_A_AA4_debug_traceCall.json,6f43134b87acbb70741c1bb488959d4f9af9d1abd65016636ebe78fa34d9d43c
<PROJECT_ROOT>\post_review_generalization_expansion_v1\06_g6_frozen_formal_execution\raw\000220_A_A_AA4_eth_call.json,ac04c6278d83cf803af59d993ed4bb7a8ef6a45c4a80e85d4212a10b57ff566f
<PROJECT_ROOT>\post_review_generalization_expansion_v1\06_g6_frozen_formal_execution\raw\000221_A_A_AA4_eth_call.json,906c17ddd4eb550085559aa599852ebfd38a4229f89425cfde8e1f7ebf22a79f
<PROJECT_ROOT>\post_review_generalization_expansion_v1\06_g6_frozen_formal_execution\raw\000222_A_A_AA4_eth_call.json,f035decf947fc08dedfb441c012a6c7c4eed9e95e76d8c967d53e7c6c4fb5cf6
<PROJECT_ROOT>\post_review_generalization_expansion_v1\06_g6_frozen_formal_execution\raw\000223_A_A_AA4_eth_call.json,6ba8437a1d22416ea254b6475f63353210ae816b9a9cb2df3a21329000c82fda
<PROJECT_ROOT>\post_review_generalization_expansion_v1\06_g6_frozen_formal_execution\raw\000224_A_A_AA4_eth_call.json,c26ab92c1c6310000401cbae0a5ef030b962de446d2b059db152018c69437f54
<PROJECT_ROOT>\post_review_generalization_expansion_v1\06_g6_frozen_formal_execution\raw\000225_A_A_AA4_eth_call.json,7b0bb62088af6b176500f9c923cb91ef317278e0a067caf881d9d3d016431146
<PROJECT_ROOT>\post_review_generalization_expansion_v1\06_g6_frozen_formal_execution\raw\000226_A_A_AA4_eth_call.json,d6b0ecf2ec4bfce9dfc36ec1655aab671573b56c892dddaaffd39ad68a12059b
<PROJECT_ROOT>\post_review_generalization_expansion_v1\06_g6_frozen_formal_execution\raw\000227_A_A_AA4_eth_call.json,c5a1476f82770700c4d2479141b915f0fcc0873307ef8fdc46ae4102c74955ee
<PROJECT_ROOT>\post_review_generalization_expansion_v1\06_g6_frozen_formal_execution\raw\000228_A_A_AA4_eth_getBlockByNumber.json,ff9c7325002954758053cb453179af0a5a56357eecfee9dbc683a74db27e2df3
<PROJECT_ROOT>\post_review_generalization_expansion_v1\06_g6_frozen_formal_execution\raw\000229_A_B_RESET_hardhat_reset.json,ed21d71922bd6bb9e29613c9042c3fd99b454a6bac8fd54cdf48c6f3845d6959
<PROJECT_ROOT>\post_review_generalization_expansion_v1\06_g6_frozen_formal_execution\raw\000230_A_B_RESET_eth_getBlockByNumber.json,767b4f368b37101c250a4048543b15f605bfd84b6daee008abc08810bcbdcbc3
<PROJECT_ROOT>\post_review_generalization_expansion_v1\06_g6_frozen_formal_execution\raw\000231_A_B_RESET_hardhat_impersonateAccount.json,8a42e95d6ca2b67d91cb4e5ee229f4e805a68f15063a6dac4cc74a280bf560c4
<PROJECT_ROOT>\post_review_generalization_expansion_v1\06_g6_frozen_formal_execution\raw\000232_A_B_RESET_hardhat_setBalance.json,492ab8ed37957102e2346a145db7bf1de66dacc863b62d6554f5a56ab3ed52b9
<PROJECT_ROOT>\post_review_generalization_expansion_v1\06_g6_frozen_formal_execution\raw\000233_A_B_RESET_hardhat_impersonateAccount.json,d260b75fcf138fc4a48d56ef4d5bb6c00e2d0ff75ae0d2b52da402365ce788a0
<PROJECT_ROOT>\post_review_generalization_expansion_v1\06_g6_frozen_formal_execution\raw\000234_A_B_RESET_hardhat_setBalance.json,9104c8cb7efa674472c946f5bf73de105a38bd0ef47b4eacc80bfe1ef77ea6a9
<PROJECT_ROOT>\post_review_generalization_expansion_v1\06_g6_frozen_formal_execution\raw\000235_A_B_RESET_hardhat_impersonateAccount.json,6dacb4b8123c094e130fe7349a095bf147b79cf7319996a78aa78b01b8fa4464
<PROJECT_ROOT>\post_review_generalization_expansion_v1\06_g6_frozen_formal_execution\raw\000236_A_B_RESET_hardhat_setBalance.json,038450e582818f074fad333a03991556892ff4cb896d18bedf80115d780810bf
<PROJECT_ROOT>\post_review_generalization_expansion_v1\06_g6_frozen_formal_execution\raw\000237_A_B_RESET_eth_getBlockByNumber.json,782533b56b9fbf85d49f69842998570d3802774e1fc511e89277ffe090c9aaef
<PROJECT_ROOT>\post_review_generalization_expansion_v1\06_g6_frozen_formal_execution\raw\000238_A_B_AB0_evm_setNextBlockTimestamp.json,409ed6038c7157457a5c363f6a984cf8513cb255f036d4a73e726890cfe0fa86
<PROJECT_ROOT>\post_review_generalization_expansion_v1\06_g6_frozen_formal_execution\raw\000239_A_B_AB0_eth_sendTransaction.json,718b91e2b08d9ac6155c34336f414ff0344a9fdbda479a8d7b70e7e473d1ab05
<PROJECT_ROOT>\post_review_generalization_expansion_v1\06_g6_frozen_formal_execution\raw\000240_A_B_AB0_eth_getTransactionReceipt.json,f9ce7d1763bcf41dbbbb3b408745b45536dd7ea1a12df38a35f3b9c733b7ee2c
<PROJECT_ROOT>\post_review_generalization_expansion_v1\06_g6_frozen_formal_execution\raw\000241_A_B_AB0_evm_setNextBlockTimestamp.json,1c1b175eb29b8736cf4a6fd03b4d42160e438f1118349a9f9033bb30eff14534
<PROJECT_ROOT>\post_review_generalization_expansion_v1\06_g6_frozen_formal_execution\raw\000242_A_B_AB0_eth_sendTransaction.json,5c546d9ddebd47c4550ddfc6aadb69d89f9f6127e25d5bd56ef8ae5272914223
<PROJECT_ROOT>\post_review_generalization_expansion_v1\06_g6_frozen_formal_execution\raw\000243_A_B_AB0_eth_getTransactionReceipt.json,a1e9cb249a85ebce39a6f15f4d1dcc126cd5306bfa51d3706fac0ecf6ef4cb97
<PROJECT_ROOT>\post_review_generalization_expansion_v1\06_g6_frozen_formal_execution\raw\000244_A_B_AB0_hardhat_setCode.json,24f8d3413bb608d2651868ecacb5d5f354fd6beae7cc838ef4d3b1f24af38485
<PROJECT_ROOT>\post_review_generalization_expansion_v1\06_g6_frozen_formal_execution\raw\000245_A_B_AB0_eth_call.json,2d1553c9f4ed2c0aa13b7821e118d2de026f40a07d3aab2450201841e10bbb82
<PROJECT_ROOT>\post_review_generalization_expansion_v1\06_g6_frozen_formal_execution\raw\000246_A_B_AB0_eth_call.json,1114b13b34c9c820ea931375f0997d796f25c6cbcbcc1d018a90553028789c0c
<PROJECT_ROOT>\post_review_generalization_expansion_v1\06_g6_frozen_formal_execution\raw\000247_A_B_AB0_eth_call.json,44ae0ecb29fc84108dddae5d91613c03ba44b7d0e51df2669d3b50e79deb06b2
<PROJECT_ROOT>\post_review_generalization_expansion_v1\06_g6_frozen_formal_execution\raw\000248_A_B_AB0_eth_call.json,99b3b7f8a498ab2e16cf9091543484f1b215bd428cd047a9ae03b49cb4d99c86
<PROJECT_ROOT>\post_review_generalization_expansion_v1\06_g6_frozen_formal_execution\raw\000249_A_B_AB0_eth_call.json,07377b619f370bdedf12e2ba199eecf85407be0240042088aad977d207d8242a
<PROJECT_ROOT>\post_review_generalization_expansion_v1\06_g6_frozen_formal_execution\raw\000250_A_B_AB0_eth_call.json,2f1a1f6539e462de8d8eb353c6f9d908680e0f952d75060a73f8d67ad3c410ae
<PROJECT_ROOT>\post_review_generalization_expansion_v1\06_g6_frozen_formal_execution\raw\000251_A_B_AB0_eth_call.json,5ae3193aa65eeff12d72b244c96e965d3d820b3d61387689e7a6edb619408273
<PROJECT_ROOT>\post_review_generalization_expansion_v1\06_g6_frozen_formal_execution\raw\000252_A_B_AB0_eth_call.json,b95f6dbc22b8cf06244411a13ad5a38b29ff65d781ce6a66914398e68ac202b0
<PROJECT_ROOT>\post_review_generalization_expansion_v1\06_g6_frozen_formal_execution\raw\000253_A_B_AB0_debug_traceCall.json,88257578641ce32ff94ec37f05d20216c9943b00c20b38d5888d4f79cc2aaf49
<PROJECT_ROOT>\post_review_generalization_expansion_v1\06_g6_frozen_formal_execution\raw\000254_A_B_AB0_eth_call.json,6ad8dd231c35737d57f832adc34df8c047d643f28fd3e1cb9e7cc65959fbfce9
<PROJECT_ROOT>\post_review_generalization_expansion_v1\06_g6_frozen_formal_execution\raw\000255_A_B_AB0_eth_call.json,280f78d5eedd416a7e210f68cb26b7ef41ca66bd77048467056953aa9998aa9a
<PROJECT_ROOT>\post_review_generalization_expansion_v1\06_g6_frozen_formal_execution\raw\000256_A_B_AB0_eth_call.json,1133ff8ba897016f5fdf819ccd7d62cc2d2ac3f304564b0a9c5cf35220546fd9
<PROJECT_ROOT>\post_review_generalization_expansion_v1\06_g6_frozen_formal_execution\raw\000257_A_B_AB0_eth_call.json,f9e7f698df520d438937a2938704d6aedd7093b6bf781b0980f20c590a4ec033
<PROJECT_ROOT>\post_review_generalization_expansion_v1\06_g6_frozen_formal_execution\raw\000258_A_B_AB0_eth_call.json,2065e39554d0ea8d5552a39238e53af5bcdbce848c16923aba0451e13616d0c4
<PROJECT_ROOT>\post_review_generalization_expansion_v1\06_g6_frozen_formal_execution\raw\000259_A_B_AB0_eth_call.json,65aef8793a2add286d6ddb4d723fbb54f2abe5eaf92a12f5939096aea6f31d98
<PROJECT_ROOT>\post_review_generalization_expansion_v1\06_g6_frozen_formal_execution\raw\000260_A_B_AB0_eth_call.json,adc2e71b8caf88f29ec7c2ef3cd2c6d67b5ca07992a63a303db0a81ec5226632
<PROJECT_ROOT>\post_review_generalization_expansion_v1\06_g6_frozen_formal_execution\raw\000261_A_B_AB0_eth_call.json,c5cac9f812ff0bd64e787613ded0e69e428163c150d552aa02d7b077d52d3137
<PROJECT_ROOT>\post_review_generalization_expansion_v1\06_g6_frozen_formal_execution\raw\000262_A_B_AB0_eth_getBlockByNumber.json,fdd74a1e2236e24d441ff0d63445cb4124c66c8ddf09ea6a233b3c3d63b3a792
<PROJECT_ROOT>\post_review_generalization_expansion_v1\06_g6_frozen_formal_execution\raw\000263_A_B_AB1_eth_call.json,f20ee0567fb7ff0f7866bb8fcee1595b505e1c42fb9f5a556001d6ce31a139ad
<PROJECT_ROOT>\post_review_generalization_expansion_v1\06_g6_frozen_formal_execution\raw\000264_A_B_AB1_evm_setNextBlockTimestamp.json,a10443d8cb0a12c0d7c4d86bfbff9ed99b81dd2c843942c969018fce30ff5c22
<PROJECT_ROOT>\post_review_generalization_expansion_v1\06_g6_frozen_formal_execution\raw\000265_A_B_AB1_evm_mine.json,cae6676168f0eb1a461e33102c17b9101529b413effdb80c61543e9a83e6540c
<PROJECT_ROOT>\post_review_generalization_expansion_v1\06_g6_frozen_formal_execution\raw\000266_A_B_AB1_hardhat_setCode.json,174786b3d75c0b39dbe63a996cf0136a9907a699fabdf12353b3a9954c163580
<PROJECT_ROOT>\post_review_generalization_expansion_v1\06_g6_frozen_formal_execution\raw\000267_A_B_AB1_eth_call.json,fd76b88f545b2dc900b01b4e1da5333492bbb0873d2a927b6423cc7405745cb8
<PROJECT_ROOT>\post_review_generalization_expansion_v1\06_g6_frozen_formal_execution\raw\000268_A_B_AB1_eth_call.json,8982c9d328198d7340d38a60a8d3368e1a91c0dfe0d7c9eade1f22ae8279866f
<PROJECT_ROOT>\post_review_generalization_expansion_v1\06_g6_frozen_formal_execution\raw\000269_A_B_AB1_eth_call.json,5e3c13ea1d206d6be181463c64e94a362bd69fdbc39bd65870e32ffb84c06333
<PROJECT_ROOT>\post_review_generalization_expansion_v1\06_g6_frozen_formal_execution\raw\000270_A_B_AB1_eth_call.json,9259b9861a2b2b0725dbb5089ea0e50be6bee584fbe2ad17a6d671c5a5e1b984
<PROJECT_ROOT>\post_review_generalization_expansion_v1\06_g6_frozen_formal_execution\raw\000271_A_B_AB1_eth_call.json,b54bdc4e8bd31d414edb162cdcfd823674f1f287aee217691b2c8bb7145cb079
<PROJECT_ROOT>\post_review_generalization_expansion_v1\06_g6_frozen_formal_execution\raw\000272_A_B_AB1_eth_call.json,4878cb5c1ee5c7bfe5188b4fa30044039089a02d642b6f7404f6ad3db4ad52b1
<PROJECT_ROOT>\post_review_generalization_expansion_v1\06_g6_frozen_formal_execution\raw\000273_A_B_AB1_eth_call.json,4658efc47eaa402e910b25582b25351b68941c516362f756b6962da35e1f4fe0
<PROJECT_ROOT>\post_review_generalization_expansion_v1\06_g6_frozen_formal_execution\raw\000274_A_B_AB1_eth_call.json,a5784447e8714bcd94aa09047c2f7dcf6b5cfb21530f4f11efe2fa895b20a81d
<PROJECT_ROOT>\post_review_generalization_expansion_v1\06_g6_frozen_formal_execution\raw\000275_A_B_AB1_debug_traceCall.json,96b1ab339cc8fcc74f92ea0090687d3258119a5bd8d608b912961ac33987e896
<PROJECT_ROOT>\post_review_generalization_expansion_v1\06_g6_frozen_formal_execution\raw\000276_A_B_AB1_eth_call.json,e370f3080ffecf129387fc2b69c878dbdaa5e9e0059e32d156afaab42b0db5ec
<PROJECT_ROOT>\post_review_generalization_expansion_v1\06_g6_frozen_formal_execution\raw\000277_A_B_AB1_eth_call.json,815af375480990b2bc97093957931728d28ecb4c3cdb7612f63e532e498343fd
<PROJECT_ROOT>\post_review_generalization_expansion_v1\06_g6_frozen_formal_execution\raw\000278_A_B_AB1_eth_call.json,d1be8cdeb231ef127296642a422fe73ff2b39933c727cb476ca7162d14f613dd
<PROJECT_ROOT>\post_review_generalization_expansion_v1\06_g6_frozen_formal_execution\raw\000279_A_B_AB1_eth_call.json,86efee475c76d9e279bcb140e8ea8c18cca3a06b3caa4b2f6ab9699a9eb7afb3
<PROJECT_ROOT>\post_review_generalization_expansion_v1\06_g6_frozen_formal_execution\raw\000280_A_B_AB1_eth_call.json,271a13b1d5071320ad4adcaf170f89e5dc54a71c22e274ea46f6a9132281a074
<PROJECT_ROOT>\post_review_generalization_expansion_v1\06_g6_frozen_formal_execution\raw\000281_A_B_AB1_eth_call.json,7ab4e4a39b8fc9858fbda74d640c50b851511e1f76da094633910bd69c1c62ce
<PROJECT_ROOT>\post_review_generalization_expansion_v1\06_g6_frozen_formal_execution\raw\000282_A_B_AB1_eth_call.json,cc7485c72166506ed8bd347ed8220ba6a088f9f69d16c7f8af35ea99d98a4cba
<PROJECT_ROOT>\post_review_generalization_expansion_v1\06_g6_frozen_formal_execution\raw\000283_A_B_AB1_eth_call.json,80c99f77c7f87c2439872639894c4540e5153b41f76d3d64898de46a1e1eccc3
<PROJECT_ROOT>\post_review_generalization_expansion_v1\06_g6_frozen_formal_execution\raw\000284_A_B_AB1_eth_getBlockByNumber.json,9674f2ad63cb717025bd4d844d57ead7b7e529ba93ee6de27da15f3b0c362fa5
<PROJECT_ROOT>\post_review_generalization_expansion_v1\06_g6_frozen_formal_execution\raw\000285_A_B_AB2_evm_setNextBlockTimestamp.json,a50bb6448bac32b35b090ba0bad86aa0a68e393ca8a20a26240c17100a055dd5
<PROJECT_ROOT>\post_review_generalization_expansion_v1\06_g6_frozen_formal_execution\raw\000286_A_B_AB2_eth_sendTransaction.json,e021a1a3cbaca8b9d0fcd7f02c0e0418770fe10bd28ba65f870390e555525147
<PROJECT_ROOT>\post_review_generalization_expansion_v1\06_g6_frozen_formal_execution\raw\000287_A_B_AB2_eth_getTransactionReceipt.json,e621fbb114f77716b92a97d2c186ecdb479a6f983ed37331dfa58806372b6e0c
<PROJECT_ROOT>\post_review_generalization_expansion_v1\06_g6_frozen_formal_execution\raw\000288_A_B_AB2_evm_setNextBlockTimestamp.json,ac28afc406a0bcc57864b5c8a1ff37a2dcb55c65c3cf50ef57e419bd99b2b780
<PROJECT_ROOT>\post_review_generalization_expansion_v1\06_g6_frozen_formal_execution\raw\000289_A_B_AB2_eth_sendTransaction.json,5807211e7fdb018f239322868aeadd1b7c1a0b8239330e4ac9588e7a6ba06f90
<PROJECT_ROOT>\post_review_generalization_expansion_v1\06_g6_frozen_formal_execution\raw\000290_A_B_AB2_eth_getTransactionReceipt.json,c2276107858017b6365841dfcb2239fb846be014202dc5b31d390ed3f34ca1cf
<PROJECT_ROOT>\post_review_generalization_expansion_v1\06_g6_frozen_formal_execution\raw\000291_A_B_AB2_hardhat_setCode.json,f5444976dbef0047249ce4bae59c3d9d47e5e8202e2f88989f2570cfef1972a9
<PROJECT_ROOT>\post_review_generalization_expansion_v1\06_g6_frozen_formal_execution\raw\000292_A_B_AB2_eth_call.json,ab583634f6b5119118aedd581206818c991c1a74221c3e653cad7f93952756e4
<PROJECT_ROOT>\post_review_generalization_expansion_v1\06_g6_frozen_formal_execution\raw\000293_A_B_AB2_eth_call.json,69065bc9504d98d7dcea666187c20b475945bb82fdeca4f93aa51407a9248f85
<PROJECT_ROOT>\post_review_generalization_expansion_v1\06_g6_frozen_formal_execution\raw\000294_A_B_AB2_eth_call.json,e28a0ff23c8a81bd7b7c6f444c1551902d8f68a907bced700048eb45c7cfb2a9
<PROJECT_ROOT>\post_review_generalization_expansion_v1\06_g6_frozen_formal_execution\raw\000295_A_B_AB2_eth_call.json,64da6a44c45c37ab0676d8d146e3fd0caab4b3b06b4b9a7b7e4639845aebd512
<PROJECT_ROOT>\post_review_generalization_expansion_v1\06_g6_frozen_formal_execution\raw\000296_A_B_AB2_eth_call.json,5f33987a3cf66ce16ddf99a98bd07b53678abb861a2963aa9d13a8cc792e8396
<PROJECT_ROOT>\post_review_generalization_expansion_v1\06_g6_frozen_formal_execution\raw\000297_A_B_AB2_eth_call.json,deb8ddb1ccc5dad289ee99f889c5317f6c8fe568db62e670078373343ad232a7
<PROJECT_ROOT>\post_review_generalization_expansion_v1\06_g6_frozen_formal_execution\raw\000298_A_B_AB2_eth_call.json,f21af16abd17a990dd0e925619d2be46242bbbfaae67fa453fdf2caa432461f2
<PROJECT_ROOT>\post_review_generalization_expansion_v1\06_g6_frozen_formal_execution\raw\000299_A_B_AB2_eth_call.json,2a48a837db1b7835629cd876ff3bacfbbd7929aedcf146359aa55f7c889e348b
<PROJECT_ROOT>\post_review_generalization_expansion_v1\06_g6_frozen_formal_execution\raw\000300_A_B_AB2_debug_traceCall.json,6c3835bb5f33f99a7b6ae3018b545f71e3434c7fa14d5e843929168d391918bc
<PROJECT_ROOT>\post_review_generalization_expansion_v1\06_g6_frozen_formal_execution\raw\000301_A_B_AB2_eth_call.json,e8e993f8a383fdd880a0602b5f7546a2c7b93d932aee44447190f5a17c710e7d
<PROJECT_ROOT>\post_review_generalization_expansion_v1\06_g6_frozen_formal_execution\raw\000302_A_B_AB2_eth_call.json,60def78ccbee87c8c90f69da07d091c8cfe8f8075979f02d8f41a587de439949
<PROJECT_ROOT>\post_review_generalization_expansion_v1\06_g6_frozen_formal_execution\raw\000303_A_B_AB2_eth_call.json,abe6e50d7d19cfcb9dd87c4a5eb3209288faa5ab73c6b565c7b0bc2e4923dd3f
<PROJECT_ROOT>\post_review_generalization_expansion_v1\06_g6_frozen_formal_execution\raw\000304_A_B_AB2_eth_call.json,45bcd9b2a209f4bc36a05e0c7d412984021940c9bc74811482fba846100d3307
<PROJECT_ROOT>\post_review_generalization_expansion_v1\06_g6_frozen_formal_execution\raw\000305_A_B_AB2_eth_call.json,639829fccc500c20f8e4789d4d0ad42dcf88c79dddc646be685898b1da5997b1
<PROJECT_ROOT>\post_review_generalization_expansion_v1\06_g6_frozen_formal_execution\raw\000306_A_B_AB2_eth_call.json,b9b09825da43829f9e8417e31e5b874edb51ce884475a096fcc8e127c0728765
<PROJECT_ROOT>\post_review_generalization_expansion_v1\06_g6_frozen_formal_execution\raw\000307_A_B_AB2_eth_call.json,48999cc7bf0f039e921b4a487e880759ce2c747076e2af8239239ab3ad64f77a
<PROJECT_ROOT>\post_review_generalization_expansion_v1\06_g6_frozen_formal_execution\raw\000308_A_B_AB2_eth_call.json,cfa616cfa3ecf02045decd66e7c1fbf6d88131d7cfb3716815aee1baeaca0814
<PROJECT_ROOT>\post_review_generalization_expansion_v1\06_g6_frozen_formal_execution\raw\000309_A_B_AB2_eth_getBlockByNumber.json,180227840e282bab97e6fa9d08d9122bd98686c423e6f545f8b897c802076171
<PROJECT_ROOT>\post_review_generalization_expansion_v1\06_g6_frozen_formal_execution\raw\000310_F_A_RESET_hardhat_reset.json,0d4280953b596ee5ba5062cf8ef39fd35afecbbbce12b9abb4044091b935bf22
<PROJECT_ROOT>\post_review_generalization_expansion_v1\06_g6_frozen_formal_execution\raw\000311_F_A_RESET_eth_getBlockByNumber.json,ef7476b758e8b73e9cd1a6cdacd80323e71679b09ff0473c6d115e30b13d2b11
<PROJECT_ROOT>\post_review_generalization_expansion_v1\06_g6_frozen_formal_execution\raw\000312_F_A_RESET_hardhat_impersonateAccount.json,30ac5ee9b5f8bedd6a22a9dccce8de9b04edaa1e66ddc110135ffe50a8f1e67a
<PROJECT_ROOT>\post_review_generalization_expansion_v1\06_g6_frozen_formal_execution\raw\000313_F_A_RESET_hardhat_setBalance.json,1a7bc97462a3dd83a3ab8a5b4518385813abe83b687911da85b2f0a953283603
<PROJECT_ROOT>\post_review_generalization_expansion_v1\06_g6_frozen_formal_execution\raw\000314_F_A_RESET_eth_getBlockByNumber.json,faa16e5fa055836a8aae08b8557223929413102c85d96d20bb28bfa870039a90
<PROJECT_ROOT>\post_review_generalization_expansion_v1\06_g6_frozen_formal_execution\raw\000315_F_A_RESET_evm_setNextBlockTimestamp.json,50af04581282acbe9475fcaf2b9ec43a074c12eb81f1943dfdfd073b5d01380f
<PROJECT_ROOT>\post_review_generalization_expansion_v1\06_g6_frozen_formal_execution\raw\000316_F_A_RESET_eth_sendTransaction.json,ca5ebbf5baeb240373f85bdc7f4b8378c031d5591ab350048bbef39160c1b11b
<PROJECT_ROOT>\post_review_generalization_expansion_v1\06_g6_frozen_formal_execution\raw\000317_F_A_RESET_eth_getTransactionReceipt.json,bb8dbfd875448c2be45f8216718df4d1a0c61cf1f87f884a01754fb3e87a761c
<PROJECT_ROOT>\post_review_generalization_expansion_v1\06_g6_frozen_formal_execution\raw\000318_F_A_RESET_evm_setNextBlockTimestamp.json,d219f4e3c1c92fc903802e5c2864c96e04ae5b881223ebd7a726767556b461c1
<PROJECT_ROOT>\post_review_generalization_expansion_v1\06_g6_frozen_formal_execution\raw\000319_F_A_RESET_eth_sendTransaction.json,fff384f2eb70825b5389bc519e71d9b90c85db5d64ff131754794d8f3a3661e4
<PROJECT_ROOT>\post_review_generalization_expansion_v1\06_g6_frozen_formal_execution\raw\000320_F_A_RESET_eth_getTransactionReceipt.json,a489f4917361b05aed6d98512879e70b245e079e4d4a6175e8db4676f2c48d11
<PROJECT_ROOT>\post_review_generalization_expansion_v1\06_g6_frozen_formal_execution\raw\000321_F_A_RESET_evm_setNextBlockTimestamp.json,c98d020ef0b9263a7b79115f8ace61a3bd37905209a8df7ffd7c500dfa4b55df
<PROJECT_ROOT>\post_review_generalization_expansion_v1\06_g6_frozen_formal_execution\raw\000322_F_A_RESET_eth_sendTransaction.json,86f17b070a4e6fed17deb5a002e5ac94d7786d1e1d48c9ea494e692401b78f9c
<PROJECT_ROOT>\post_review_generalization_expansion_v1\06_g6_frozen_formal_execution\raw\000323_F_A_RESET_eth_getTransactionReceipt.json,3cb313f3641a730619689c62f50dd6615d02d08c8c634802c5056639f2a61fc4
<PROJECT_ROOT>\post_review_generalization_expansion_v1\06_g6_frozen_formal_execution\raw\000324_F_A_RESET_evm_setNextBlockTimestamp.json,49b51f8bd543eca554efa9133dde4775dc9fb2cc8b771f9007d5ec8a72fc716d
<PROJECT_ROOT>\post_review_generalization_expansion_v1\06_g6_frozen_formal_execution\raw\000325_F_A_RESET_eth_sendTransaction.json,53e2e23955e7555df0ff6772a92c1ec9d9663904207996ae4d15ab16a543d578
<PROJECT_ROOT>\post_review_generalization_expansion_v1\06_g6_frozen_formal_execution\raw\000326_F_A_RESET_eth_getTransactionReceipt.json,cfb52ad8bc48b42275555db126792a37c3ca88d4e320cf2784db84f7d33f2743
<PROJECT_ROOT>\post_review_generalization_expansion_v1\06_g6_frozen_formal_execution\raw\000327_F_A_RESET_evm_setNextBlockTimestamp.json,c1709fd3efe27aa33d9630b996e8b1b9d4f3458d001465ec1d79aca5b4a7a5a2
<PROJECT_ROOT>\post_review_generalization_expansion_v1\06_g6_frozen_formal_execution\raw\000328_F_A_RESET_eth_sendTransaction.json,bc14997e8c27af7a32ace082d78a28b2a505126f33c67b325132909206f64c74
<PROJECT_ROOT>\post_review_generalization_expansion_v1\06_g6_frozen_formal_execution\raw\000329_F_A_RESET_eth_getTransactionReceipt.json,701a9221271cc62dc21c25f2db73a81aa8446402e1bb45f07b6deb9289d6c0c1
<PROJECT_ROOT>\post_review_generalization_expansion_v1\06_g6_frozen_formal_execution\raw\000330_F_A_RESET_evm_setNextBlockTimestamp.json,a479d36fe5cac3d88acd159a46d2798cd356f51dfab97f90533214bfb48ce8e1
<PROJECT_ROOT>\post_review_generalization_expansion_v1\06_g6_frozen_formal_execution\raw\000331_F_A_RESET_eth_sendTransaction.json,e03cb19bde200ea24d3594e7ec4e2e29c0d219c9ab574bd472ca1696fb68e20d
<PROJECT_ROOT>\post_review_generalization_expansion_v1\06_g6_frozen_formal_execution\raw\000332_F_A_RESET_eth_getTransactionReceipt.json,6f7e93aa2e12ac01e640bf3b6d07a7cf9d4da1790ba47ce202c2d041a9a099ef
<PROJECT_ROOT>\post_review_generalization_expansion_v1\06_g6_frozen_formal_execution\raw\000333_F_A_RESET_evm_setNextBlockTimestamp.json,0450da3d3dfbe39643052bb4a6b560206b439c36fe08563f869883ff9102bdc6
<PROJECT_ROOT>\post_review_generalization_expansion_v1\06_g6_frozen_formal_execution\raw\000334_F_A_RESET_eth_sendTransaction.json,be10223045d3adb2924cf0eba266a98c9719f4cf6166e2908e1ec5699f67a1fa
<PROJECT_ROOT>\post_review_generalization_expansion_v1\06_g6_frozen_formal_execution\raw\000335_F_A_RESET_eth_getTransactionReceipt.json,8c66c499c2e75c5ae1839a715a26792c0df485b96e884c243ea917f61c6c7b35
<PROJECT_ROOT>\post_review_generalization_expansion_v1\06_g6_frozen_formal_execution\raw\000336_F_A_RESET_evm_setNextBlockTimestamp.json,3b3d93371d22679e8a8c951a09dcc76eb81e2b68e52a6c89b8eef57b730c772f
<PROJECT_ROOT>\post_review_generalization_expansion_v1\06_g6_frozen_formal_execution\raw\000337_F_A_RESET_eth_sendTransaction.json,a74b8742da13f8e49e62e161b4d0e5bd5b895d48a0aeac7672374213ae297c06
<PROJECT_ROOT>\post_review_generalization_expansion_v1\06_g6_frozen_formal_execution\raw\000338_F_A_RESET_eth_getTransactionReceipt.json,fcf8738bf861c83b7a66cdf28f76938429827206eac9805f3a98e0a9f3483608
<PROJECT_ROOT>\post_review_generalization_expansion_v1\06_g6_frozen_formal_execution\raw\000339_F_A_RESET_evm_setNextBlockTimestamp.json,5e75f84e6bb9df94ab9b550189c136cbfc1d813b424ac1148f6d94272fe364a0
<PROJECT_ROOT>\post_review_generalization_expansion_v1\06_g6_frozen_formal_execution\raw\000340_F_A_RESET_eth_sendTransaction.json,bdc06d8c191edd136c5827c2660409ecb983e3d8adb9d37d57bc758524c2394c
<PROJECT_ROOT>\post_review_generalization_expansion_v1\06_g6_frozen_formal_execution\raw\000341_F_A_RESET_eth_getTransactionReceipt.json,75d671d73b3e8b6b72360eeccb253fbe083ed19c05d6fe0a9a6d08971f866498
<PROJECT_ROOT>\post_review_generalization_expansion_v1\06_g6_frozen_formal_execution\raw\000342_F_A_RESET_evm_setNextBlockTimestamp.json,3bb85b94cdef167a2eb44ac983c16ff9bf0ff27ef8e824fb4932786b2b6afbcb
<PROJECT_ROOT>\post_review_generalization_expansion_v1\06_g6_frozen_formal_execution\raw\000343_F_A_RESET_eth_sendTransaction.json,283f8444e39b32f099119e63dba99cb8290e3255f01a31ba57bcb4474508f13d
<PROJECT_ROOT>\post_review_generalization_expansion_v1\06_g6_frozen_formal_execution\raw\000344_F_A_RESET_eth_getTransactionReceipt.json,0941024f9cee6f959cbadbe065f30f111577f54be1b17eed005ed8882214625f
<PROJECT_ROOT>\post_review_generalization_expansion_v1\06_g6_frozen_formal_execution\raw\000345_F_A_RESET_evm_setNextBlockTimestamp.json,f118ab4daa18095abb9e14419c2d28961a98547da659b69d5f9c0ff5ebfecbc5
<PROJECT_ROOT>\post_review_generalization_expansion_v1\06_g6_frozen_formal_execution\raw\000346_F_A_RESET_eth_sendTransaction.json,d2e70c38d56b659687323638fd73357e540b2cdf43219fa645072a00ec4857a1
<PROJECT_ROOT>\post_review_generalization_expansion_v1\06_g6_frozen_formal_execution\raw\000347_F_A_RESET_eth_getTransactionReceipt.json,97004655a8fd3345c94c2d8b8a2bac5b4f74e12db24c92d46e65d15175188dc1
<PROJECT_ROOT>\post_review_generalization_expansion_v1\06_g6_frozen_formal_execution\raw\000348_F_A_RESET_evm_setNextBlockTimestamp.json,5f7b0692e4bb1a6c7032998ea659e1a45832583dfab3fcf25cf6219cadef8528
<PROJECT_ROOT>\post_review_generalization_expansion_v1\06_g6_frozen_formal_execution\raw\000349_F_A_RESET_eth_sendTransaction.json,1f6d3d39774ba2e7d57ef317ebf957cbf176c9b63f8f874c6472d38612b90c5c
<PROJECT_ROOT>\post_review_generalization_expansion_v1\06_g6_frozen_formal_execution\raw\000350_F_A_RESET_eth_getTransactionReceipt.json,77cd16dca0a884d86824a94abd860c889e7e4a7dbbf0c48178beca780880e918
<PROJECT_ROOT>\post_review_generalization_expansion_v1\06_g6_frozen_formal_execution\raw\000351_F_A_RESET_evm_setNextBlockTimestamp.json,9881b0a8394e02da8c329570e8d27a6d451ad9a514646620ac7b5f04b21c6319
<PROJECT_ROOT>\post_review_generalization_expansion_v1\06_g6_frozen_formal_execution\raw\000352_F_A_RESET_eth_sendTransaction.json,2759ca016ee0063b9e53ef78c6d414de279dce08e8cea7594973ad4d31f76f83
<PROJECT_ROOT>\post_review_generalization_expansion_v1\06_g6_frozen_formal_execution\raw\000353_F_A_RESET_eth_getTransactionReceipt.json,14f3d79dd2a8d8ed34d2e6ba62871c431f44b97f46e405b254bf7f001289bb2d
<PROJECT_ROOT>\post_review_generalization_expansion_v1\06_g6_frozen_formal_execution\raw\000354_F_A_RESET_evm_setNextBlockTimestamp.json,fd1f97f6e7c292283e258e57849824507ed0dbde7c6a522c630c834722e14265
<PROJECT_ROOT>\post_review_generalization_expansion_v1\06_g6_frozen_formal_execution\raw\000355_F_A_RESET_eth_sendTransaction.json,58b98e9ffcca197cac5e966afe41825ffea2f60f610c3d6443cdb9b2ac4f6fcb
<PROJECT_ROOT>\post_review_generalization_expansion_v1\06_g6_frozen_formal_execution\raw\000356_F_A_RESET_eth_getTransactionReceipt.json,0b01836550fa9416602efd66cef0c5fb90054165aa060e10a894965baccdb5c6
<PROJECT_ROOT>\post_review_generalization_expansion_v1\06_g6_frozen_formal_execution\raw\000357_F_A_RESET_evm_setNextBlockTimestamp.json,2e025b9e7c5c1d3dad38bb04c2d4aff4668773bee4b35e16009499515793e8f0
<PROJECT_ROOT>\post_review_generalization_expansion_v1\06_g6_frozen_formal_execution\raw\000358_F_A_RESET_eth_sendTransaction.json,bb5fa3190bed2968c0bed16f32daac6c44a0b74ef0b253f864ff8555cd403f0f
<PROJECT_ROOT>\post_review_generalization_expansion_v1\06_g6_frozen_formal_execution\raw\000359_F_A_RESET_eth_getTransactionReceipt.json,b72f938cfba20aa876f76818869312e21a6c217ffbbd45e097cf1f218d7585c3
<PROJECT_ROOT>\post_review_generalization_expansion_v1\06_g6_frozen_formal_execution\raw\000360_F_A_RESET_evm_setNextBlockTimestamp.json,47ae9dc88ca9fbb38244a835cd9e9a1b8adf579e8cb6057d500c618d517f8a86
<PROJECT_ROOT>\post_review_generalization_expansion_v1\06_g6_frozen_formal_execution\raw\000361_F_A_RESET_eth_sendTransaction.json,8c8cef3c489cc96127b62e89fff5dc00c6ac379af860a5866fa20660d8599d25
<PROJECT_ROOT>\post_review_generalization_expansion_v1\06_g6_frozen_formal_execution\raw\000362_F_A_FA0_evm_setNextBlockTimestamp.json,9dbb44256c1623335976e64374f5f70e21bc0865b9aa68ab37589cef892048e0
<PROJECT_ROOT>\post_review_generalization_expansion_v1\06_g6_frozen_formal_execution\raw\000363_F_A_FA0_eth_call.json,a3810ff61c40e2e6ce4d743649d632ec6dd0eb1c1b45d6eedabaed25eee86266
<PROJECT_ROOT>\post_review_generalization_expansion_v1\06_g6_frozen_formal_execution\raw\000364_F_A_FA1_evm_setNextBlockTimestamp.json,11c24e119e908b2c7bb485ce606d146d7ddbf9343bd53d32c6888948a50b1cc2
<PROJECT_ROOT>\post_review_generalization_expansion_v1\06_g6_frozen_formal_execution\raw\000365_F_A_FA1_eth_sendTransaction.json,f41768dfa0b944ba9172d96375c4e2712014e30ac46f008a2330a952c269085f
<PROJECT_ROOT>\post_review_generalization_expansion_v1\06_g6_frozen_formal_execution\raw\000366_F_A_FA2_evm_setNextBlockTimestamp.json,1f4bf31d2accdfbb4dcfdf9a76dde1526e0bcb482b5bff93aef99188329d3aa2
<PROJECT_ROOT>\post_review_generalization_expansion_v1\06_g6_frozen_formal_execution\raw\000367_F_A_FA2_eth_call.json,d2057b44a2309cac3edf001fe04da292364c8c0c124c9cb45d0440b196b65b15
<PROJECT_ROOT>\post_review_generalization_expansion_v1\06_g6_frozen_formal_execution\raw\000368_F_A_FA3_evm_setNextBlockTimestamp.json,ffa9b91a6f4e0515ce3a275957798fd2bc6b3e96273936931013dd80285d6f81
<PROJECT_ROOT>\post_review_generalization_expansion_v1\06_g6_frozen_formal_execution\raw\000369_F_A_FA3_eth_sendTransaction.json,ae175435bddd7d29ca4322e17d66cb2622cca94f1516a7b010debf0fccb7836f
<PROJECT_ROOT>\post_review_generalization_expansion_v1\06_g6_frozen_formal_execution\raw\000370_F_B_RESET_hardhat_reset.json,e789b83c3fb988aa0b3d4a852a44c718f0f6d5d2858a654b9def6f577e7a6dab
<PROJECT_ROOT>\post_review_generalization_expansion_v1\06_g6_frozen_formal_execution\raw\000371_F_B_RESET_eth_getBlockByNumber.json,1fab6730830d9ef85857b7781fd0f6ffbbb344bbb78b2a4d9ca18dbd9d296264
<PROJECT_ROOT>\post_review_generalization_expansion_v1\06_g6_frozen_formal_execution\raw\000372_F_B_RESET_hardhat_impersonateAccount.json,b267ac8f23db3c153ab5802ad2d760551580cf1f2d999fc67aa6238a96eb06f7
<PROJECT_ROOT>\post_review_generalization_expansion_v1\06_g6_frozen_formal_execution\raw\000373_F_B_RESET_hardhat_setBalance.json,df022b9a09f7508fc0004bdb4203147dc1f17ff441af29b8a624b1a2cb491bcd
<PROJECT_ROOT>\post_review_generalization_expansion_v1\06_g6_frozen_formal_execution\raw\000374_F_B_RESET_eth_getBlockByNumber.json,6543493a12801fbc9e63c3c7486716eca71076b98d921630935e95ea9d87d098
<PROJECT_ROOT>\post_review_generalization_expansion_v1\06_g6_frozen_formal_execution\raw\000375_F_B_RESET_evm_setNextBlockTimestamp.json,2a4e14ca3b1054772162c8e1e453c6c325562144a04124c8d55bf589d1786744
<PROJECT_ROOT>\post_review_generalization_expansion_v1\06_g6_frozen_formal_execution\raw\000376_F_B_RESET_eth_sendTransaction.json,10d0854f3cabb908762ba39d720a53ee6edbb930e618e433518c62da145267f1
<PROJECT_ROOT>\post_review_generalization_expansion_v1\06_g6_frozen_formal_execution\raw\000377_F_B_RESET_eth_getTransactionReceipt.json,dc336c792c825cbe591c9e7564e60b3bb3e70024f53b58d3796b1cca0160fefb
<PROJECT_ROOT>\post_review_generalization_expansion_v1\06_g6_frozen_formal_execution\raw\000378_F_B_RESET_evm_setNextBlockTimestamp.json,d59e6e6f18dd406cc4f4381d8905f67f563c3da69642a7280ad744e6a7283d21
<PROJECT_ROOT>\post_review_generalization_expansion_v1\06_g6_frozen_formal_execution\raw\000379_F_B_RESET_eth_sendTransaction.json,dbaa5fb49017ba6218af233a0e09eb95de77da4df46c757cacf0a12506980423
<PROJECT_ROOT>\post_review_generalization_expansion_v1\06_g6_frozen_formal_execution\raw\000380_F_B_RESET_eth_getTransactionReceipt.json,f354a649522f9203f06940f10c0a9694609c3f6101603f98c5c8c3e5bd87dda3
<PROJECT_ROOT>\post_review_generalization_expansion_v1\06_g6_frozen_formal_execution\raw\000381_F_B_RESET_evm_setNextBlockTimestamp.json,f63c76b9249d992d347f1c4f61235c2471aeead0afe4911e7b7c3d4baef9083d
<PROJECT_ROOT>\post_review_generalization_expansion_v1\06_g6_frozen_formal_execution\raw\000382_F_B_RESET_eth_sendTransaction.json,8b614a29250ce1fab5df1fb565ea52dbb134f99249fd0a7003b7694f54858cae
<PROJECT_ROOT>\post_review_generalization_expansion_v1\06_g6_frozen_formal_execution\raw\000383_F_B_RESET_eth_getTransactionReceipt.json,9b1620e754c196d784d3b1bacdf1bc2c3f37c7b918e8cbb99c5f7b4359e45714
<PROJECT_ROOT>\post_review_generalization_expansion_v1\06_g6_frozen_formal_execution\raw\000384_F_B_RESET_evm_setNextBlockTimestamp.json,5fc34e26ef0caea858530bafd5fbe29e3c34530f3454aecc4446a8e1a1e95ce6
<PROJECT_ROOT>\post_review_generalization_expansion_v1\06_g6_frozen_formal_execution\raw\000385_F_B_RESET_eth_sendTransaction.json,b83a73c78dca6a3953985a51f5fe2e040c7f03d0e7413bbcd9e25356e3db99d5
<PROJECT_ROOT>\post_review_generalization_expansion_v1\06_g6_frozen_formal_execution\raw\000386_F_B_RESET_eth_getTransactionReceipt.json,301fb29d0167201459fd5e93c85090bd916ae423f22e6dfd4a1e1c04daa7e1d4
<PROJECT_ROOT>\post_review_generalization_expansion_v1\06_g6_frozen_formal_execution\raw\000387_F_B_RESET_evm_setNextBlockTimestamp.json,4ed7b0c5d53e0316d62ad7234fbcf532c3e5666788ea3585bc2ad83276671896
<PROJECT_ROOT>\post_review_generalization_expansion_v1\06_g6_frozen_formal_execution\raw\000388_F_B_RESET_eth_sendTransaction.json,5a59a5f1222e2d98a2e44a468bd1831ff3a575d2469c1bcc79069e870036141a
<PROJECT_ROOT>\post_review_generalization_expansion_v1\06_g6_frozen_formal_execution\raw\000389_F_B_RESET_eth_getTransactionReceipt.json,d986da12bea39c8c8e8f9c99d6cf2c08e029b5913ce249c676d22c6fe68ad5c0
<PROJECT_ROOT>\post_review_generalization_expansion_v1\06_g6_frozen_formal_execution\raw\000390_F_B_RESET_evm_setNextBlockTimestamp.json,e1b39cd67766aed4727f8f44c36968572967486a045658e401fc179f5079ec0f
<PROJECT_ROOT>\post_review_generalization_expansion_v1\06_g6_frozen_formal_execution\raw\000391_F_B_RESET_eth_sendTransaction.json,08f06e6fca757c2a0ba12f823a028f333b519fedccbcf1bfe4a4eb27d46707a5
<PROJECT_ROOT>\post_review_generalization_expansion_v1\06_g6_frozen_formal_execution\raw\000392_F_B_RESET_eth_getTransactionReceipt.json,49d4bd6045943fad406d346bc736ce97cb7a03de6acbf7b8972098a33f75ca73
<PROJECT_ROOT>\post_review_generalization_expansion_v1\06_g6_frozen_formal_execution\raw\000393_F_B_RESET_evm_setNextBlockTimestamp.json,eaacec3d7847cecf109380a0b2c66098d55319aa5f897f9946d0f97736221862
<PROJECT_ROOT>\post_review_generalization_expansion_v1\06_g6_frozen_formal_execution\raw\000394_F_B_RESET_eth_sendTransaction.json,c65bc5e8f8366c138a09e280136a7a95e44a598ecdf8d0a4c28f0502fe1550c7
<PROJECT_ROOT>\post_review_generalization_expansion_v1\06_g6_frozen_formal_execution\raw\000395_F_B_RESET_eth_getTransactionReceipt.json,ca6890c908350e1e25871f4d48db74c2dd8f1dac9ca6bfe0ec2750221aeb4e0a
<PROJECT_ROOT>\post_review_generalization_expansion_v1\06_g6_frozen_formal_execution\raw\000396_F_B_RESET_evm_setNextBlockTimestamp.json,64f1a407b9456feacef2c4e369b1c98666918ec9f2dad8f5456da583561ba80c
<PROJECT_ROOT>\post_review_generalization_expansion_v1\06_g6_frozen_formal_execution\raw\000397_F_B_RESET_eth_sendTransaction.json,ea22a3b5d228e3db82bc58adb340e90eb0b99b28e429e144e810cd605b8006e5
<PROJECT_ROOT>\post_review_generalization_expansion_v1\06_g6_frozen_formal_execution\raw\000398_F_B_RESET_eth_getTransactionReceipt.json,3d18632f6db626b1095e450daf61ea12287e4e94e0ce73350557b81b2d756256
<PROJECT_ROOT>\post_review_generalization_expansion_v1\06_g6_frozen_formal_execution\raw\000399_F_B_RESET_evm_setNextBlockTimestamp.json,00d1c79afbf9c1efa56888f89f523e662f4733ad141c3d23c9a3c7b1286b9b51
<PROJECT_ROOT>\post_review_generalization_expansion_v1\06_g6_frozen_formal_execution\raw\000400_F_B_RESET_eth_sendTransaction.json,996d889257a4e9a1b1c722adbda18dec4097cb3301c3ddbb3ee160cd726a0af7
<PROJECT_ROOT>\post_review_generalization_expansion_v1\06_g6_frozen_formal_execution\raw\000401_F_B_RESET_eth_getTransactionReceipt.json,a1d636834031f41f99c55bf3868b2771c921dd6e7e624224df871a20f5b242dc
<PROJECT_ROOT>\post_review_generalization_expansion_v1\06_g6_frozen_formal_execution\raw\000402_F_B_RESET_evm_setNextBlockTimestamp.json,ba498269843a52f260175264813b9fc43e6bbb025435994138f7642cc95e725f
<PROJECT_ROOT>\post_review_generalization_expansion_v1\06_g6_frozen_formal_execution\raw\000403_F_B_RESET_eth_sendTransaction.json,059a4b5e6e7490d04de9614c576aa0a77cd6e6d268c93138c0237d26a2ac8e59
<PROJECT_ROOT>\post_review_generalization_expansion_v1\06_g6_frozen_formal_execution\raw\000404_F_B_RESET_eth_getTransactionReceipt.json,b6a5267531819e05dda39be7aa56919cf5b456e9e71ceeb21e0387ecf30ddec5
<PROJECT_ROOT>\post_review_generalization_expansion_v1\06_g6_frozen_formal_execution\raw\000405_F_B_RESET_evm_setNextBlockTimestamp.json,0c4c59b04ae4ddc02188422b57be6fc06277f63a981b091e0b6d9867eaca67cd
<PROJECT_ROOT>\post_review_generalization_expansion_v1\06_g6_frozen_formal_execution\raw\000406_F_B_RESET_eth_sendTransaction.json,86f23677dc0a89c3a38062ccea7efbdfed8278230e2bf200e4985b937341d4a9
<PROJECT_ROOT>\post_review_generalization_expansion_v1\06_g6_frozen_formal_execution\raw\000407_F_B_RESET_eth_getTransactionReceipt.json,1c38bdcdbd24e84d28fa20d082000636c600c1302a97368e4ad2e1c5b9af97f3
<PROJECT_ROOT>\post_review_generalization_expansion_v1\06_g6_frozen_formal_execution\raw\000408_F_B_RESET_evm_setNextBlockTimestamp.json,24801ad75f2e622289d0e8c0965a234e9fd036d7b4c465979bf5f9f6d1287902
<PROJECT_ROOT>\post_review_generalization_expansion_v1\06_g6_frozen_formal_execution\raw\000409_F_B_RESET_eth_sendTransaction.json,3fdf28fd6e6eb2e8b1f01cc076e2f8024527d63538af78142a3c4d0623c2f323
<PROJECT_ROOT>\post_review_generalization_expansion_v1\06_g6_frozen_formal_execution\raw\000410_F_B_RESET_eth_getTransactionReceipt.json,6a725c4a1a7c0682624d0141b9c36c4410f3d0f1b6e310a1de1ca8515a4ffd83
<PROJECT_ROOT>\post_review_generalization_expansion_v1\06_g6_frozen_formal_execution\raw\000411_F_B_RESET_evm_setNextBlockTimestamp.json,86e458137a771d7e8932f29df5d821824502785f9c93cf0387ed3ed0ccb7df15
<PROJECT_ROOT>\post_review_generalization_expansion_v1\06_g6_frozen_formal_execution\raw\000412_F_B_RESET_eth_sendTransaction.json,559f5e9b214b16b7c093d7e915d4933cc37cf76b0a327f2757f70d9bff9cd55a
<PROJECT_ROOT>\post_review_generalization_expansion_v1\06_g6_frozen_formal_execution\raw\000413_F_B_RESET_eth_getTransactionReceipt.json,13cba2a02dec76c750cb784b8a32b22fd91ad817fac2df50c2a3d6767cf1ff69
<PROJECT_ROOT>\post_review_generalization_expansion_v1\06_g6_frozen_formal_execution\raw\000414_F_B_RESET_evm_setNextBlockTimestamp.json,f155a2f3ea7315fb232b9e58120dc6ba79a2d5692964e9ef2401308c45ac40cb
<PROJECT_ROOT>\post_review_generalization_expansion_v1\06_g6_frozen_formal_execution\raw\000415_F_B_RESET_eth_sendTransaction.json,8fc68e28afcfe16caa3c215da7921fb9342913a239eba69f94b8410b40f18fc4
<PROJECT_ROOT>\post_review_generalization_expansion_v1\06_g6_frozen_formal_execution\raw\000416_F_B_RESET_eth_getTransactionReceipt.json,cafa5344e792f46f7962251b0181a9da59f63249e42abd550f129cbbe875b259
<PROJECT_ROOT>\post_review_generalization_expansion_v1\06_g6_frozen_formal_execution\raw\000417_F_B_RESET_evm_setNextBlockTimestamp.json,7981386edd65b06aa360bbafc2559df0a4ff62d57c77990b42f46fe7bc93661b
<PROJECT_ROOT>\post_review_generalization_expansion_v1\06_g6_frozen_formal_execution\raw\000418_F_B_RESET_eth_sendTransaction.json,5b3ca6d19d3cad8f12d42a131c4ce0433600dcb8e4d4a00d9d4f5e67a2be8e47
<PROJECT_ROOT>\post_review_generalization_expansion_v1\06_g6_frozen_formal_execution\raw\000419_F_B_RESET_eth_getTransactionReceipt.json,4b306d34a7279a1d010be42f5e4f52fbb9abd5e65e0991d687bbc05a403f850d
<PROJECT_ROOT>\post_review_generalization_expansion_v1\06_g6_frozen_formal_execution\raw\000420_F_B_RESET_evm_setNextBlockTimestamp.json,a40de8cd96994b82fc04b536a122d0171127e103c7d4cc74c8908ab53720e6f7
<PROJECT_ROOT>\post_review_generalization_expansion_v1\06_g6_frozen_formal_execution\raw\000421_F_B_RESET_eth_sendTransaction.json,d1507621c32f1b873e09960c89f683e38bbdac54dab16a02dbf25f2442e15712
<PROJECT_ROOT>\post_review_generalization_expansion_v1\06_g6_frozen_formal_execution\raw\000422_F_B_FB0_evm_setNextBlockTimestamp.json,4a7695979b09d06d0c014d3156b6c194f937707a3a448253a1335d3f8e77b6e6
<PROJECT_ROOT>\post_review_generalization_expansion_v1\06_g6_frozen_formal_execution\raw\000423_F_B_FB0_eth_call.json,66587209c8cfb0d8da2aa6386907575dbb06a9bb0bd907d4c6dae424357d9571
<PROJECT_ROOT>\post_review_generalization_expansion_v1\06_g6_frozen_formal_execution\raw\000424_F_B_FB1_eth_call.json,25536700c42a9489cd0177edd266b7bd2ac6b28e698fec132265042ea3e569ea
<PROJECT_ROOT>\post_review_generalization_expansion_v1\06_g6_frozen_formal_execution\raw\000425_F_B_FB2_evm_setNextBlockTimestamp.json,a31dc2ea7ca86eb8d1dfda60e4fda5e6943818944dd3b9a40e26a75a2b9952f3
<PROJECT_ROOT>\post_review_generalization_expansion_v1\06_g6_frozen_formal_execution\raw\000426_F_B_FB2_eth_sendTransaction.json,703417ac908e3f1412c6ad7d3a67e17a7a0e91035f43a499d2e7aeb9777be89f
<PROJECT_ROOT>\post_review_generalization_expansion_v1\06_g6_frozen_formal_execution\raw\000427_F_C_RESET_hardhat_reset.json,fc32ad3e5180602e7b523c874f6bedf7c050e3f2882b8dd715f97243c5fb296e
<PROJECT_ROOT>\post_review_generalization_expansion_v1\06_g6_frozen_formal_execution\raw\000428_F_C_RESET_eth_getBlockByNumber.json,7d149a2a371833aa03e0696b335a8a7aa18f78486a77ad26c6765be5dafab8e1
<PROJECT_ROOT>\post_review_generalization_expansion_v1\06_g6_frozen_formal_execution\raw\000429_F_C_RESET_hardhat_impersonateAccount.json,72bc80ea430a7a49367bce476851a6b2feb6606cfbbfb50d7d818aa343598ad6
<PROJECT_ROOT>\post_review_generalization_expansion_v1\06_g6_frozen_formal_execution\raw\000430_F_C_RESET_hardhat_setBalance.json,354586cf9641690e6ead74c23c948f55d40223c346b1255e48f8dff4775ad9c1
<PROJECT_ROOT>\post_review_generalization_expansion_v1\06_g6_frozen_formal_execution\raw\000431_F_C_RESET_eth_getBlockByNumber.json,435cafa6d130852d8665b600ed7bc9cf3e2b65323246e5be41353c87b2552d6f
<PROJECT_ROOT>\post_review_generalization_expansion_v1\06_g6_frozen_formal_execution\raw\000432_F_C_RESET_evm_setNextBlockTimestamp.json,dc5b4f44b3f82c09c5fb1ea20dc0d34fe4957bfdf443d9c9751406d461814836
<PROJECT_ROOT>\post_review_generalization_expansion_v1\06_g6_frozen_formal_execution\raw\000433_F_C_RESET_eth_sendTransaction.json,016225712fcaca9ae372221e3f59f59a675767b9dd927b36835f501bf4e8e976
<PROJECT_ROOT>\post_review_generalization_expansion_v1\06_g6_frozen_formal_execution\raw\000434_F_C_RESET_eth_getTransactionReceipt.json,70c4f78049c2b7a39cd0d637a5372f23fa2b322aa6f1a3f6fc4560dc3cefcdc2
<PROJECT_ROOT>\post_review_generalization_expansion_v1\06_g6_frozen_formal_execution\raw\000435_F_C_RESET_evm_setNextBlockTimestamp.json,56b8ea16c0e3f66934c26109a6f1d672efec8f618ae99a5a91b3ba730a5e8055
<PROJECT_ROOT>\post_review_generalization_expansion_v1\06_g6_frozen_formal_execution\raw\000436_F_C_RESET_eth_sendTransaction.json,e0915ba3b046324af1a7d2fedb3c7eb10b2bbe51bb228d26a5db8106dcf6fa35
<PROJECT_ROOT>\post_review_generalization_expansion_v1\06_g6_frozen_formal_execution\raw\000437_F_C_RESET_eth_getTransactionReceipt.json,a8542499d9427461143f268ded3b07e8c85441d83c578a18194baf8adf201cd0
<PROJECT_ROOT>\post_review_generalization_expansion_v1\06_g6_frozen_formal_execution\raw\000438_F_C_RESET_evm_setNextBlockTimestamp.json,3eb26d556d6253035f4a19126045edce45428ed08a9d778de4da4d2d3824fad8
<PROJECT_ROOT>\post_review_generalization_expansion_v1\06_g6_frozen_formal_execution\raw\000439_F_C_RESET_eth_sendTransaction.json,8b7b3050045054ac2a977d11b2d5570b81d3895da5a935121aa9d1d4c16f9393
<PROJECT_ROOT>\post_review_generalization_expansion_v1\06_g6_frozen_formal_execution\raw\000440_F_C_RESET_eth_getTransactionReceipt.json,201ab7085ea5b98cead12520ace09b1bf0f13d75a193336d959ad1c766e38a9d
<PROJECT_ROOT>\post_review_generalization_expansion_v1\06_g6_frozen_formal_execution\raw\000441_F_C_RESET_evm_setNextBlockTimestamp.json,c1a3eead121223eed79ae2c347531b353b9bc3dfcb0edc9a6d055553c621878d
<PROJECT_ROOT>\post_review_generalization_expansion_v1\06_g6_frozen_formal_execution\raw\000442_F_C_RESET_eth_sendTransaction.json,330d5f7bd6fa6326ce93aee41b1c106647c34d246437f083b5fb785d40abce27
<PROJECT_ROOT>\post_review_generalization_expansion_v1\06_g6_frozen_formal_execution\raw\000443_F_C_RESET_eth_getTransactionReceipt.json,3456d1663d07bee51b3eb987027995c6f08743147e07cd42bf6c0c9aefaca46e
<PROJECT_ROOT>\post_review_generalization_expansion_v1\06_g6_frozen_formal_execution\raw\000444_F_C_RESET_evm_setNextBlockTimestamp.json,433cef2e9d15ec95ee8f001bc972d2452290e837d2ee1cd99c23bafff2044d41
<PROJECT_ROOT>\post_review_generalization_expansion_v1\06_g6_frozen_formal_execution\raw\000445_F_C_RESET_eth_sendTransaction.json,bd813571c823f66d87d3539faaf0df77d4dd03a2aeedf3ff4e2220c9f7b6111d
<PROJECT_ROOT>\post_review_generalization_expansion_v1\06_g6_frozen_formal_execution\raw\000446_F_C_RESET_eth_getTransactionReceipt.json,76f5447f910da6d5da80ba000b1e9f53dcda67fdf3b486289f3194bba9bc11fe
<PROJECT_ROOT>\post_review_generalization_expansion_v1\06_g6_frozen_formal_execution\raw\000447_F_C_RESET_evm_setNextBlockTimestamp.json,5f491fa4c17a2bd5adf6dfa457b53ca75709dc1627489219ab84340485655522
<PROJECT_ROOT>\post_review_generalization_expansion_v1\06_g6_frozen_formal_execution\raw\000448_F_C_RESET_eth_sendTransaction.json,c80c3e853362bff8569175622f9ef5f5f764683990051a697bbf08f9e86a0aa8
<PROJECT_ROOT>\post_review_generalization_expansion_v1\06_g6_frozen_formal_execution\raw\000449_F_C_RESET_eth_getTransactionReceipt.json,8de3b2f5db96e7bb51a102ca9cb422adaeb7701cba4d78a86aebe4f9133aa123
<PROJECT_ROOT>\post_review_generalization_expansion_v1\06_g6_frozen_formal_execution\raw\000450_F_C_RESET_evm_setNextBlockTimestamp.json,202c8b4e3f5fd06711430064ab5105a51afd73c751b5551c1c32a0b6cfb49670
<PROJECT_ROOT>\post_review_generalization_expansion_v1\06_g6_frozen_formal_execution\raw\000451_F_C_RESET_eth_sendTransaction.json,75a3eabec3a9d6365e15e04071c00914d1bf0915d8c6c2b8e892098c945a0355
<PROJECT_ROOT>\post_review_generalization_expansion_v1\06_g6_frozen_formal_execution\raw\000452_F_C_RESET_eth_getTransactionReceipt.json,580de3aa7a1274f085a603fcd9dd08b4dccdccf2633b85f546f94d9c07ab615e
<PROJECT_ROOT>\post_review_generalization_expansion_v1\06_g6_frozen_formal_execution\raw\000453_F_C_RESET_evm_setNextBlockTimestamp.json,17c46ff49e552e9a0f39b7c7cf8a933cbdffaeb762029e800080c500291bef32
<PROJECT_ROOT>\post_review_generalization_expansion_v1\06_g6_frozen_formal_execution\raw\000454_F_C_RESET_eth_sendTransaction.json,3f1249c1e87f5e8deca48ee6efcaedd7e3e8d70e3a354a0c635d0f3bd5753745
<PROJECT_ROOT>\post_review_generalization_expansion_v1\06_g6_frozen_formal_execution\raw\000455_F_C_RESET_eth_getTransactionReceipt.json,f012a8e37cd96df7a2a268de7a3b845520cf0302bfce70af3d33b135faf22847
<PROJECT_ROOT>\post_review_generalization_expansion_v1\06_g6_frozen_formal_execution\raw\000456_F_C_RESET_evm_setNextBlockTimestamp.json,2d449b2acd9aaff236d8c4da6620f5ac7fde8c3daee5786f6888be13be2b5f7f
<PROJECT_ROOT>\post_review_generalization_expansion_v1\06_g6_frozen_formal_execution\raw\000457_F_C_RESET_eth_sendTransaction.json,bbd05be51ef520ecf68e788b8bd595e9044592aac908e03c16c51dae0ae863e7
<PROJECT_ROOT>\post_review_generalization_expansion_v1\06_g6_frozen_formal_execution\raw\000458_F_C_RESET_eth_getTransactionReceipt.json,257f6cd50fad764cd76792b026ba9ec39ec71001924d66ffd66d26a6fc3e22ab
<PROJECT_ROOT>\post_review_generalization_expansion_v1\06_g6_frozen_formal_execution\raw\000459_F_C_RESET_evm_setNextBlockTimestamp.json,0dd38e7a62720cd6732372476d2a67acfb8c36ced0369fbba81950b7f1a0a5f1
<PROJECT_ROOT>\post_review_generalization_expansion_v1\06_g6_frozen_formal_execution\raw\000460_F_C_RESET_eth_sendTransaction.json,48923f8d773eea1c2d1b5317753451c0fd48802c76940c655522f868a11f5c4f
<PROJECT_ROOT>\post_review_generalization_expansion_v1\06_g6_frozen_formal_execution\raw\000461_F_C_RESET_eth_getTransactionReceipt.json,5444a67f2f6ec2d03732960e2e646f063fa1a6c8b7b25060a3f734540a115f82
<PROJECT_ROOT>\post_review_generalization_expansion_v1\06_g6_frozen_formal_execution\raw\000462_F_C_RESET_evm_setNextBlockTimestamp.json,6714fa9b5c4d48818f16b37fe50d45a6ecc47119599a21895e6c8c1e5f8677b9
<PROJECT_ROOT>\post_review_generalization_expansion_v1\06_g6_frozen_formal_execution\raw\000463_F_C_RESET_eth_sendTransaction.json,7062f97ab71199aa15eeb3da5b95460b3fb6a2f896c8ca080c458c3033638406
<PROJECT_ROOT>\post_review_generalization_expansion_v1\06_g6_frozen_formal_execution\raw\000464_F_C_RESET_eth_getTransactionReceipt.json,aba7470927cff5f66ea5a72c7164df88fa7559021f334d2638bbd4101fd8c1f3
<PROJECT_ROOT>\post_review_generalization_expansion_v1\06_g6_frozen_formal_execution\raw\000465_F_C_RESET_evm_setNextBlockTimestamp.json,9ada4833ee5686850ac5467b138634277ed74e0f3bc4bd2a439d7c62fc1f1e7b
<PROJECT_ROOT>\post_review_generalization_expansion_v1\06_g6_frozen_formal_execution\raw\000466_F_C_RESET_eth_sendTransaction.json,e264b002a18c21cc2cd94159729f7d3404396dab5330a5087201b922d00b53d0
<PROJECT_ROOT>\post_review_generalization_expansion_v1\06_g6_frozen_formal_execution\raw\000467_F_C_RESET_eth_getTransactionReceipt.json,f3cef2730823bea352e46d6bab96fce790d2c850ae2bd4c729ac9996a0e9b0d6
<PROJECT_ROOT>\post_review_generalization_expansion_v1\06_g6_frozen_formal_execution\raw\000468_F_C_RESET_evm_setNextBlockTimestamp.json,60b3f9ed28738a2b1c654cfa3143849cf377f2b9bacaa5e36836b6355a72ef34
<PROJECT_ROOT>\post_review_generalization_expansion_v1\06_g6_frozen_formal_execution\raw\000469_F_C_RESET_eth_sendTransaction.json,c0db2acadca5c4a7d678351803282644c865c92ecde0b5f7fffc7488b9b7af47
<PROJECT_ROOT>\post_review_generalization_expansion_v1\06_g6_frozen_formal_execution\raw\000470_F_C_RESET_eth_getTransactionReceipt.json,796fccbbf3a8fc0541a4588b44260031b1a4a6d1cda0fe5c89f099d55b8cc2ce
<PROJECT_ROOT>\post_review_generalization_expansion_v1\06_g6_frozen_formal_execution\raw\000471_F_C_RESET_evm_setNextBlockTimestamp.json,3894a03195af07dc7f212d01a6bec614243fb5e1116d9ec105a8553eee8a7cf6
<PROJECT_ROOT>\post_review_generalization_expansion_v1\06_g6_frozen_formal_execution\raw\000472_F_C_RESET_eth_sendTransaction.json,6bc5439203203bc34a22b51c3da35724dc6902231f118ea053f8501e24ffc254
<PROJECT_ROOT>\post_review_generalization_expansion_v1\06_g6_frozen_formal_execution\raw\000473_F_C_RESET_eth_getTransactionReceipt.json,28eeb1920eeff8d13cd9d14257aebe88eab3b094d02ef8d49772f81cb09d234b
<PROJECT_ROOT>\post_review_generalization_expansion_v1\06_g6_frozen_formal_execution\raw\000474_F_C_RESET_evm_setNextBlockTimestamp.json,798cb3804faecffe902015d176b220f16b2f4075e7be7ae5b28df0eb2240ae43
<PROJECT_ROOT>\post_review_generalization_expansion_v1\06_g6_frozen_formal_execution\raw\000475_F_C_RESET_eth_sendTransaction.json,2264cf0bca4e4d236d26c164752159173db772debb227405b2a3f8a6f2552afd
<PROJECT_ROOT>\post_review_generalization_expansion_v1\06_g6_frozen_formal_execution\raw\000476_F_C_RESET_eth_getTransactionReceipt.json,1978c2e1c7fc6afedfd21c9993a98c186c555477f15236af5bf6169ab41a7b39
<PROJECT_ROOT>\post_review_generalization_expansion_v1\06_g6_frozen_formal_execution\raw\000477_F_C_RESET_evm_setNextBlockTimestamp.json,6005eac16f03ce576c9626755b71bb845c266310bbbf43b683f224f4af3b64b6
<PROJECT_ROOT>\post_review_generalization_expansion_v1\06_g6_frozen_formal_execution\raw\000478_F_C_RESET_eth_sendTransaction.json,9913020ed5aae92a0b5ce6464762772b3526568451dc3e8a93266102987f4952
<PROJECT_ROOT>\post_review_generalization_expansion_v1\06_g6_frozen_formal_execution\raw\000479_F_C_RESET_eth_getTransactionReceipt.json,0d753e2122d7cc0d1067be8652c8f932d03866b5124b94a5bdf104043dacbff3
<PROJECT_ROOT>\post_review_generalization_expansion_v1\06_g6_frozen_formal_execution\raw\000480_F_C_RESET_evm_setNextBlockTimestamp.json,9f6643f495ea69721ee38c198511d5fd56680aea95b7b210bf3a745cb4facb84
<PROJECT_ROOT>\post_review_generalization_expansion_v1\06_g6_frozen_formal_execution\raw\000481_F_C_RESET_eth_sendTransaction.json,96b685809ca8a0539c68e5414641476e888672e0d15e0cd86e1374d5c5cc82a6
<PROJECT_ROOT>\post_review_generalization_expansion_v1\06_g6_frozen_formal_execution\raw\000482_F_C_RESET_eth_getTransactionReceipt.json,275a3f6a7fba897838f353241d7d18c2dffc584e43056bc69ac71b691aaefe8f
<PROJECT_ROOT>\post_review_generalization_expansion_v1\06_g6_frozen_formal_execution\raw\000483_F_C_RESET_evm_setNextBlockTimestamp.json,0bef3e8487a056b2f7676e3e7b26c69fb5d5c0d8b11090471abe144d99d06f49
<PROJECT_ROOT>\post_review_generalization_expansion_v1\06_g6_frozen_formal_execution\raw\000484_F_C_RESET_eth_sendTransaction.json,0bdc0180d46e819581e829702bbf2c0156a2dbc9e0e6801341bad3d143bd230d
<PROJECT_ROOT>\post_review_generalization_expansion_v1\06_g6_frozen_formal_execution\raw\000485_F_C_RESET_eth_getTransactionReceipt.json,dac6e8abe79943e07a430d96fb9f963d3a0ba19aa1873380b4155d83565e6f2c
<PROJECT_ROOT>\post_review_generalization_expansion_v1\06_g6_frozen_formal_execution\raw\000486_F_C_RESET_evm_setNextBlockTimestamp.json,f8c15a618a7496c3e2d9056393a0976403a0b9d2c691ba2640161539469cc571
<PROJECT_ROOT>\post_review_generalization_expansion_v1\06_g6_frozen_formal_execution\raw\000487_F_C_RESET_eth_sendTransaction.json,62a74467d154cafc5c1ce452c499f81494a6617a5d2e9a3a1b8c66ce22d1faeb
<PROJECT_ROOT>\post_review_generalization_expansion_v1\06_g6_frozen_formal_execution\raw\000488_F_C_RESET_eth_getTransactionReceipt.json,6c6e17f84e70a469bc1f83a8c42ce2c5e405f513c0e3e4084097f2453204c8e2
<PROJECT_ROOT>\post_review_generalization_expansion_v1\06_g6_frozen_formal_execution\raw\000489_F_C_RESET_evm_setNextBlockTimestamp.json,2c6d9c570bca60b4e735e317e578a2dee5dc571f301d7b5565cf129b23fd4a67
<PROJECT_ROOT>\post_review_generalization_expansion_v1\06_g6_frozen_formal_execution\raw\000490_F_C_RESET_eth_sendTransaction.json,1a51c8e4fa2d6aa21f8934130d99e7d32fdbf8e20ec12bf6dcd343cb75b10886
<PROJECT_ROOT>\post_review_generalization_expansion_v1\06_g6_frozen_formal_execution\raw\000491_F_C_RESET_eth_getTransactionReceipt.json,35e4b4cd19dc64245dd6b8dfd123f594df07927d8275a9cc10ad7cc86c95a766
<PROJECT_ROOT>\post_review_generalization_expansion_v1\06_g6_frozen_formal_execution\raw\000492_F_C_RESET_evm_setNextBlockTimestamp.json,616ea4565d8ea205dcff032aded4d22ec89e6f587d75800f47d391e92ad5baaa
<PROJECT_ROOT>\post_review_generalization_expansion_v1\06_g6_frozen_formal_execution\raw\000493_F_C_RESET_eth_sendTransaction.json,a6cd69e8529980591edc8f43720c506b713e3ed090f62b14b0e775ed19357c54
<PROJECT_ROOT>\post_review_generalization_expansion_v1\06_g6_frozen_formal_execution\raw\000494_F_C_RESET_eth_getTransactionReceipt.json,0135c32a4b44cfe49c358c3eed3d49629a1a88161f6888b6c74b53235f70ee7b
<PROJECT_ROOT>\post_review_generalization_expansion_v1\06_g6_frozen_formal_execution\raw\000495_F_C_RESET_evm_setNextBlockTimestamp.json,890c38dd3853f0b1b4eed622bed05493f41e3df49605cf99fb661393ef71ed35
<PROJECT_ROOT>\post_review_generalization_expansion_v1\06_g6_frozen_formal_execution\raw\000496_F_C_RESET_eth_sendTransaction.json,822c9a6c1bb6317904c2926edb61f8b7e0eedbc8e311552fb6fe43f364f0b26d
<PROJECT_ROOT>\post_review_generalization_expansion_v1\06_g6_frozen_formal_execution\raw\000497_F_C_RESET_eth_getTransactionReceipt.json,67618477f07d56589a14aaa9ed6c2b11bb5a269f57074c83e6f96f4e144716f4
<PROJECT_ROOT>\post_review_generalization_expansion_v1\06_g6_frozen_formal_execution\raw\000498_F_C_RESET_evm_setNextBlockTimestamp.json,1855c43a526466e9e92e681124a38e5a40cd397f9f07233191208020d82d4903
<PROJECT_ROOT>\post_review_generalization_expansion_v1\06_g6_frozen_formal_execution\raw\000499_F_C_RESET_eth_sendTransaction.json,bbafb5551afb8717435781095d0aa90cefdb867f60922309822481f96cb1f1e4
<PROJECT_ROOT>\post_review_generalization_expansion_v1\06_g6_frozen_formal_execution\raw\000500_F_C_RESET_eth_getTransactionReceipt.json,e73ba8dae9889e93de4a341d092784c811d519cf794dda76e7d1f40e6ebfa322
<PROJECT_ROOT>\post_review_generalization_expansion_v1\06_g6_frozen_formal_execution\raw\000501_F_C_RESET_evm_setNextBlockTimestamp.json,e2ae8957c1715686201b3f299e94bfa0aa793ae78fc1fd0bb2c28d8a1dfda435
<PROJECT_ROOT>\post_review_generalization_expansion_v1\06_g6_frozen_formal_execution\raw\000502_F_C_RESET_eth_sendTransaction.json,403e8e37ca6c803cbdafdf88dd1973ac21cfce54e3b3eb3663f8a7799db15826
<PROJECT_ROOT>\post_review_generalization_expansion_v1\06_g6_frozen_formal_execution\raw\000503_F_C_RESET_eth_getTransactionReceipt.json,92186f03e95d7e16275e1caf268e909867518f00edd36cae0a77bbb46bba2c25
<PROJECT_ROOT>\post_review_generalization_expansion_v1\06_g6_frozen_formal_execution\raw\000504_F_C_RESET_evm_setNextBlockTimestamp.json,c26dd6070cc528af9c9a9e3d42cb33d95f7647f381fc0a7bc4ed902c5e0c906f
<PROJECT_ROOT>\post_review_generalization_expansion_v1\06_g6_frozen_formal_execution\raw\000505_F_C_RESET_eth_sendTransaction.json,4ee9041c95949dc93addeb07c278ef05bfdc64d841c1bedf025df998d001ab8e
<PROJECT_ROOT>\post_review_generalization_expansion_v1\06_g6_frozen_formal_execution\raw\000506_F_C_RESET_eth_getTransactionReceipt.json,1da90c0797cbcf40a6bf4f3162d58717bd731e3948a5206f1aef94044e6f7de4
<PROJECT_ROOT>\post_review_generalization_expansion_v1\06_g6_frozen_formal_execution\raw\000507_F_C_RESET_evm_setNextBlockTimestamp.json,af0d33443cf0e8fdce08d25038d101865b0bd5bbe462faf1e2e86a4360aedaeb
<PROJECT_ROOT>\post_review_generalization_expansion_v1\06_g6_frozen_formal_execution\raw\000508_F_C_RESET_eth_sendTransaction.json,ca7dc347621b0a771bb5c749639d5d2248a3ba63a1d3929f09bc68977741c859
<PROJECT_ROOT>\post_review_generalization_expansion_v1\06_g6_frozen_formal_execution\raw\000509_F_C_RESET_eth_getTransactionReceipt.json,717b9f24553e678b558caf5857e709808e2ae3015f26e70a800117f99ef2ea02
<PROJECT_ROOT>\post_review_generalization_expansion_v1\06_g6_frozen_formal_execution\raw\000510_F_C_RESET_evm_setNextBlockTimestamp.json,65bb27ecf70f377170ba1eb60a3fbc4dc6a23727e7af0573f5e83c8f16fd4a48
<PROJECT_ROOT>\post_review_generalization_expansion_v1\06_g6_frozen_formal_execution\raw\000511_F_C_RESET_eth_sendTransaction.json,0aede2d9889f2d7c15fa731021bbf8322cd24e9036fcd524b34c912d9c8cc9b5
<PROJECT_ROOT>\post_review_generalization_expansion_v1\06_g6_frozen_formal_execution\raw\000512_F_C_RESET_eth_getTransactionReceipt.json,0615be457f12d1d60eaa9b08ed1f39d718a34395a381aa23c70750c60f5ecef1
<PROJECT_ROOT>\post_review_generalization_expansion_v1\06_g6_frozen_formal_execution\raw\000513_F_C_RESET_evm_setNextBlockTimestamp.json,761d4819c77dfdc86c94c036b66583a6ff7d3698ba65d55fa6a141ecbbb3cf30
<PROJECT_ROOT>\post_review_generalization_expansion_v1\06_g6_frozen_formal_execution\raw\000514_F_C_RESET_eth_sendTransaction.json,5a6836ec00806a82bf4daafb6854bcb4ddaedc4536c033313963365c48cc62ac
<PROJECT_ROOT>\post_review_generalization_expansion_v1\06_g6_frozen_formal_execution\raw\000515_F_C_RESET_eth_getTransactionReceipt.json,de0b68ef55cde8d9f077fc79f5b05e857e432673f1a61490f6844ab96e283b4f
<PROJECT_ROOT>\post_review_generalization_expansion_v1\06_g6_frozen_formal_execution\raw\000516_F_C_RESET_evm_setNextBlockTimestamp.json,cb712aec7a897365cce372c89ec441b3ac4da69afbc909782a4bcbbcff44af2a
<PROJECT_ROOT>\post_review_generalization_expansion_v1\06_g6_frozen_formal_execution\raw\000517_F_C_RESET_eth_sendTransaction.json,f7b120bd0ac481bdd7779ac847d06b292ed020159dfad9e1589dcaefc308b497
<PROJECT_ROOT>\post_review_generalization_expansion_v1\06_g6_frozen_formal_execution\raw\000518_F_C_RESET_eth_getTransactionReceipt.json,26862820d901e260fe06d0ecb37387a9bcdb8f63dc6de98f33de1d62bf06c236
<PROJECT_ROOT>\post_review_generalization_expansion_v1\06_g6_frozen_formal_execution\raw\000519_F_C_RESET_evm_setNextBlockTimestamp.json,af655b0da5bfc5817acfa0191f1614aad692cd30c394e7c6f58c8902931a22bf
<PROJECT_ROOT>\post_review_generalization_expansion_v1\06_g6_frozen_formal_execution\raw\000520_F_C_RESET_eth_sendTransaction.json,c60d51907cd204535e12a886cdec2b5420d5fa6092a18af314ae85617cf2c1e8
<PROJECT_ROOT>\post_review_generalization_expansion_v1\06_g6_frozen_formal_execution\raw\000521_F_C_RESET_eth_getTransactionReceipt.json,551dea8df88ee52cb5892ad7eb4bb585c194c2bbfa055e2aa5a2debf9007dc36
<PROJECT_ROOT>\post_review_generalization_expansion_v1\06_g6_frozen_formal_execution\raw\000522_F_C_RESET_evm_setNextBlockTimestamp.json,58d17e4052d2ada2445f85104468f6223d75c2414a93226ea46e039a69655eb2
<PROJECT_ROOT>\post_review_generalization_expansion_v1\06_g6_frozen_formal_execution\raw\000523_F_C_RESET_eth_sendTransaction.json,0e41267053988e4cf52bb95ec036e9c7cc687cae23aef362c90f579374371120
<PROJECT_ROOT>\post_review_generalization_expansion_v1\06_g6_frozen_formal_execution\raw\000524_F_C_RESET_eth_getTransactionReceipt.json,37daf0e842cf5d5ab2f82454b9a973d75ea66eb5bec589f03adb139a9d086984
<PROJECT_ROOT>\post_review_generalization_expansion_v1\06_g6_frozen_formal_execution\raw\000525_F_C_RESET_evm_setNextBlockTimestamp.json,4f97b48f409564308e03e96fbd7bdf8cc7533af9d958efc827a2747baf1a6168
<PROJECT_ROOT>\post_review_generalization_expansion_v1\06_g6_frozen_formal_execution\raw\000526_F_C_RESET_eth_sendTransaction.json,7f91c228e974743d738c67fef2fb7715b783b95c091b38cde36d21bb41a1dd7a
<PROJECT_ROOT>\post_review_generalization_expansion_v1\06_g6_frozen_formal_execution\raw\000527_F_C_RESET_eth_getTransactionReceipt.json,8cfb08d5d225beb9b73d8eb4ed1e32daf4ec2bfc1e14c7d569493be02be72e40
<PROJECT_ROOT>\post_review_generalization_expansion_v1\06_g6_frozen_formal_execution\raw\000528_F_C_RESET_evm_setNextBlockTimestamp.json,cbf4740cc99e8822393623ac68a348ce8ae8403e47a7244954b1a98bbdf2f0c8
<PROJECT_ROOT>\post_review_generalization_expansion_v1\06_g6_frozen_formal_execution\raw\000529_F_C_RESET_eth_sendTransaction.json,c6ed7006330bb6a3ad7e81b83d6cbc0fdf0959502f8be376805457fbcc5080c0
<PROJECT_ROOT>\post_review_generalization_expansion_v1\06_g6_frozen_formal_execution\raw\000530_F_C_RESET_eth_getTransactionReceipt.json,63c9c50a2a46fd1b56e4cf47462248c7b8c761b5efc221244ad584567e576609
<PROJECT_ROOT>\post_review_generalization_expansion_v1\06_g6_frozen_formal_execution\raw\000531_F_C_RESET_evm_setNextBlockTimestamp.json,9074fd8db44617ca8d3254a49c9c5077732c59bfa53c27433935ed44603c658c
<PROJECT_ROOT>\post_review_generalization_expansion_v1\06_g6_frozen_formal_execution\raw\000532_F_C_RESET_eth_sendTransaction.json,4e9dad1f533ffd4cbbfabb931eb65f33eda52574bf76aaf22b82c34811dbdabc
<PROJECT_ROOT>\post_review_generalization_expansion_v1\06_g6_frozen_formal_execution\raw\000533_F_C_RESET_eth_getTransactionReceipt.json,00a7de006e2479a40f20bc0c4e055e1b0ba5607fa1dc2106b1453a8a7889012d
<PROJECT_ROOT>\post_review_generalization_expansion_v1\06_g6_frozen_formal_execution\raw\000534_F_C_RESET_evm_setNextBlockTimestamp.json,e38472d9f3fb4007dd45f7be56f98e59805b905ff26ebe06a66e15fc4e4695b1
<PROJECT_ROOT>\post_review_generalization_expansion_v1\06_g6_frozen_formal_execution\raw\000535_F_C_RESET_eth_sendTransaction.json,97487b888e827aa8af767761b8310eb8ce2d844cee1bc568f103a5159549c427
<PROJECT_ROOT>\post_review_generalization_expansion_v1\06_g6_frozen_formal_execution\raw\000536_F_C_RESET_eth_getTransactionReceipt.json,d68aae24e99dc1b70292d7d1d3ff8c2387f711b38eb74a1ee52a963ea4b95bb0
<PROJECT_ROOT>\post_review_generalization_expansion_v1\06_g6_frozen_formal_execution\raw\000537_F_C_RESET_evm_setNextBlockTimestamp.json,8ed10a65c19ef2b485bad6127b855344acc4dc2b413e126a7758bedb9c05291e
<PROJECT_ROOT>\post_review_generalization_expansion_v1\06_g6_frozen_formal_execution\raw\000538_F_C_RESET_eth_sendTransaction.json,35cfa5bb741a74f023bcf3c03eea60c1b82f07d1826523f236ebc162efdca0ff
<PROJECT_ROOT>\post_review_generalization_expansion_v1\06_g6_frozen_formal_execution\raw\000539_F_C_RESET_eth_getTransactionReceipt.json,a73659fd7b821a0cdf902af3078249393177701fbd28c20e43afb4bbea005678
<PROJECT_ROOT>\post_review_generalization_expansion_v1\06_g6_frozen_formal_execution\raw\000540_F_C_RESET_evm_setNextBlockTimestamp.json,aa6721a7e9751300cb62a298a3000d426861a6cdaf89403ba45b8db95fd6e813
<PROJECT_ROOT>\post_review_generalization_expansion_v1\06_g6_frozen_formal_execution\raw\000541_F_C_RESET_eth_sendTransaction.json,ea2278a7ff8fefe0078716f7e7f8e34f43a57bd3e611a1f303bd885d051e44b0
<PROJECT_ROOT>\post_review_generalization_expansion_v1\06_g6_frozen_formal_execution\raw\000542_F_C_RESET_eth_getTransactionReceipt.json,303bd695da9bd7a250517b1d9c5c936c7a53d301b3701005b9514c8490a41c27
<PROJECT_ROOT>\post_review_generalization_expansion_v1\06_g6_frozen_formal_execution\raw\000543_F_C_RESET_evm_setNextBlockTimestamp.json,767ca92648270c82e56d99d8110f8482aef4826be52206677a4d19360e6c1cfa
<PROJECT_ROOT>\post_review_generalization_expansion_v1\06_g6_frozen_formal_execution\raw\000544_F_C_RESET_eth_sendTransaction.json,549ef0c39695f9b8cff957487e986e3d7d29914b7c68384ccda8641b0833ff3f
<PROJECT_ROOT>\post_review_generalization_expansion_v1\06_g6_frozen_formal_execution\raw\000545_F_C_RESET_eth_getTransactionReceipt.json,927dd0e3baa84a8785acdf5db5a52b85fa01bfc14c7d67c2284f4a3fc0dcee60
<PROJECT_ROOT>\post_review_generalization_expansion_v1\06_g6_frozen_formal_execution\raw\000546_F_C_RESET_evm_setNextBlockTimestamp.json,d91f92786027f53ea5327159f5e4c79f5f588e709ef0fe809ae8e3344cb73cdc
<PROJECT_ROOT>\post_review_generalization_expansion_v1\06_g6_frozen_formal_execution\raw\000547_F_C_RESET_eth_sendTransaction.json,eae49e149fd958a4bda6637ac70ef2a0f7fd478bab5b659660d77c4eeb30fc16
<PROJECT_ROOT>\post_review_generalization_expansion_v1\06_g6_frozen_formal_execution\raw\000548_F_C_RESET_eth_getTransactionReceipt.json,099252d9098d20a4bb0edd5be9b2e793fc652eaa3569f16283189c9f098b4bce
<PROJECT_ROOT>\post_review_generalization_expansion_v1\06_g6_frozen_formal_execution\raw\000549_F_C_FC0_eth_call.json,0c35e8b120965dce421d2c2104cbae4be590a28ed5ce21c813327e575f79459f
<PROJECT_ROOT>\post_review_generalization_expansion_v1\06_g6_frozen_formal_execution\raw\000550_F_C_FC0_evm_setNextBlockTimestamp.json,6d7cf8c182e52929a0c06fe06bad220a032ef9a60526dd7a416fad2aa07a6d4f
<PROJECT_ROOT>\post_review_generalization_expansion_v1\06_g6_frozen_formal_execution\raw\000551_F_C_FC0_eth_call.json,239cf1da6daba8715eceaf4ce474fd484031f3c6ea46004f8db79e5b7b54c13f
<PROJECT_ROOT>\post_review_generalization_expansion_v1\06_g6_frozen_formal_execution\raw\000552_F_C_FC0_eth_call.json,757b8bf1396ce96752703647b7e5af754cb0bdcee529074d8a2062a4d792af4d
<PROJECT_ROOT>\post_review_generalization_expansion_v1\06_g6_frozen_formal_execution\raw\000553_F_C_FC0_eth_call.json,7577530e426c665198f47b173f40d72d75eb4340a93433e36e36ab7fc2859e84
<PROJECT_ROOT>\post_review_generalization_expansion_v1\06_g6_frozen_formal_execution\raw\000554_F_C_FC0_eth_call.json,bbab198c4a2382eacc6c2f867756f2f1adb1dbf41bd3a3e9f20262f5d2292e83
<PROJECT_ROOT>\post_review_generalization_expansion_v1\06_g6_frozen_formal_execution\raw\000555_F_C_FC0_eth_call.json,62ec26b305f0e4a9acd02a65854d0fbb62ecf2c25d562e28fe947d9a7d887b4b
<PROJECT_ROOT>\post_review_generalization_expansion_v1\06_g6_frozen_formal_execution\raw\000556_F_C_FC0_eth_call.json,25e83ff1ac55c618658b1ffc1843191423573e80b2bb1106f51bdadee517fc69
<PROJECT_ROOT>\post_review_generalization_expansion_v1\06_g6_frozen_formal_execution\raw\000557_F_C_FC0_eth_call.json,5e3781e65712baf0f93ca2303473b9577de976f8b684009af66a8a2d35d513b7
<PROJECT_ROOT>\post_review_generalization_expansion_v1\06_g6_frozen_formal_execution\raw\000558_F_C_FC0_eth_call.json,515fd52a0e32888ee4267779af1e615c1eeeeb9ae19301ac52bd00379ef2053f
<PROJECT_ROOT>\post_review_generalization_expansion_v1\06_g6_frozen_formal_execution\raw\000559_F_C_FC0_eth_call.json,eff6ef7869d511af13ae26c2bdb69752f5fc4d58b413d1c211b7c58da3f4d112
<PROJECT_ROOT>\post_review_generalization_expansion_v1\06_g6_frozen_formal_execution\raw\000560_F_C_FC0_eth_call.json,c419995931deddfa6a492f4b040bd4e0f42a8b59de9576adf8e1e683043de60e
<PROJECT_ROOT>\post_review_generalization_expansion_v1\06_g6_frozen_formal_execution\raw\000561_F_C_FC0_eth_sendTransaction.json,1b6456e5560232dfea3f60add5ab368841227048d4718a21fec3a215b80ec17a
<PROJECT_ROOT>\post_review_generalization_expansion_v1\06_g6_frozen_formal_execution\raw\000562_F_C_FC0_eth_getTransactionReceipt.json,1a8706724b6fe4ee5cef5db5775f2090b4521771c095dede653a811ddbc70028
<PROJECT_ROOT>\post_review_generalization_expansion_v1\06_g6_frozen_formal_execution\raw\000563_F_C_FC0_debug_traceTransaction.json,f23e9ff21d883092113aed49533162a895eae6b5127fb34acc40f12e1c999b10
<PROJECT_ROOT>\post_review_generalization_expansion_v1\06_g6_frozen_formal_execution\raw\000564_F_C_FC0_eth_call.json,e0adaf27ed43b7136feb001604dfe1923b24d6e42b1705b1fb3f48d86c0437b8
<PROJECT_ROOT>\post_review_generalization_expansion_v1\06_g6_frozen_formal_execution\raw\000565_F_C_FC0_eth_call.json,b2ccba64c12a552cc2697730a2433e32e32ae6fc4e5e5fcf7fd0c8af12a4d169
<PROJECT_ROOT>\post_review_generalization_expansion_v1\06_g6_frozen_formal_execution\raw\000566_F_C_FC0_eth_call.json,9435d6feae63c95ffcdf3b71713c10c6fc1a34ee9bdecd0faaad38678c2fb621
<PROJECT_ROOT>\post_review_generalization_expansion_v1\06_g6_frozen_formal_execution\raw\000567_F_C_FC0_eth_call.json,9f1705903c1fef718f4b0499117ede6118168eb910d4dc0e2b551868c39fcee9
<PROJECT_ROOT>\post_review_generalization_expansion_v1\06_g6_frozen_formal_execution\raw\000568_F_C_FC0_eth_call.json,01f09a17d51f4ef410f14aec88c2c28a8d983184c9fba337d1779ddcd3715666
<PROJECT_ROOT>\post_review_generalization_expansion_v1\06_g6_frozen_formal_execution\raw\000569_F_C_FC0_eth_call.json,c114d7875f0098752f7e799ac2be4498b1089ea7e85672b97973411edec9b8f8
<PROJECT_ROOT>\post_review_generalization_expansion_v1\06_g6_frozen_formal_execution\raw\000570_F_C_FC0_eth_call.json,e85bb65700955a3c69bc6bba7c0f6c548b31c66f241fc46edfece09facea2261
<PROJECT_ROOT>\post_review_generalization_expansion_v1\06_g6_frozen_formal_execution\raw\000571_F_C_FC0_eth_call.json,6b30e30058e17b8ffff0658dd36b3bfcac353d2bdf74f9c278d297740852a4c3
<PROJECT_ROOT>\post_review_generalization_expansion_v1\06_g6_frozen_formal_execution\raw\000572_F_C_FC0_eth_call.json,5e36a763caef55425f76b909039a03ebb449a3a351f78706fa023acdf2c0c442
<PROJECT_ROOT>\post_review_generalization_expansion_v1\06_g6_frozen_formal_execution\raw\000573_F_C_FC0_eth_call.json,a949ac9a48f1fe29bbcaa99435fd4225ff8595fb4498c2d2f0e7ab5196a9f82f
<PROJECT_ROOT>\post_review_generalization_expansion_v1\06_g6_frozen_formal_execution\raw\000574_F_C_FC1_eth_call.json,5671167950455a0e7d0ba4fa49e3fdacbadf92b774045d0ea977a0b0d7c58c73
<PROJECT_ROOT>\post_review_generalization_expansion_v1\06_g6_frozen_formal_execution\raw\000575_F_C_FC1_evm_setNextBlockTimestamp.json,6e234877f21d8166a2bdf49f145d5384687723508ad209f089b3be3a55cfb028
<PROJECT_ROOT>\post_review_generalization_expansion_v1\06_g6_frozen_formal_execution\raw\000576_F_C_FC1_eth_call.json,c0db5a5bfee18b84481c4623e9fa9dffd07247dcbf8e03ca7d3a92e720661996
<PROJECT_ROOT>\post_review_generalization_expansion_v1\06_g6_frozen_formal_execution\raw\000577_F_C_FC1_eth_call.json,6575a17aaf069056ee5992eabf76da38028f252b2639edfd9ad9eff6a28797cb
<PROJECT_ROOT>\post_review_generalization_expansion_v1\06_g6_frozen_formal_execution\raw\000578_F_C_FC1_eth_call.json,637a21b7ca7a75e78381cdd72adb0dd4fab57738b49aa20ceff6481dbd848d38
<PROJECT_ROOT>\post_review_generalization_expansion_v1\06_g6_frozen_formal_execution\raw\000579_F_C_FC1_eth_call.json,602d06b679c93497f4177570399801121c4181892c28ca32a5b3bf351c6e30d9
<PROJECT_ROOT>\post_review_generalization_expansion_v1\06_g6_frozen_formal_execution\raw\000580_F_C_FC1_eth_call.json,adbedfea02c7e727c6d0c968d41107b075bde3a54d040456aa07b087f202ea61
<PROJECT_ROOT>\post_review_generalization_expansion_v1\06_g6_frozen_formal_execution\raw\000581_F_C_FC1_eth_call.json,c0c09399ac885aba3e433ff4317fba705e5b91cd3420f9a473cb3eef4654939c
<PROJECT_ROOT>\post_review_generalization_expansion_v1\06_g6_frozen_formal_execution\raw\000582_F_C_FC1_eth_call.json,252709f647b6bf41af389659c255f014633dec8ea72fe3e4982da4b01e88d27a
<PROJECT_ROOT>\post_review_generalization_expansion_v1\06_g6_frozen_formal_execution\raw\000583_F_C_FC1_eth_call.json,dfebe45fc8e34256c93539d333c74f1a5d30eb2402a46da74eac44ff74a48c29
<PROJECT_ROOT>\post_review_generalization_expansion_v1\06_g6_frozen_formal_execution\raw\000584_F_C_FC1_eth_call.json,d1ad0216941d3cce3a760dc137e9f349505492e5d4882b67764270b0b03ebf56
<PROJECT_ROOT>\post_review_generalization_expansion_v1\06_g6_frozen_formal_execution\raw\000585_F_C_FC1_eth_call.json,615f8a891ce6f51732403d982b6d71ebb68cce6c2bd0256a032a1e34763cae27
<PROJECT_ROOT>\post_review_generalization_expansion_v1\06_g6_frozen_formal_execution\raw\000586_F_C_FC1_eth_sendTransaction.json,6acec404ce43a54a09b79ecd629c13f6fdeb160c9f0befea6e726648126e22b5
<PROJECT_ROOT>\post_review_generalization_expansion_v1\06_g6_frozen_formal_execution\raw\000587_F_C_FC1_eth_getTransactionReceipt.json,a93786c60a793708586a46ecd84fdbee6645c5e4bc6f7033aaf86027ab44ca6a
<PROJECT_ROOT>\post_review_generalization_expansion_v1\06_g6_frozen_formal_execution\raw\000588_F_C_FC1_debug_traceTransaction.json,11ce09fd8b351274456ae961285e291fce5398089405103f80a12f0eed73eb62
<PROJECT_ROOT>\post_review_generalization_expansion_v1\06_g6_frozen_formal_execution\raw\000589_F_C_FC1_eth_call.json,ecd690dd8a73d3564d451b9f243169fc7fd0fd09b25a3bdc6e067edda2a34472
<PROJECT_ROOT>\post_review_generalization_expansion_v1\06_g6_frozen_formal_execution\raw\000590_F_C_FC1_eth_call.json,ca7e30228762d0b0c9684fcf80b75771cb833d7a01d64ebd15f4a0f1b8c1bf17
<PROJECT_ROOT>\post_review_generalization_expansion_v1\06_g6_frozen_formal_execution\raw\000591_F_C_FC1_eth_call.json,741bd9e342e3ea19f06cae0d98ba0a4c27497b3fea3be76c975da4c415da631f
<PROJECT_ROOT>\post_review_generalization_expansion_v1\06_g6_frozen_formal_execution\raw\000592_F_C_FC1_eth_call.json,d4060b6a7e97aec1f00059a1f067aa4fdf26f785896222a0439bfef9692a0a30
<PROJECT_ROOT>\post_review_generalization_expansion_v1\06_g6_frozen_formal_execution\raw\000593_F_C_FC1_eth_call.json,6ea1fe63874ce61fe0abfa6534ad14dec2c7c53908b9ff1258b546ea903661f9
<PROJECT_ROOT>\post_review_generalization_expansion_v1\06_g6_frozen_formal_execution\raw\000594_F_C_FC1_eth_call.json,a0bccc69a3551cc408ae246741c59532a343e2c51856f2649ddbec235a10e8ba
<PROJECT_ROOT>\post_review_generalization_expansion_v1\06_g6_frozen_formal_execution\raw\000595_F_C_FC1_eth_call.json,fabfc2b8b914952f76cbab873bf77987c02066fd37988b102e6f85c1955549e6
<PROJECT_ROOT>\post_review_generalization_expansion_v1\06_g6_frozen_formal_execution\raw\000596_F_C_FC1_eth_call.json,ec49d0cc03d217490d5766ddadfb05ec7d214e446568a438f607b882dded6588
<PROJECT_ROOT>\post_review_generalization_expansion_v1\06_g6_frozen_formal_execution\raw\000597_F_C_FC1_eth_call.json,2d7f3df4b8ae29134ba6516e3c18158a7bf1d9d5ff3fee92555511151eb54546
<PROJECT_ROOT>\post_review_generalization_expansion_v1\06_g6_frozen_formal_execution\raw\000598_F_C_FC1_eth_call.json,0537c761f082540e0bca6ba8d47d652c2d1b8a6d7181a8873cd9a0def72d19d6
<PROJECT_ROOT>\post_review_generalization_expansion_v1\06_g6_frozen_formal_execution\raw\000599_F_C_FC2_eth_call.json,a9dd88e7cefc6313b0125a7ee1899f9935d18cea6f22de50ffe346c9379e0f72
<PROJECT_ROOT>\post_review_generalization_expansion_v1\06_g6_frozen_formal_execution\raw\000600_F_C_FC2_evm_setNextBlockTimestamp.json,3428c5f90e53e711300a76770988cf7930fe59e64044946f98e069c8837ec1ca
<PROJECT_ROOT>\post_review_generalization_expansion_v1\06_g6_frozen_formal_execution\raw\000601_F_C_FC2_evm_mine.json,2abf82eb09c3db9fc342e9343cbcc9d9a7c2c13d034723ebe1ab1966d9b09bbf
<PROJECT_ROOT>\post_review_generalization_expansion_v1\06_g6_frozen_formal_execution\raw\000602_F_C_FC2_eth_call.json,3136fc0994dad16ad4dca2b30af6126989d32387ec24a2b787837d4deb31c318
<PROJECT_ROOT>\post_review_generalization_expansion_v1\06_g6_frozen_formal_execution\raw\000603_F_C_FC2_eth_call.json,852de57e92be75324b4cb1a42f2317236bbe9ca3d34dcf3a8fff6ecc5592dde1
<PROJECT_ROOT>\post_review_generalization_expansion_v1\06_g6_frozen_formal_execution\raw\000604_F_C_FC2_eth_call.json,145f101a1c38754ec00af58ef06ee056b8835720d2fdfc05a4f023b9a0a0efbe
<PROJECT_ROOT>\post_review_generalization_expansion_v1\06_g6_frozen_formal_execution\raw\000605_F_C_FC2_eth_call.json,6f9b035dff2d0dbf6d378a91b9c970a02e104ee6fb8f04c8a5456d4c0e3be1e3
<PROJECT_ROOT>\post_review_generalization_expansion_v1\06_g6_frozen_formal_execution\raw\000606_F_C_FC2_eth_call.json,8b5cf3306d792464d3f0a6103b65602749f8f6330664c7361694870819c75bab
<PROJECT_ROOT>\post_review_generalization_expansion_v1\06_g6_frozen_formal_execution\raw\000607_F_C_FC2_eth_call.json,45ae8a64a91f52b3df26ee166e6e0f7a4cea7945115dc53c7f79f74816880a1b
<PROJECT_ROOT>\post_review_generalization_expansion_v1\06_g6_frozen_formal_execution\raw\000608_F_C_FC2_eth_call.json,1c75d0528b4c9b0dd37cc3c56f5fae32df7287da5549677175fb7df8164494bf
<PROJECT_ROOT>\post_review_generalization_expansion_v1\06_g6_frozen_formal_execution\raw\000609_F_C_FC2_eth_call.json,a4734bce6dbb10fb34cd78bbe8a44f211a2165f8d2c24e0365a9dc75d08b4bf4
<PROJECT_ROOT>\post_review_generalization_expansion_v1\06_g6_frozen_formal_execution\raw\000610_F_C_FC2_eth_call.json,06cfab0bfecdbb342aa504b76cbf5c077aa1c31afab5011b77d609f221d3650a
<PROJECT_ROOT>\post_review_generalization_expansion_v1\06_g6_frozen_formal_execution\raw\000611_F_C_FC2_eth_call.json,5fcd77cc1d0c03a2ccbb5903e229e05a0fce8f2098ec4604caadcb473dabf7bc
<PROJECT_ROOT>\post_review_generalization_expansion_v1\06_g6_frozen_formal_execution\raw\000612_F_C_FC2_debug_traceCall.json,145265582e1d7bbe8b84ffcc06a937f65eed22bc33787a16a9b316904db65089
<PROJECT_ROOT>\post_review_generalization_expansion_v1\06_g6_frozen_formal_execution\raw\000613_F_C_FC2_eth_call.json,da9dec95a44ade3dac50b5dd5112393a6b425902857e2c22010087b22a540eda
<PROJECT_ROOT>\post_review_generalization_expansion_v1\06_g6_frozen_formal_execution\raw\000614_F_C_FC2_eth_call.json,1cfaa0247b075b0f2ddb0845e5a922c3c432f2b8b273cf4c0db2fcf4dc4ce62c
<PROJECT_ROOT>\post_review_generalization_expansion_v1\06_g6_frozen_formal_execution\raw\000615_F_C_FC2_eth_call.json,73b24a72f38e4dfa53dd160ed6eda457fbae1c12d9b00d5f84e7db81b6cbf924
<PROJECT_ROOT>\post_review_generalization_expansion_v1\06_g6_frozen_formal_execution\raw\000616_F_C_FC2_eth_call.json,ee650c7719518de156e3769126e9afda89855ce96cbc1a7ce5a45a99fd271765
<PROJECT_ROOT>\post_review_generalization_expansion_v1\06_g6_frozen_formal_execution\raw\000617_F_C_FC2_eth_call.json,91f57b7df096ce318f8b388d2322a1a75f5b67a8cfd4a9877b172ed87a96ab85
<PROJECT_ROOT>\post_review_generalization_expansion_v1\06_g6_frozen_formal_execution\raw\000618_F_C_FC2_eth_call.json,16c6652086568f3e5cf913240d7a88a42ca0d7dd261181c9515f84cb66a3d642
<PROJECT_ROOT>\post_review_generalization_expansion_v1\06_g6_frozen_formal_execution\raw\000619_F_C_FC2_eth_call.json,a57445fa54cc5cf014bb9625d26ae0a69df6c506fdd15b39c71b6bdc65aabf21
<PROJECT_ROOT>\post_review_generalization_expansion_v1\06_g6_frozen_formal_execution\raw\000620_F_C_FC2_eth_call.json,80adb186dffffd81d41e54f7decbfcb0ee28509d961bd081f90cd9930f81e5ab
<PROJECT_ROOT>\post_review_generalization_expansion_v1\06_g6_frozen_formal_execution\raw\000621_F_C_FC2_eth_call.json,bc604b3404de216b14ab2461264ed40f52a763218364f97a01d87766bbc9eab8
<PROJECT_ROOT>\post_review_generalization_expansion_v1\06_g6_frozen_formal_execution\raw\000622_F_C_FC2_eth_call.json,48ac394e872f117bc707f243333c7929b9848618c58e4f731d6099233e578877
<PROJECT_ROOT>\post_review_generalization_expansion_v1\06_g6_frozen_formal_execution\raw\000623_F_C_FC2_eth_getBlockByNumber.json,da21d17df94358c76cbb865224fa2c120abe8fd3b366ce183fbd6ec3b143667a
<PROJECT_ROOT>\post_review_generalization_expansion_v1\06_g6_frozen_formal_execution\raw\000624_F_C_FC3_eth_call.json,10051517cbc7c2339da83cf84c5d36bd2a01d20c4d8e45d0d34e446f954eaa93
<PROJECT_ROOT>\post_review_generalization_expansion_v1\06_g6_frozen_formal_execution\raw\000625_F_C_FC3_evm_setNextBlockTimestamp.json,cc59a86755a408c96aff42645ff409fa7a3a9c43356e56e13d631accf5a4ac3d
<PROJECT_ROOT>\post_review_generalization_expansion_v1\06_g6_frozen_formal_execution\raw\000626_F_C_FC3_evm_mine.json,51e3430ed31d3885e907691f3709516faf7489f445ec3c5ec2cd9218b4cdcaad
<PROJECT_ROOT>\post_review_generalization_expansion_v1\06_g6_frozen_formal_execution\raw\000627_F_C_FC3_eth_call.json,1d0813ac990a6365c3cca5f62f52625c6e5b156904ff74695aec1a3399fcd1c5
<PROJECT_ROOT>\post_review_generalization_expansion_v1\06_g6_frozen_formal_execution\raw\000628_F_C_FC3_eth_call.json,250c8cecd6d0bebe89a35c4621ebfd5e9098d4470d667d142e8a921965371e32
<PROJECT_ROOT>\post_review_generalization_expansion_v1\06_g6_frozen_formal_execution\raw\000629_F_C_FC3_eth_call.json,5fa62689254b8f1c3a20b9e0f796f61e3e003e0247291ff1c31c4be159dfeb40
<PROJECT_ROOT>\post_review_generalization_expansion_v1\06_g6_frozen_formal_execution\raw\000630_F_C_FC3_eth_call.json,927f35ace56f590ddb71a6121a1e19bed868c48237d7108c8375a1719e719cfe
<PROJECT_ROOT>\post_review_generalization_expansion_v1\06_g6_frozen_formal_execution\raw\000631_F_C_FC3_eth_call.json,3051dbb8e6533f3ff3399a4ccb63d46e6fb67c7e687fcd147013c783c445c03f
<PROJECT_ROOT>\post_review_generalization_expansion_v1\06_g6_frozen_formal_execution\raw\000632_F_C_FC3_eth_call.json,2fb6f8a6b1505946a0120d95d89ebca6b6b4c4625f1b4fbd074a1188adf2c0a8
<PROJECT_ROOT>\post_review_generalization_expansion_v1\06_g6_frozen_formal_execution\raw\000633_F_C_FC3_eth_call.json,e4eb55a981aa40bbaab75fc198e2901a4192c1bb518c9e65714f73f6a035fe8c
<PROJECT_ROOT>\post_review_generalization_expansion_v1\06_g6_frozen_formal_execution\raw\000634_F_C_FC3_eth_call.json,c44c3aaaf0599407d89b648574b41c3da8ab9c0f98eaf4c7a0e8b5aa3a9dc95e
<PROJECT_ROOT>\post_review_generalization_expansion_v1\06_g6_frozen_formal_execution\raw\000635_F_C_FC3_eth_call.json,00105a808a5aa3aa349ba0834c6449512927108e94426ddcc891b9ade2c155fe
<PROJECT_ROOT>\post_review_generalization_expansion_v1\06_g6_frozen_formal_execution\raw\000636_F_C_FC3_eth_call.json,dcd867e678127dc3625d3d6158e47f69018d60f8331eb1f00b86abafb23d7c39
<PROJECT_ROOT>\post_review_generalization_expansion_v1\06_g6_frozen_formal_execution\raw\000637_F_C_FC3_debug_traceCall.json,ee2012ac761420beeecd63a501dbfe564f8cc369d4aad2ee3f4e14c95109fb9e
<PROJECT_ROOT>\post_review_generalization_expansion_v1\06_g6_frozen_formal_execution\raw\000638_F_C_FC3_eth_call.json,6b65786145a9d4e4037571db2007c1c8d11296d1049b5b23ffa5d1cbdbf05cec
<PROJECT_ROOT>\post_review_generalization_expansion_v1\06_g6_frozen_formal_execution\raw\000639_F_C_FC3_eth_call.json,42d51995d1b0a143b7c43684d4364e6a7ae9686800060681014c496eb9500f72
<PROJECT_ROOT>\post_review_generalization_expansion_v1\06_g6_frozen_formal_execution\raw\000640_F_C_FC3_eth_call.json,ba52155277bc276f7f301e0ee3617b01b9f230ecabff0898e323431ed9491ee2
<PROJECT_ROOT>\post_review_generalization_expansion_v1\06_g6_frozen_formal_execution\raw\000641_F_C_FC3_eth_call.json,3b36fb2bb1b7ebc85e39003aeacb62b4ec1f1946d06eeb5df68206a1b9ab9376
<PROJECT_ROOT>\post_review_generalization_expansion_v1\06_g6_frozen_formal_execution\raw\000642_F_C_FC3_eth_call.json,6ad065b08bb3cfe8592299302277c6862e8389a5708e18c2784ce05e8effa74a
<PROJECT_ROOT>\post_review_generalization_expansion_v1\06_g6_frozen_formal_execution\raw\000643_F_C_FC3_eth_call.json,e15b950c8cb37255fcfbc558b99ccc7fcd396e1b60f14b3dd45e6960529b54dc
<PROJECT_ROOT>\post_review_generalization_expansion_v1\06_g6_frozen_formal_execution\raw\000644_F_C_FC3_eth_call.json,97e658e8fa3a2bdddad267c2004bf89f12646ce56fa728ff5208a02d04f93cbd
<PROJECT_ROOT>\post_review_generalization_expansion_v1\06_g6_frozen_formal_execution\raw\000645_F_C_FC3_eth_call.json,d489e79db864d78e747c14c2b1ec2e4bb1a049a43d467ee9c31e6d5b5cedc1d9
<PROJECT_ROOT>\post_review_generalization_expansion_v1\06_g6_frozen_formal_execution\raw\000646_F_C_FC3_eth_call.json,e7a4b92e8204214f5e4c3312dfba2ca37e33b0ad69ea3fb0262bd7e891abaad7
<PROJECT_ROOT>\post_review_generalization_expansion_v1\06_g6_frozen_formal_execution\raw\000647_F_C_FC3_eth_call.json,af04a084b850cd8fd145cf138b532a5e5ee390ff5dd73bcf37728be594c7d756
<PROJECT_ROOT>\post_review_generalization_expansion_v1\06_g6_frozen_formal_execution\raw\000648_F_C_FC3_eth_getBlockByNumber.json,ae1ef58df166bfa96092dab9ee63a4dc96b48fc2447d705d94c1850cc1c33efe
<PROJECT_ROOT>\post_review_generalization_expansion_v1\06_g6_frozen_formal_execution\reference\AA0.json,ec684551cb975f666cdf66157ce05e04f0d4223a25b13116aa108f9dc24f3a89
<PROJECT_ROOT>\post_review_generalization_expansion_v1\06_g6_frozen_formal_execution\reference\AA1.json,7ba78e661306d6e99c46e899d2709256417b54a80e99e5e7289c877f77ddaf7b
<PROJECT_ROOT>\post_review_generalization_expansion_v1\06_g6_frozen_formal_execution\reference\AA2.json,1f73f3fab8694b8bd484b41675af1b869e3e98c1e7eb9cfa9a6467f013d74db0
<PROJECT_ROOT>\post_review_generalization_expansion_v1\06_g6_frozen_formal_execution\reference\AA3.json,c063e39c662ca342975f2b6369f53e1882aaafac9029cf64676b46684271b1b7
<PROJECT_ROOT>\post_review_generalization_expansion_v1\06_g6_frozen_formal_execution\reference\AA4.json,4a70b5302ad5fcd76f25bccfa945c35ee20734a2bbb416d77d5a45fcd1bb1539
<PROJECT_ROOT>\post_review_generalization_expansion_v1\06_g6_frozen_formal_execution\reference\AB0.json,1a0d022018bef2633f77409294483835dadb2d0ef9fe50d9f6563faaf6294f92
<PROJECT_ROOT>\post_review_generalization_expansion_v1\06_g6_frozen_formal_execution\reference\AB1.json,dde9e537a04554348a9bb9a9af0bf5fea20e0b89995e8dae3981f0930c0cf644
<PROJECT_ROOT>\post_review_generalization_expansion_v1\06_g6_frozen_formal_execution\reference\AB2.json,8157d1ddd45f765b294bffdbd79dc72a7338e927b91148f736c359fba24e2aa3
<PROJECT_ROOT>\post_review_generalization_expansion_v1\06_g6_frozen_formal_execution\reference\FA0.json,0a6a453654eb13f9b4255d65a06524852324f4223fbaa8f897b1021924122325
<PROJECT_ROOT>\post_review_generalization_expansion_v1\06_g6_frozen_formal_execution\reference\FA1.json,70aa78d412b8b978e7380ff031319d7c2125609c390a8a5451c2cea0bdf555a4
<PROJECT_ROOT>\post_review_generalization_expansion_v1\06_g6_frozen_formal_execution\reference\FA2.json,271954274db2f1752f2fa72c4dcec569d030f03afa305ddc4bf087cc85fbd091
<PROJECT_ROOT>\post_review_generalization_expansion_v1\06_g6_frozen_formal_execution\reference\FA3.json,fc9033e81a549b3721a9f786306c6f6874af3accea3b646d0a85e39649a0fca9
<PROJECT_ROOT>\post_review_generalization_expansion_v1\06_g6_frozen_formal_execution\reference\FB0.json,864dc0783221d71ea0ef0867666088606db778d2fc93934c998624e65c8b0369
<PROJECT_ROOT>\post_review_generalization_expansion_v1\06_g6_frozen_formal_execution\reference\FB1.json,170d22ef5bbdac89dbed11b6838565a7bf70a72d5a34084df21ed2ff5b2059a7
<PROJECT_ROOT>\post_review_generalization_expansion_v1\06_g6_frozen_formal_execution\reference\FB2.json,db9309b44bf9fdc4b130a042501b8db1fa382e60302a13e62c64d50ee61ae74a
<PROJECT_ROOT>\post_review_generalization_expansion_v1\06_g6_frozen_formal_execution\reference\FC0.json,bcd29d00687c3d0429c3d7c24d499cda9dfc9e43423a2cce5c8927a43b87c3db
<PROJECT_ROOT>\post_review_generalization_expansion_v1\06_g6_frozen_formal_execution\reference\FC1.json,a279f1eec8c3780c4498ae35838d5826ed3fc220c30d15791ce0ad38c1e961a3
<PROJECT_ROOT>\post_review_generalization_expansion_v1\06_g6_frozen_formal_execution\reference\FC2.json,0e0a72f7d805591ff5e937f57a83bfa89282a223406316b6a838cdd4a8dcc2a4
<PROJECT_ROOT>\post_review_generalization_expansion_v1\06_g6_frozen_formal_execution\reference\FC3.json,b63b4081395ee4e19fc2345de06411558880c1e04a63b6067cef5e5fbe50fb6d
<PROJECT_ROOT>\post_review_generalization_expansion_v1\06_g6_frozen_formal_execution\reference\VA0.json,7e44337699fc27b54650add97245f36f8d3f5f9699d121c8cf29b3ff6641bf61
<PROJECT_ROOT>\post_review_generalization_expansion_v1\06_g6_frozen_formal_execution\reference\VA1.json,4c04aa6a3ef155a0197f4ab2ec246513d5d7ce970a8fec3eebb0b360b33a6761
<PROJECT_ROOT>\post_review_generalization_expansion_v1\06_g6_frozen_formal_execution\reference\VA2.json,4e22ab7a4702b85d249f860312793603cc1ccf718f0ac72e54bd93b430718432
<PROJECT_ROOT>\post_review_generalization_expansion_v1\06_g6_frozen_formal_execution\reference\VA3.json,cd924898b422f2d5d1384e6b59161aef9f8f1831b272218090781549b0d5febd
<PROJECT_ROOT>\post_review_generalization_expansion_v1\06_g6_frozen_formal_execution\reference\VA4.json,2e4f1063d5a41c2b6016b8f4b4dcd229c78ef4757ead765dab61bd88ecb6b290
<PROJECT_ROOT>\post_review_generalization_expansion_v1\06_g6_frozen_formal_execution\reference\VB0.json,5f5d14b6c1d1157698d68362cf84018e67907331f989626837cc155edd702a59
<PROJECT_ROOT>\post_review_generalization_expansion_v1\06_g6_frozen_formal_execution\reference\VB1.json,ebc5507b2f3f526e87cf22808154c63f7ecad929cb2cf6b57995044d24fa34cf
<PROJECT_ROOT>\post_review_generalization_expansion_v1\06_g6_frozen_formal_execution\reference\VB2.json,6e2e4ed1dae820d31cee33b84646902713a28bfe3ece11ed782dcfb5afc4e73a
<PROJECT_ROOT>\post_review_generalization_expansion_v1\06_g6_frozen_formal_execution\traces\AA0.json,31fe95b7571235537f16afd9f6b2696ccdb5c076ce6aabc1810636aefe29aa2d
<PROJECT_ROOT>\post_review_generalization_expansion_v1\06_g6_frozen_formal_execution\traces\AA1.json,31fe95b7571235537f16afd9f6b2696ccdb5c076ce6aabc1810636aefe29aa2d
<PROJECT_ROOT>\post_review_generalization_expansion_v1\06_g6_frozen_formal_execution\traces\AA2.json,b5188d24bfa5aaa9695a77dd596ba3b3c307a248d2a6571f9a648c0824f89dce
<PROJECT_ROOT>\post_review_generalization_expansion_v1\06_g6_frozen_formal_execution\traces\AA3.json,b5188d24bfa5aaa9695a77dd596ba3b3c307a248d2a6571f9a648c0824f89dce
<PROJECT_ROOT>\post_review_generalization_expansion_v1\06_g6_frozen_formal_execution\traces\AA4.json,31fe95b7571235537f16afd9f6b2696ccdb5c076ce6aabc1810636aefe29aa2d
<PROJECT_ROOT>\post_review_generalization_expansion_v1\06_g6_frozen_formal_execution\traces\AB0.json,ab89a0cb44340b16f07eac96ad302226697ac4ebb05668ee6392389584c32e5d
<PROJECT_ROOT>\post_review_generalization_expansion_v1\06_g6_frozen_formal_execution\traces\AB1.json,b5188d24bfa5aaa9695a77dd596ba3b3c307a248d2a6571f9a648c0824f89dce
<PROJECT_ROOT>\post_review_generalization_expansion_v1\06_g6_frozen_formal_execution\traces\AB2.json,31fe95b7571235537f16afd9f6b2696ccdb5c076ce6aabc1810636aefe29aa2d
<PROJECT_ROOT>\post_review_generalization_expansion_v1\06_g6_frozen_formal_execution\traces\FC0.json,9d0458a2d753d5c34b051586e916bf638c63d973165c4f451a2cdad302d37fd8
<PROJECT_ROOT>\post_review_generalization_expansion_v1\06_g6_frozen_formal_execution\traces\FC1.json,44d3e54cc080e287868dfc0e2321dd720d1beb8bbabd993b5cc72057abcef549
<PROJECT_ROOT>\post_review_generalization_expansion_v1\06_g6_frozen_formal_execution\traces\FC2.json,e6622caa60af5f7e74dc704d4a53f049af8696073cb28c8f0b415752cc149431
<PROJECT_ROOT>\post_review_generalization_expansion_v1\06_g6_frozen_formal_execution\traces\FC3.json,e6622caa60af5f7e74dc704d4a53f049af8696073cb28c8f0b415752cc149431
<PROJECT_ROOT>\post_review_generalization_expansion_v1\06_g6_frozen_formal_execution\traces\VA0.json,5dc35693095c7dd8b4b60fd4fdae8c53c67cad4aad63cfc393fabe8e8abc9d52
<PROJECT_ROOT>\post_review_generalization_expansion_v1\06_g6_frozen_formal_execution\traces\VA1.json,7dcdb394bddf81b1b787e107b59cafa71459cbe8435be4f3cb8b9602f7adf51c
<PROJECT_ROOT>\post_review_generalization_expansion_v1\06_g6_frozen_formal_execution\traces\VA2.json,b30f5c9e6585e7e727162239c7dfa21b7182c0e063dd6ad53deacb4726fe0a27
<PROJECT_ROOT>\post_review_generalization_expansion_v1\06_g6_frozen_formal_execution\traces\VA3.json,aeb9234ec6373bd7a453008148d7a4f71866c6b4682f4bd7f9031271edfeac0b
<PROJECT_ROOT>\post_review_generalization_expansion_v1\06_g6_frozen_formal_execution\traces\VA4.json,ab358e0b26744c3f242a75ede68b3f958bb9f2eee6822e51fcd69d0d44bbc958
<PROJECT_ROOT>\post_review_generalization_expansion_v1\06_g6_frozen_formal_execution\traces\VB0.json,dd94c95e9535d09fc8732d6c9124ee6c939814aca1753f95893c9c0b499bc1d2
<PROJECT_ROOT>\post_review_generalization_expansion_v1\06_g6_frozen_formal_execution\traces\VB1.json,065e8206fcaab5f733743889ee4dea6589103bc7d483527c6d19412c2883f2e3
<PROJECT_ROOT>\post_review_generalization_expansion_v1\06_g6_frozen_formal_execution\traces\VB2.json,9d5249b21b39b5ebeeb83dc9ab4b2f44045ddc0462418623b21c74fb574a8de1
